lang_key,translation_key,translation_text,verified,translated
en,PAYMENT,Payment,FALSE,FALSE
en,SAVE,Save,FALSE,FALSE
arb,SAVE,حفظ,FALSE,FALSE
arb,PAYMENT,دفعة,FALSE,FALSE
en,WALLET_AVAILABLE,Wallet Available,FALSE,FALSE
arb,WALLET_AVAILABLE,رصيد المحفظة متاح,FALSE,FALSE
en,DEBIT,Debit,FALSE,FALSE
arb,DEBIT,مدين,FALSE,FALSE
en,OTHER_PAYER,Other Payer,FALSE,FALSE
arb,OTHER_PAYER,دافع آخر,FALSE,FALSE
en,MANUAL_ADJUSTMENT,Manual Adjustment,FALSE,FALSE
arb,MANUAL_ADJUSTMENT,تسوية يدوية,FALSE,FALSE
en,ACTIVE,Active,FALSE,FALSE
arb,ACTIVE,نشط,FALSE,FALSE
en,PARTIALLY_REVERSED,Partially Reversed,FALSE,FALSE
arb,PARTIALLY_REVERSED,معكوس جزئيًا,FALSE,FALSE
en,REVERSED,Reversed,FALSE,FALSE
arb,REVERSED,معكوس,FALSE,FALSE
en,SERVICE_DELETED,Service Deleted,FALSE,FALSE
arb,SERVICE_DELETED,الخدمة محذوفة,FALSE,FALSE
en,QUANTITY_ZERO,Quantity Zero,FALSE,FALSE
arb,QUANTITY_ZERO,الكمية صفر,FALSE,FALSE
en,SERVICE_CANCELLED,Service Cancelled,FALSE,FALSE
arb,SERVICE_CANCELLED,الخدمة ملغاة,FALSE,FALSE
en,ORDER_CANCELLED,Order Cancelled,FALSE,FALSE
arb,ORDER_CANCELLED,الطلب ملغى,FALSE,FALSE
en,ENCOUNTER_CANCELLED,Encounter Cancelled,FALSE,FALSE
arb,ENCOUNTER_CANCELLED,الزيارة ملغاة,FALSE,FALSE
en,DUPLICATE_ENTRY,Duplicate Entry,FALSE,FALSE
arb,DUPLICATE_ENTRY,إدخال مكرر,FALSE,FALSE
en,CLINICAL_DECISION,Clinical Decision,FALSE,FALSE
arb,CLINICAL_DECISION,قرار سريري,FALSE,FALSE
en,MANUAL_CANCELLATION,Manual Cancellation,FALSE,FALSE
arb,MANUAL_CANCELLATION,إلغاء يدوي,FALSE,FALSE
en,DRAFT,Draft,FALSE,FALSE
arb,DRAFT,مسودة,FALSE,FALSE
en,OPEN,Open,FALSE,FALSE
arb,OPEN,مفتوح,FALSE,FALSE
en,RESERVED,Reserved,FALSE,FALSE
arb,RESERVED,محجوز,FALSE,FALSE
en,PARTIALLY_ALLOCATED,Partially Allocated,FALSE,FALSE
arb,PARTIALLY_ALLOCATED,مخصص جزئيًا,FALSE,FALSE
en,ALLOCATED,Allocated,FALSE,FALSE
arb,ALLOCATED,مخصص,FALSE,FALSE
en,CLOSED,Closed,FALSE,FALSE
arb,CLOSED,مغلق,FALSE,FALSE
en,FULLY_ALLOCATED,Fully Allocated,FALSE,FALSE
arb,FULLY_ALLOCATED,مخصص بالكامل,FALSE,FALSE
en,DIRECT,Direct,FALSE,FALSE
arb,DIRECT,مباشر,FALSE,FALSE
en,ADJUSTMENT,Adjustment,FALSE,FALSE
arb,ADJUSTMENT,تسوية,FALSE,FALSE
en,REVERSAL,Reversal,FALSE,FALSE
arb,REVERSAL,عكس القيد,FALSE,FALSE
en,SELF_PAY,Self Pay,FALSE,FALSE
arb,SELF_PAY,دفع ذاتي,FALSE,FALSE
en,INACTIVE,Inactive,FALSE,FALSE
arb,INACTIVE,غير نشط,FALSE,FALSE
en,BLOCKED,Blocked,FALSE,FALSE
arb,BLOCKED,محظور,FALSE,FALSE
en,EXPIRED,Expired,FALSE,FALSE
arb,EXPIRED,منتهي الصلاحية,FALSE,FALSE
en,PENDING,Pending,FALSE,FALSE
arb,PENDING,قيد الانتظار,FALSE,FALSE
en,FAILED,Failed,FALSE,FALSE
arb,FAILED,فشل,FALSE,FALSE
en,DEBIT_CREATED,Debit Created,FALSE,FALSE
arb,DEBIT_CREATED,تم إنشاء القيد المدين,FALSE,FALSE
en,DEBIT_SETTLEMENT,Debit Settlement,FALSE,FALSE
arb,DEBIT_SETTLEMENT,تسوية القيد المدين,FALSE,FALSE
en,PARTIAL_SETTLEMENT,Partial Settlement,FALSE,FALSE
arb,PARTIAL_SETTLEMENT,تسوية جزئية,FALSE,FALSE
en,DEBIT_REVERSAL,Debit Reversal,FALSE,FALSE
arb,DEBIT_REVERSAL,عكس القيد المدين,FALSE,FALSE
en,SETTLEMENT_REVERSAL,Settlement Reversal,FALSE,FALSE
arb,SETTLEMENT_REVERSAL,عكس التسوية,FALSE,FALSE
en,WRITE_OFF,Write Off,FALSE,FALSE
arb,WRITE_OFF,شطب,FALSE,FALSE
en,ENCOUNTER_CREATED,Encounter Created,FALSE,FALSE
arb,ENCOUNTER_CREATED,تم إنشاء الزيارة,FALSE,FALSE
en,TREATMENT_STARTED,Treatment Started,FALSE,FALSE
arb,TREATMENT_STARTED,بدأ العلاج,FALSE,FALSE
en,ITEM_ORDERED,Item Ordered,FALSE,FALSE
arb,ITEM_ORDERED,تم طلب الصنف,FALSE,FALSE
en,ITEM_DISPENSED,Item Dispensed,FALSE,FALSE
arb,ITEM_DISPENSED,تم صرف الصنف,FALSE,FALSE
en,SERVICE_COMPLETED,Service Completed,FALSE,FALSE
arb,SERVICE_COMPLETED,اكتملت الخدمة,FALSE,FALSE
en,ITEM_UPDATED,Item Updated,FALSE,FALSE
arb,ITEM_UPDATED,تم تحديث الصنف,FALSE,FALSE
en,ITEM_CANCELLED,Item Cancelled,FALSE,FALSE
arb,ITEM_CANCELLED,تم إلغاء الصنف,FALSE,FALSE
en,CHECKOUT,Checkout,FALSE,FALSE
arb,CHECKOUT,إتمام الخروج,FALSE,FALSE
en,MANUAL,Manual,FALSE,FALSE
arb,MANUAL,يدوي,FALSE,FALSE
en,PAID,Paid,FALSE,FALSE
arb,PAID,مدفوع,FALSE,FALSE
en,PARTIAL,Partial,FALSE,FALSE
arb,PARTIAL,جزئي,FALSE,FALSE
en,PATHOLOGY,Pathology,FALSE,FALSE
arb,PATHOLOGY,علم الأمراض,FALSE,FALSE
en,SERVICE,Service,FALSE,FALSE
arb,SERVICE,خدمة,FALSE,FALSE
en,BUSINESS,Business,FALSE,FALSE
arb,BUSINESS,تجاري,FALSE,FALSE
en,CREDIT,Credit,FALSE,FALSE
arb,CREDIT,دائن,FALSE,FALSE
en,WALLET,Wallet,FALSE,FALSE
arb,WALLET,محفظة,FALSE,FALSE
en,CHARGE,Charge,FALSE,FALSE
arb,CHARGE,رسوم,FALSE,FALSE
en,ALLOCATION,Allocation,FALSE,FALSE
arb,ALLOCATION,تخصيص,FALSE,FALSE
en,DEBIT_ACCOUNT,Debit Account,FALSE,FALSE
arb,DEBIT_ACCOUNT,الحساب المدين,FALSE,FALSE
en,BILLING_ENGINE,Billing Engine,FALSE,FALSE
arb,BILLING_ENGINE,محرك الفوترة,FALSE,FALSE
en,CASHIER,Cashier,FALSE,FALSE
arb,CASHIER,أمين الصندوق,FALSE,FALSE
en,PATIENT_PORTAL,Patient Portal,FALSE,FALSE
arb,PATIENT_PORTAL,بوابة المريض,FALSE,FALSE
en,API,API,FALSE,FALSE
arb,API,واجهة برمجة التطبيقات,FALSE,FALSE
en,PAYMENT_CREDITED,Payment Credited,FALSE,FALSE
arb,PAYMENT_CREDITED,تم إضافة الدفعة,FALSE,FALSE
en,PAYMENT_CANCELLED,Payment Cancelled,FALSE,FALSE
arb,PAYMENT_CANCELLED,تم إلغاء الدفعة,FALSE,FALSE
en,PAYMENT_REFUNDED,Payment Refunded,FALSE,FALSE
arb,PAYMENT_REFUNDED,تم استرداد الدفعة,FALSE,FALSE
en,WALLET_CREDITED,Wallet Credited,FALSE,FALSE
arb,WALLET_CREDITED,تم إضافة الرصيد إلى المحفظة,FALSE,FALSE
en,WALLET_RESERVED,Wallet Reserved,FALSE,FALSE
arb,WALLET_RESERVED,تم حجز رصيد من المحفظة,FALSE,FALSE
en,WALLET_AVAILABLE_CONSUMED,Wallet Available Consumed,FALSE,FALSE
arb,WALLET_AVAILABLE_CONSUMED,تم استخدام الرصيد المتاح في المحفظة,FALSE,FALSE
en,RESERVATION_CONSUMED,Reservation Consumed,FALSE,FALSE
arb,RESERVATION_CONSUMED,تم استخدام المبلغ المحجوز,FALSE,FALSE
en,RESERVATION_RELEASED,Reservation Released,FALSE,FALSE
arb,RESERVATION_RELEASED,تم تحرير المبلغ المحجوز,FALSE,FALSE
en,CHARGE_CREATED,Charge Created,FALSE,FALSE
arb,CHARGE_CREATED,تم إنشاء الرسوم,FALSE,FALSE
en,CHARGE_CONFIRMED,Charge Confirmed,FALSE,FALSE
arb,CHARGE_CONFIRMED,تم تأكيد الرسوم,FALSE,FALSE
en,CHARGE_ALLOCATED,Charge Allocated,FALSE,FALSE
arb,CHARGE_ALLOCATED,تم تخصيص الرسوم,FALSE,FALSE
en,ALLOCATION_CREATED,Allocation Created,FALSE,FALSE
arb,ALLOCATION_CREATED,تم إنشاء التخصيص,FALSE,FALSE
en,ALLOCATION_REVERSED,Allocation Reversed,FALSE,FALSE
arb,ALLOCATION_REVERSED,تم عكس التخصيص,FALSE,FALSE
en,DEBIT_SETTLED,Debit Settled,FALSE,FALSE
arb,DEBIT_SETTLED,تمت تسوية القيد المدين,FALSE,FALSE
en,DEBIT_REVERSED,Debit Reversed,FALSE,FALSE
arb,DEBIT_REVERSED,تم عكس القيد المدين,FALSE,FALSE
en,REFUND_REQUESTED,Refund Requested,FALSE,FALSE
arb,REFUND_REQUESTED,تم طلب استرداد المبلغ,FALSE,FALSE
en,REFUND_COMPLETED,Refund Completed,FALSE,FALSE
arb,REFUND_COMPLETED,اكتملت عملية الاسترداد,FALSE,FALSE
en,REFUND_REVERSED,Refund Reversed,FALSE,FALSE
arb,REFUND_REVERSED,تم عكس الاسترداد,FALSE,FALSE
en,PROCESSING,Processing,FALSE,FALSE
arb,PROCESSING,قيد المعالجة,FALSE,FALSE
en,REFUNDED,Refunded,FALSE,FALSE
arb,REFUNDED,تم استرداد المبلغ,FALSE,FALSE
en,SUCCESS,Success,FALSE,FALSE
arb,SUCCESS,نجاح,FALSE,FALSE
en,AUTHORIZATION,Authorization,FALSE,FALSE
arb,AUTHORIZATION,تفويض,FALSE,FALSE
en,CAPTURE,Capture,FALSE,FALSE
arb,CAPTURE,تحصيل,FALSE,FALSE
en,VOID,Void,FALSE,FALSE
arb,VOID,إلغاء,FALSE,FALSE
en,SETUP_FALLBACK,Setup Fallback,FALSE,FALSE
arb,SETUP_FALLBACK,الإعداد الاحتياطي,FALSE,FALSE
en,SUPERSEDED,Superseded,FALSE,FALSE
arb,SUPERSEDED,تم استبداله,FALSE,FALSE
en,ORIGINAL_PAYMENT,Original Payment,FALSE,FALSE
arb,ORIGINAL_PAYMENT,الدفعة الأصلية,FALSE,FALSE
en,OVERPAYMENT,Overpayment,FALSE,FALSE
arb,OVERPAYMENT,دفعة زائدة,FALSE,FALSE
en,REQUESTED,Requested,FALSE,FALSE
arb,REQUESTED,تم الطلب,FALSE,FALSE
en,APPROVED,Approved,FALSE,FALSE
arb,APPROVED,تمت الموافقة,FALSE,FALSE
en,PARTIALLY_COMPLETED,Partially Completed,FALSE,FALSE
arb,PARTIALLY_COMPLETED,اكتمل جزئيًا,FALSE,FALSE
en,REJECTED,Rejected,FALSE,FALSE
arb,REJECTED,مرفوض,FALSE,FALSE
en,PARTIALLY_CONSUMED,Partially Consumed,FALSE,FALSE
arb,PARTIALLY_CONSUMED,مستهلك جزئيًا,FALSE,FALSE
en,CONSUMED,Consumed,FALSE,FALSE
arb,CONSUMED,مستهلك,FALSE,FALSE
en,PARTIALLY_RELEASED,Partially Released,FALSE,FALSE
arb,PARTIALLY_RELEASED,تم تحريره جزئيًا,FALSE,FALSE
en,RELEASED,Released,FALSE,FALSE
arb,RELEASED,تم تحريره,FALSE,FALSE
en,REPLACED,Replaced,FALSE,FALSE
arb,REPLACED,تم استبداله,FALSE,FALSE
en,CALCULATED,Calculated,FALSE,FALSE
arb,CALCULATED,تم احتسابه,FALSE,FALSE
en,PENDING_AUTHORIZATION,Pending Authorization,FALSE,FALSE
arb,PENDING_AUTHORIZATION,بانتظار التفويض,FALSE,FALSE
en,AUTHORIZED,Authorized,FALSE,FALSE
arb,AUTHORIZED,تم التفويض,FALSE,FALSE
en,CLAIM_SUBMITTED,Claim Submitted,FALSE,FALSE
arb,CLAIM_SUBMITTED,تم تقديم المطالبة,FALSE,FALSE
en,CLAIM_ACCEPTED,Claim Accepted,FALSE,FALSE
arb,CLAIM_ACCEPTED,تم قبول المطالبة,FALSE,FALSE
en,CLAIM_REJECTED,Claim Rejected,FALSE,FALSE
arb,CLAIM_REJECTED,تم رفض المطالبة,FALSE,FALSE
en,REMAINING_TO_PAY,Remaining To Pay,FALSE,FALSE
arb,REMAINING_TO_PAY,المبلغ المتبقي للدفع,FALSE,FALSE
en,LEDGER_DEBIT_AT_CHECKOUT,Ledger Debit At Checkout,FALSE,FALSE
arb,LEDGER_DEBIT_AT_CHECKOUT,القيد المدين عند إتمام الخروج,FALSE,FALSE
en,ORDERED,Ordered,FALSE,FALSE
arb,ORDERED,تم الطلب,FALSE,FALSE
en,DISPENSED,Dispensed,FALSE,FALSE
arb,DISPENSED,تم الصرف,FALSE,FALSE
en,DEBIT_NOTE,Debit Note,FALSE,FALSE
arb,DEBIT_NOTE,إشعار مدين,FALSE,FALSE
en,CASH,Cash,FALSE,FALSE
arb,CASH,نقدًا,FALSE,FALSE
en,SUSPENDED,Suspended,FALSE,FALSE
arb,SUSPENDED,موقوف,FALSE,FALSE
en,DISCOUNT_EXEMPTION_TAX,Discount Exemption Tax,FALSE,FALSE
arb,DISCOUNT_EXEMPTION_TAX,إعفاء ضريبي على الخصم,FALSE,FALSE
en,DISCOUNT_TAX_EXEMPTION,Discount Tax Exemption,FALSE,FALSE
arb,DISCOUNT_TAX_EXEMPTION,إعفاء ضريبي على الخصم,FALSE,FALSE
en,EXEMPTION_DISCOUNT_TAX,Exemption Discount Tax,FALSE,FALSE
arb,EXEMPTION_DISCOUNT_TAX,إعفاء ضريبي على الخصم,FALSE,FALSE
en,EXEMPTION_TAX_DISCOUNT,Exemption Tax Discount,FALSE,FALSE
arb,EXEMPTION_TAX_DISCOUNT,إعفاء ضريبي على الخصم,FALSE,FALSE
en,TAX_DISCOUNT_EXEMPTION,Tax Discount Exemption,FALSE,FALSE
arb,TAX_DISCOUNT_EXEMPTION,إعفاء ضريبي على الخصم,FALSE,FALSE
en,TAX_EXEMPTION_DISCOUNT,Tax Exemption Discount,FALSE,FALSE
arb,TAX_EXEMPTION_DISCOUNT,إعفاء ضريبي على الخصم,FALSE,FALSE
en,DISCOUNT_THEN_TAX,Discount Then Tax,FALSE,FALSE
arb,DISCOUNT_THEN_TAX,الخصم ثم الضريبة,FALSE,FALSE
en,TAX_THEN_DISCOUNT,Tax Then Discount,FALSE,FALSE
arb,TAX_THEN_DISCOUNT,الضريبة ثم الخصم,FALSE,FALSE
en,INVOICE_LINE,Invoice Line,FALSE,FALSE
arb,INVOICE_LINE,بند الفاتورة,FALSE,FALSE
en,PERCENTAGE,Percentage,FALSE,FALSE
arb,PERCENTAGE,نسبة مئوية,FALSE,FALSE
en,FIXED_AMOUNT,Fixed Amount,FALSE,FALSE
arb,FIXED_AMOUNT,مبلغ ثابت,FALSE,FALSE
en,FULL,Full,FALSE,FALSE
arb,FULL,كامل,FALSE,FALSE
en,CREDIT_NOTE,Credit Note,FALSE,FALSE
arb,CREDIT_NOTE,إشعار دائن,FALSE,FALSE
en,RECEIPT,Receipt,FALSE,FALSE
arb,RECEIPT,إيصال,FALSE,FALSE
en,FIXED,Fixed,FALSE,FALSE
arb,FIXED,ثابت,FALSE,FALSE
en,CORPORATE,Corporate,FALSE,FALSE
arb,CORPORATE,شركة,FALSE,FALSE
en,GOVERNMENT,Government,FALSE,FALSE
arb,GOVERNMENT,حكومي,FALSE,FALSE
en,THIRD_PARTY,Third Party,FALSE,FALSE
arb,THIRD_PARTY,طرف ثالث,FALSE,FALSE
en,CARD,Card,FALSE,FALSE
arb,CARD,بطاقة,FALSE,FALSE
en,BANK_TRANSFER,Bank Transfer,FALSE,FALSE
arb,BANK_TRANSFER,تحويل بنكي,FALSE,FALSE
en,CHEQUE,Cheque,FALSE,FALSE
arb,CHEQUE,شيك,FALSE,FALSE
en,ONLINE,Online,FALSE,FALSE
arb,ONLINE,إلكتروني,FALSE,FALSE
en,TRANSFER,Transfer,FALSE,FALSE
arb,TRANSFER,تحويل,FALSE,FALSE
en,MIXED,Mixed,FALSE,FALSE
arb,MIXED,مختلط,FALSE,FALSE
en,DEDUCT_FROM_FREE_BALANCE,Deduct From Free Balance,FALSE,FALSE
arb,DEDUCT_FROM_FREE_BALANCE,الخصم من الرصيد المجاني,FALSE,FALSE
en,DEPOSIT,Deposit,FALSE,FALSE
arb,DEPOSIT,إيداع,FALSE,FALSE
en,INSURANCE_PLAN,Insurance Plan,FALSE,FALSE
arb,INSURANCE_PLAN,خطة تأمين,FALSE,FALSE
en,TPA,Tpa,FALSE,FALSE
arb,TPA,طرف إداري ثالث,FALSE,FALSE
en,NGO,Ngo,FALSE,FALSE
arb,NGO,منظمة غير حكومية,FALSE,FALSE
en,CASH_CONTRACT,Cash Contract,FALSE,FALSE
arb,CASH_CONTRACT,عقد نقدي,FALSE,FALSE
en,CHARITY,Charity,FALSE,FALSE
arb,CHARITY,خيري,FALSE,FALSE
en,GENERAL_PLAN,General Plan,FALSE,FALSE
arb,GENERAL_PLAN,خطة عامة,FALSE,FALSE
en,PREMIUM,Premium,FALSE,FALSE
arb,PREMIUM,تأمين شامل,FALSE,FALSE
en,MATERNITY,Maternity,FALSE,FALSE
arb,MATERNITY,أمومة,FALSE,FALSE
en,DENTAL,Dental,FALSE,FALSE
arb,DENTAL,أسنان,FALSE,FALSE
en,VISIT_TIME,Visit Time,FALSE,FALSE
arb,VISIT_TIME,وقت الزيارة,FALSE,FALSE
en,AGE_CATEGORY,Age Category,FALSE,FALSE
arb,AGE_CATEGORY,الفئة العمرية,FALSE,FALSE
en,ENCOUNTER_PRIORITY,Encounter Priority,FALSE,FALSE
arb,ENCOUNTER_PRIORITY,أولوية الزيارة,FALSE,FALSE
en,BED_CLASS,Bed Class,FALSE,FALSE
arb,BED_CLASS,فئة السرير,FALSE,FALSE
en,PACKAGE,Package,FALSE,FALSE
arb,PACKAGE,حزمة,FALSE,FALSE
en,DRG,Drg,FALSE,FALSE
arb,DRG,مجموعة التشخيصات ذات الصلة,FALSE,FALSE
en,CAMPAIGN,Campaign,FALSE,FALSE
arb,CAMPAIGN,حملة,FALSE,FALSE
en,STAFF_VIP,Staff Vip,FALSE,FALSE
arb,STAFF_VIP,كبار موظفي VIP,FALSE,FALSE
en,INITIAL_PRICING,Initial Pricing,FALSE,FALSE
arb,INITIAL_PRICING,التسعير الأولي,FALSE,FALSE
en,PRICE_LIST_CHANGE,Price List Change,FALSE,FALSE
arb,PRICE_LIST_CHANGE,تغيير قائمة الأسعار,FALSE,FALSE
en,QUANTITY_CHANGE,Quantity Change,FALSE,FALSE
arb,QUANTITY_CHANGE,تغيير الكمية,FALSE,FALSE
en,DISCOUNT_APPLIED,Discount Applied,FALSE,FALSE
arb,DISCOUNT_APPLIED,تم تطبيق الخصم,FALSE,FALSE
en,DISCOUNT_REMOVED,Discount Removed,FALSE,FALSE
arb,DISCOUNT_REMOVED,تمت إزالة الخصم,FALSE,FALSE
en,EXEMPTION_APPLIED,Exemption Applied,FALSE,FALSE
arb,EXEMPTION_APPLIED,تم تطبيق الإعفاء,FALSE,FALSE
en,EXEMPTION_REMOVED,Exemption Removed,FALSE,FALSE
arb,EXEMPTION_REMOVED,تمت إزالة الإعفاء,FALSE,FALSE
en,TAX_CHANGE,Tax Change,FALSE,FALSE
arb,TAX_CHANGE,تغيير الضريبة,FALSE,FALSE
en,INSURANCE_CHANGE,Insurance Change,FALSE,FALSE
arb,INSURANCE_CHANGE,تغيير التأمين,FALSE,FALSE
en,RESPONSIBILITY_CHANGE,Responsibility Change,FALSE,FALSE
arb,RESPONSIBILITY_CHANGE,تغيير المسؤولية المالية,FALSE,FALSE
en,MANUAL_OVERRIDE,Manual Override,FALSE,FALSE
arb,MANUAL_OVERRIDE,تجاوز يدوي,FALSE,FALSE
en,RECALCULATION,Recalculation,FALSE,FALSE
arb,RECALCULATION,إعادة احتساب,FALSE,FALSE
en,CORRECTION,Correction,FALSE,FALSE
arb,CORRECTION,تصحيح,FALSE,FALSE
en,DEFAULT_ITEM_PRICE,Default Item Price,FALSE,FALSE
arb,DEFAULT_ITEM_PRICE,السعر الافتراضي للصنف,FALSE,FALSE
en,INSURANCE_PRICE_LIST,Insurance Price List,FALSE,FALSE
arb,INSURANCE_PRICE_LIST,قائمة أسعار التأمين,FALSE,FALSE
en,CASH_PRICE_LIST,Cash Price List,FALSE,FALSE
arb,CASH_PRICE_LIST,قائمة الأسعار النقدية,FALSE,FALSE
en,MIGRATION,Migration,FALSE,FALSE
arb,MIGRATION,ترحيل البيانات,FALSE,FALSE
en,READY,Ready,FALSE,FALSE
arb,READY,جاهز,FALSE,FALSE
en,NOT_STARTED,Not Started,FALSE,FALSE
arb,NOT_STARTED,لم يبدأ,FALSE,FALSE
en,IN_PROGRESS,In Progress,FALSE,FALSE
arb,IN_PROGRESS,قيد التنفيذ,FALSE,FALSE
en,DELAYED,Delayed,FALSE,FALSE
arb,DELAYED,متأخر,FALSE,FALSE
en,CHARGE_CANCELLED,Charge Cancelled,FALSE,FALSE
arb,CHARGE_CANCELLED,تم إلغاء الرسوم,FALSE,FALSE
en,RESERVATION_EXPIRED,Reservation Expired,FALSE,FALSE
arb,RESERVATION_EXPIRED,انتهت صلاحية الحجز,FALSE,FALSE
en,AMOUNT_REDUCED,Amount Reduced,FALSE,FALSE
arb,AMOUNT_REDUCED,تم تخفيض المبلغ,FALSE,FALSE
en,MANUAL_RELEASE,Manual Release,FALSE,FALSE
arb,MANUAL_RELEASE,تحرير يدوي,FALSE,FALSE
en,PRIMARY,Primary,FALSE,FALSE
arb,PRIMARY,أساسي,FALSE,FALSE
en,SECONDARY,Secondary,FALSE,FALSE
arb,SECONDARY,ثانوي,FALSE,FALSE
en,TERTIARY,Tertiary,FALSE,FALSE
arb,TERTIARY,ثالثي,FALSE,FALSE
en,GUARANTOR,Guarantor,FALSE,FALSE
arb,GUARANTOR,الضامن,FALSE,FALSE
en,UP,Up,FALSE,FALSE
arb,UP,أعلى,FALSE,FALSE
en,DOWN,Down,FALSE,FALSE
arb,DOWN,أسفل,FALSE,FALSE
en,CEILING,Ceiling,FALSE,FALSE
arb,CEILING,الحد الأعلى,FALSE,FALSE
en,HALF_UP,Half Up,FALSE,FALSE
arb,HALF_UP,تقريب لأعلى عند النصف,FALSE,FALSE
en,HALF_DOWN,Half Down,FALSE,FALSE
arb,HALF_DOWN,تقريب لأسفل عند النصف,FALSE,FALSE
en,HALF_EVEN,Half Even,FALSE,FALSE
arb,HALF_EVEN,تقريب إلى العدد الزوجي عند النصف,FALSE,FALSE
en,UNNECESSARY,Unnecessary,FALSE,FALSE
arb,UNNECESSARY,غير ضروري,FALSE,FALSE
en,EXEMPT,Exempt,FALSE,FALSE
arb,EXEMPT,معفى,FALSE,FALSE
en,AVAILABLE,Available,FALSE,FALSE
arb,AVAILABLE,متاح,FALSE,FALSE
en,OUT_OF_STOCK,Out Of Stock,FALSE,FALSE
arb,OUT_OF_STOCK,غير متوفر في المخزون,FALSE,FALSE
en,LOT,Lot,FALSE,FALSE
arb,LOT,دفعة,FALSE,FALSE
en,SERIAL,Serial,FALSE,FALSE
arb,SERIAL,رقم تسلسلي,FALSE,FALSE
en,BLOOD,Blood,FALSE,FALSE
arb,BLOOD,دم,FALSE,FALSE
en,REAGENT,Reagent,FALSE,FALSE
arb,REAGENT,كاشف مخبري,FALSE,FALSE
en,CONTRAST,Contrast,FALSE,FALSE
arb,CONTRAST,مادة تباين,FALSE,FALSE
en,FLUID,Fluid,FALSE,FALSE
arb,FLUID,سائل,FALSE,FALSE
en,NEW_PURCHASE,New Purchase,FALSE,FALSE
arb,NEW_PURCHASE,شراء جديد,FALSE,FALSE
en,OPENING_BALANCE,Opening Balance,FALSE,FALSE
arb,OPENING_BALANCE,الرصيد الافتتاحي,FALSE,FALSE
en,RETURN_FROM_DEPARTMENT,Return From Department,FALSE,FALSE
arb,RETURN_FROM_DEPARTMENT,مرتجع من القسم,FALSE,FALSE
en,MANUAL_CORRECTION,Manual Correction,FALSE,FALSE
arb,MANUAL_CORRECTION,تصحيح يدوي,FALSE,FALSE
en,DONATION,Donation,FALSE,FALSE
arb,DONATION,تبرع,FALSE,FALSE
en,MANUFACTURING_OUTPUT,Manufacturing Output,FALSE,FALSE
arb,MANUFACTURING_OUTPUT,ناتج التصنيع,FALSE,FALSE
en,INTERNAL_TRANSFER,Internal Transfer,FALSE,FALSE
arb,INTERNAL_TRANSFER,نقل داخلي,FALSE,FALSE
en,DISPENSED_TO_PATIENT,Dispensed To Patient,FALSE,FALSE
arb,DISPENSED_TO_PATIENT,تم صرفه للمريض,FALSE,FALSE
en,INTERNAL_DEPARTMENT_USE,Internal Department Use,FALSE,FALSE
arb,INTERNAL_DEPARTMENT_USE,استخدام داخلي للقسم,FALSE,FALSE
en,WASTE_OR_EXPIRED,Waste Or Expired,FALSE,FALSE
arb,WASTE_OR_EXPIRED,تالف أو منتهي الصلاحية,FALSE,FALSE
en,LOST,Lost,FALSE,FALSE
arb,LOST,مفقود,FALSE,FALSE
en,RETURN_TO_VENDOR,Return To Vendor,FALSE,FALSE
arb,RETURN_TO_VENDOR,إرجاع إلى المورد,FALSE,FALSE
en,TRANSFERRED_TO_ANOTHER_WAREHOUSE,Transferred To Another Warehouse,FALSE,FALSE
arb,TRANSFERRED_TO_ANOTHER_WAREHOUSE,تم نقله إلى مستودع آخر,FALSE,FALSE
en,STOCK_IN,Stock In,FALSE,FALSE
arb,STOCK_IN,إدخال إلى المخزون,FALSE,FALSE
en,STOCK_OUT,Stock Out,FALSE,FALSE
arb,STOCK_OUT,إخراج من المخزون,FALSE,FALSE
en,APPOINTMENT_CONFIRMATION,Appointment Confirmation,FALSE,FALSE
arb,APPOINTMENT_CONFIRMATION,تأكيد الموعد,FALSE,FALSE
en,AUTHENTICATION,Authentication,FALSE,FALSE
arb,AUTHENTICATION,مصادقة,FALSE,FALSE
en,QUICK_APPOINTMENT,Quick Appointment,FALSE,FALSE
arb,QUICK_APPOINTMENT,موعد سريع,FALSE,FALSE
en,APPOINTMENT_RESCHEDULE,Appointment Reschedule,FALSE,FALSE
arb,APPOINTMENT_RESCHEDULE,إعادة جدولة الموعد,FALSE,FALSE
en,APPOINTMENT_CANCELLATION,Appointment Cancellation,FALSE,FALSE
arb,APPOINTMENT_CANCELLATION,إلغاء الموعد,FALSE,FALSE
en,MEDICAL_WARNING,Medical Warning,FALSE,FALSE
arb,MEDICAL_WARNING,تحذير طبي,FALSE,FALSE
en,HIGH_ALERT_MEDICATION,High Alert Medication,FALSE,FALSE
arb,HIGH_ALERT_MEDICATION,دواء عالي الخطورة,FALSE,FALSE
en,URGENT_ORDER,Urgent Order,FALSE,FALSE
arb,URGENT_ORDER,طلب عاجل,FALSE,FALSE
en,CONSULTATION_CREATED,Consultation Created,FALSE,FALSE
arb,CONSULTATION_CREATED,تم إنشاء الاستشارة,FALSE,FALSE
en,CONSULTATION_REJECTED,Consultation Rejected,FALSE,FALSE
arb,CONSULTATION_REJECTED,تم رفض الاستشارة,FALSE,FALSE
en,CONSULTATION_SUBMITTED,Consultation Submitted,FALSE,FALSE
arb,CONSULTATION_SUBMITTED,تم تقديم الاستشارة,FALSE,FALSE
en,TEMPLATE_INTERVAL,Template Interval,FALSE,FALSE
arb,TEMPLATE_INTERVAL,الفاصل الزمني للقالب,FALSE,FALSE
en,PATIENT_MERGE,Patient Merge,FALSE,FALSE
arb,PATIENT_MERGE,دمج المرضى,FALSE,FALSE
en,CRITICAL_LABORATORY_RESULT,Critical Laboratory Result,FALSE,FALSE
arb,CRITICAL_LABORATORY_RESULT,نتيجة مخبرية حرجة,FALSE,FALSE
en,EMERGENCY_ALERT,Emergency Alert,FALSE,FALSE
arb,EMERGENCY_ALERT,تنبيه طارئ,FALSE,FALSE
en,URGENT_CARE_MEDICATION_ORDER,Urgent Care Medication Order,FALSE,FALSE
arb,URGENT_CARE_MEDICATION_ORDER,طلب دواء للرعاية العاجلة,FALSE,FALSE
en,PATIENT_WELCOME,Patient Welcome,FALSE,FALSE
arb,PATIENT_WELCOME,ترحيب بالمريض,FALSE,FALSE
en,APPOINTMENT_BOOKED,Appointment Booked,FALSE,FALSE
arb,APPOINTMENT_BOOKED,تم حجز الموعد,FALSE,FALSE
en,ENCOUNTER_CLOSED,Encounter Closed,FALSE,FALSE
arb,ENCOUNTER_CLOSED,تم إغلاق الزيارة,FALSE,FALSE
en,APPOINTMENT_REQUEST_CREATED,Appointment Request Created,FALSE,FALSE
arb,APPOINTMENT_REQUEST_CREATED,تم إنشاء طلب الموعد,FALSE,FALSE
en,APPOINTMENT_REQUEST_APPROVED,Appointment Request Approved,FALSE,FALSE
arb,APPOINTMENT_REQUEST_APPROVED,تمت الموافقة على طلب الموعد,FALSE,FALSE
en,OTP_AUTHENTICATION,OTP Authentication,FALSE,FALSE
arb,OTP_AUTHENTICATION,المصادقة باستخدام رمز التحقق لمرة واحدة,FALSE,FALSE
en,APPOINTMENT_RESCHEDULED_BY_PATIENT,Appointment Rescheduled By Patient,FALSE,FALSE
arb,APPOINTMENT_RESCHEDULED_BY_PATIENT,تمت إعادة جدولة الموعد بواسطة المريض,FALSE,FALSE
en,SMS,Sms,FALSE,FALSE
arb,SMS,رسالة نصية,FALSE,FALSE
en,IN_APP,In App,FALSE,FALSE
arb,IN_APP,داخل التطبيق,FALSE,FALSE
en,WHATSAPP,Whatsapp,FALSE,FALSE
arb,WHATSAPP,واتساب,FALSE,FALSE
en,PUSH,Push,FALSE,FALSE
arb,PUSH,إشعار فوري,FALSE,FALSE
en,PATIENT_CREATE_PASSWORD,Patient Create Password,FALSE,FALSE
arb,PATIENT_CREATE_PASSWORD,إنشاء كلمة مرور للمريض,FALSE,FALSE
en,NEW_REFERRAL_REQUEST_ARRIVED,New Referral Request Arrived,FALSE,FALSE
arb,NEW_REFERRAL_REQUEST_ARRIVED,وصل طلب إحالة جديد,FALSE,FALSE
en,PATIENT_MERGE_COMPLETED,Patient Merge Completed,FALSE,FALSE
arb,PATIENT_MERGE_COMPLETED,اكتمل دمج المريض,FALSE,FALSE
en,PATIENT_PORTAL_OTP,Patient Portal OTP,FALSE,FALSE
arb,PATIENT_PORTAL_OTP,رمز التحقق لمرة واحدة لبوابة المريض,FALSE,FALSE
en,APPOINTMENT_CANCELLED,Appointment Cancelled,FALSE,FALSE
arb,APPOINTMENT_CANCELLED,تم إلغاء الموعد,FALSE,FALSE
en,APPOINTMENT_RESCHEDULED,Appointment Rescheduled,FALSE,FALSE
arb,APPOINTMENT_RESCHEDULED,تمت إعادة جدولة الموعد,FALSE,FALSE
en,QUICK_APPOINTMENT_CREATED,Quick Appointment Created,FALSE,FALSE
arb,QUICK_APPOINTMENT_CREATED,تم إنشاء الموعد السريع,FALSE,FALSE
en,TEMPLATE_INTERVAL_ENDED,Template Interval Ended,FALSE,FALSE
arb,TEMPLATE_INTERVAL_ENDED,انتهى الفاصل الزمني للقالب,FALSE,FALSE
en,APPOINTMENT_CONFIRMED,Appointment Confirmed,FALSE,FALSE
arb,APPOINTMENT_CONFIRMED,تم تأكيد الموعد,FALSE,FALSE
en,MEDICAL_WARNING_SEVERE_CRITICAL,Medical Warning Severe Critical,FALSE,FALSE
arb,MEDICAL_WARNING_SEVERE_CRITICAL,تحذير طبي شديد أو حرج,FALSE,FALSE
en,PAIN_LEVEL_SEVERE,Pain Level Severe,FALSE,FALSE
arb,PAIN_LEVEL_SEVERE,مستوى الألم شديد,FALSE,FALSE
en,PRESCRIPTION_HIGH_ALERT_MEDICATION_SUBMITTED,Prescription High Alert Medication Submitted,FALSE,FALSE
arb,PRESCRIPTION_HIGH_ALERT_MEDICATION_SUBMITTED,تم تقديم وصفة دوائية عالية الخطورة,FALSE,FALSE
en,URGENT_DIAGNOSTIC_ORDER_SUBMITTED,Urgent Diagnostic Order Submitted,FALSE,FALSE
arb,URGENT_DIAGNOSTIC_ORDER_SUBMITTED,تم تقديم طلب تشخيص عاجل,FALSE,FALSE
en,DIAGNOSTIC_LAB_ABNORMAL_RESULT_READY,Diagnostic Lab Abnormal Result Ready,FALSE,FALSE
arb,DIAGNOSTIC_LAB_ABNORMAL_RESULT_READY,نتيجة مخبرية تشخيصية غير طبيعية جاهزة,FALSE,FALSE
en,RADIOLOGY_SEVERE_RESULT_READY,Radiology Severe Result Ready,FALSE,FALSE
arb,RADIOLOGY_SEVERE_RESULT_READY,نتيجة أشعة شديدة الخطورة جاهزة,FALSE,FALSE
en,EMERGENCY_RESUSCITATION_ALERT,Emergency Resuscitation Alert,FALSE,FALSE
arb,EMERGENCY_RESUSCITATION_ALERT,تنبيه إنعاش طارئ,FALSE,FALSE
en,PRACTITIONER_URGENT_CONSULTATION_CREATED,Practitioner Urgent Consultation Created,FALSE,FALSE
arb,PRACTITIONER_URGENT_CONSULTATION_CREATED,تم إنشاء استشارة عاجلة للممارس الصحي,FALSE,FALSE
en,DEPARTMENT_URGENT_CONSULTATION_CREATED,Department Urgent Consultation Created,FALSE,FALSE
arb,DEPARTMENT_URGENT_CONSULTATION_CREATED,تم إنشاء استشارة عاجلة للقسم,FALSE,FALSE
en,URGENT_CARE_MEDICATION_ORDER_CREATED,Urgent Care Medication Order Created,FALSE,FALSE
arb,URGENT_CARE_MEDICATION_ORDER_CREATED,تم إنشاء طلب دواء للرعاية العاجلة,FALSE,FALSE
en,ANDROID,Android,FALSE,FALSE
arb,ANDROID,أندرويد,FALSE,FALSE
en,IOS,Ios,FALSE,FALSE
arb,IOS,آي أو إس,FALSE,FALSE
en,APPOINTMENT,Appointment,FALSE,FALSE
arb,APPOINTMENT,موعد,FALSE,FALSE
en,REFERRAL,Referral,FALSE,FALSE
arb,REFERRAL,إحالة,FALSE,FALSE
en,URGENT_CARE,Urgent Care,FALSE,FALSE
arb,URGENT_CARE,رعاية عاجلة,FALSE,FALSE
en,CRITICAL,Critical,FALSE,FALSE
arb,CRITICAL,حرج,FALSE,FALSE
en,SENT,Sent,FALSE,FALSE
arb,SENT,تم الإرسال,FALSE,FALSE
en,DELIVERED,Delivered,FALSE,FALSE
arb,DELIVERED,تم التسليم,FALSE,FALSE
en,READ,Read,FALSE,FALSE
arb,READ,تمت القراءة,FALSE,FALSE
en,PATIENT_EMAIL,Patient Email,FALSE,FALSE
arb,PATIENT_EMAIL,البريد الإلكتروني للمريض,FALSE,FALSE
en,PATIENT_PHONE,Patient Phone,FALSE,FALSE
arb,PATIENT_PHONE,هاتف المريض,FALSE,FALSE
en,PATIENT_USER,Patient User,FALSE,FALSE
arb,PATIENT_USER,حساب المريض,FALSE,FALSE
en,PRACTITIONER_EMAIL,Practitioner Email,FALSE,FALSE
arb,PRACTITIONER_EMAIL,البريد الإلكتروني للممارس الصحي,FALSE,FALSE
en,PRACTITIONER_PHONE,Practitioner Phone,FALSE,FALSE
arb,PRACTITIONER_PHONE,هاتف الممارس الصحي,FALSE,FALSE
en,PRACTITIONER_USER,Practitioner User,FALSE,FALSE
arb,PRACTITIONER_USER,حساب الممارس الصحي,FALSE,FALSE
en,DEPARTMENT_USERS,Department Users,FALSE,FALSE
arb,DEPARTMENT_USERS,مستخدمو القسم,FALSE,FALSE
en,PHYSICIAN_DEPARTMENT_USERS,Physician Department Users,FALSE,FALSE
arb,PHYSICIAN_DEPARTMENT_USERS,مستخدمو قسم الأطباء,FALSE,FALSE
en,NURSE_DEPARTMENT_USERS,Nurse Department Users,FALSE,FALSE
arb,NURSE_DEPARTMENT_USERS,مستخدمو قسم التمريض,FALSE,FALSE
en,CURRENT_USER,Current User,FALSE,FALSE
arb,CURRENT_USER,المستخدم الحالي,FALSE,FALSE
en,CURRENT_USER_PHONE,Current User Phone,FALSE,FALSE
arb,CURRENT_USER_PHONE,هاتف المستخدم الحالي,FALSE,FALSE
en,CREATED_BY_USER,Created By User,FALSE,FALSE
arb,CREATED_BY_USER,المستخدم الذي أنشأ السجل,FALSE,FALSE
en,CREATED_BY_USER_PHONE,Created By User Phone,FALSE,FALSE
arb,CREATED_BY_USER_PHONE,هاتف المستخدم الذي أنشأ السجل,FALSE,FALSE
en,DATA,Data,FALSE,FALSE
arb,DATA,بيانات,FALSE,FALSE
en,STATIC,Static,FALSE,FALSE
arb,STATIC,ثابت,FALSE,FALSE
en,QUICK_REPLY,Quick Reply,FALSE,FALSE
arb,QUICK_REPLY,رد سريع,FALSE,FALSE
en,URL,URL,FALSE,FALSE
arb,URL,رابط,FALSE,FALSE
en,COPY_CODE,Copy Code,FALSE,FALSE
arb,COPY_CODE,نسخ الرمز,FALSE,FALSE
en,FLOW,Flow,FALSE,FALSE
arb,FLOW,مسار العمل,FALSE,FALSE
en,TEXT,Text,FALSE,FALSE
arb,TEXT,نص,FALSE,FALSE
en,EN,En,FALSE,FALSE
arb,EN,الإنجليزية,FALSE,FALSE
en,AR,Ar,FALSE,FALSE
arb,AR,العربية,FALSE,FALSE
en,MARKETING,Marketing,FALSE,FALSE
arb,MARKETING,تسويق,FALSE,FALSE
en,UTILITY,Utility,FALSE,FALSE
arb,UTILITY,خدمي,FALSE,FALSE
en,WALK_IN,Walk In,FALSE,FALSE
arb,WALK_IN,مراجع دون موعد,FALSE,FALSE
en,BOOKED,Booked,FALSE,FALSE
arb,BOOKED,محجوز,FALSE,FALSE
en,IN_SERVICE,In Service,FALSE,FALSE
arb,IN_SERVICE,قيد تقديم الخدمة,FALSE,FALSE
en,RESCHEDULED,Rescheduled,FALSE,FALSE
arb,RESCHEDULED,تمت إعادة الجدولة,FALSE,FALSE
en,SPECIFIC_RESOURCE,Specific Resource,FALSE,FALSE
arb,SPECIFIC_RESOURCE,مورد محدد,FALSE,FALSE
en,ALERT,Alert,FALSE,FALSE
arb,ALERT,تنبيه,FALSE,FALSE
en,AWAKE,Awake,FALSE,FALSE
arb,AWAKE,يقظ,FALSE,FALSE
en,DROWSY,Drowsy,FALSE,FALSE
arb,DROWSY,نعسان,FALSE,FALSE
en,DIFFICULT_TO_ARISE,Difficult To Arise,FALSE,FALSE
arb,DIFFICULT_TO_ARISE,صعب الإيقاظ,FALSE,FALSE
en,UNRESPONSIVE,Unresponsive,FALSE,FALSE
arb,UNRESPONSIVE,غير مستجيب,FALSE,FALSE
en,SLOT,Slot,FALSE,FALSE
arb,SLOT,فترة زمنية,FALSE,FALSE
en,QUICK,Quick,FALSE,FALSE
arb,QUICK,سريع,FALSE,FALSE
en,BUFFER,Buffer,FALSE,FALSE
arb,BUFFER,فترة سماح,FALSE,FALSE
en,ROUTINE,Routine,FALSE,FALSE
arb,ROUTINE,روتيني,FALSE,FALSE
en,DISCHARGED_TO_HOME,Discharged To Home,FALSE,FALSE
arb,DISCHARGED_TO_HOME,تم تخريجه إلى المنزل,FALSE,FALSE
en,TRANSFERRED_TO_ANOTHER_FACILITY,Transferred To Another Facility,FALSE,FALSE
arb,TRANSFERRED_TO_ANOTHER_FACILITY,تم نقله إلى منشأة أخرى,FALSE,FALSE
en,LEFT_AGAINST_MEDICAL_ADVICE,Left Against Medical Advice,FALSE,FALSE
arb,LEFT_AGAINST_MEDICAL_ADVICE,غادر خلافًا للنصيحة الطبية,FALSE,FALSE
en,DECEASED,Deceased,FALSE,FALSE
arb,DECEASED,متوفى,FALSE,FALSE
en,LEFT_WITHOUT_BEING_SEEN,Left Without Being Seen,FALSE,FALSE
arb,LEFT_WITHOUT_BEING_SEEN,غادر دون أن تتم معاينته,FALSE,FALSE
en,NATIONAL_ID,National ID,FALSE,FALSE
arb,NATIONAL_ID,الهوية الوطنية,FALSE,FALSE
en,NO_DOCUMENT,No Document,FALSE,FALSE
arb,NO_DOCUMENT,لا توجد وثيقة,FALSE,FALSE
en,PASSPORT,Passport,FALSE,FALSE
arb,PASSPORT,جواز السفر,FALSE,FALSE
en,SOCIAL_CARD,Social Card,FALSE,FALSE
arb,SOCIAL_CARD,البطاقة الاجتماعية,FALSE,FALSE
en,DRIVING_LICENSE,Driving License,FALSE,FALSE
arb,DRIVING_LICENSE,رخصة القيادة,FALSE,FALSE
en,IQAMA,Iqama,FALSE,FALSE
arb,IQAMA,الإقامة,FALSE,FALSE
en,BORDER_NUMBER,Border Number,FALSE,FALSE
arb,BORDER_NUMBER,رقم الحدود,FALSE,FALSE
en,LESS_URGENT,Less Urgent,FALSE,FALSE
arb,LESS_URGENT,أقل إلحاحًا,FALSE,FALSE
en,NON_URGENT,Non Urgent,FALSE,FALSE
arb,NON_URGENT,غير عاجل,FALSE,FALSE
en,EMERGENT,Emergent,FALSE,FALSE
arb,EMERGENT,طارئ,FALSE,FALSE
en,RESUSCITATION,Resuscitation,FALSE,FALSE
arb,RESUSCITATION,إنعاش,FALSE,FALSE
en,FOLLOW_UP,Follow Up,FALSE,FALSE
arb,FOLLOW_UP,متابعة,FALSE,FALSE
en,URGENT_VISIT,Urgent Visit,FALSE,FALSE
arb,URGENT_VISIT,زيارة عاجلة,FALSE,FALSE
en,FIRST_TIME_VISIT,First Time Visit,FALSE,FALSE
arb,FIRST_TIME_VISIT,زيارة لأول مرة,FALSE,FALSE
en,VIRTUAL_VISIT,Virtual Visit,FALSE,FALSE
arb,VIRTUAL_VISIT,زيارة افتراضية,FALSE,FALSE
en,ADULT,Adult,FALSE,FALSE
arb,ADULT,بالغ,FALSE,FALSE
en,MINOR,Minor,FALSE,FALSE
arb,MINOR,قاصر,FALSE,FALSE
en,BOTH,Both,FALSE,FALSE
arb,BOTH,كلاهما,FALSE,FALSE
en,SPONTANEOUS,Spontaneous,FALSE,FALSE
arb,SPONTANEOUS,استجابة تلقائية,FALSE,FALSE
en,TO_SPEECH,To Speech,FALSE,FALSE
arb,TO_SPEECH,استجابة للكلام,FALSE,FALSE
en,TO_PAIN,To Pain,FALSE,FALSE
arb,TO_PAIN,استجابة للألم,FALSE,FALSE
en,NO_RESPONSE,No Response,FALSE,FALSE
arb,NO_RESPONSE,لا توجد استجابة,FALSE,FALSE
en,EYES_CLOSED_DUE_TO_SWELLING,Eyes Closed Due To Swelling,FALSE,FALSE
arb,EYES_CLOSED_DUE_TO_SWELLING,العينان مغلقتان بسبب التورم,FALSE,FALSE
en,OBEYS_COMMANDS,Obeys Commands,FALSE,FALSE
arb,OBEYS_COMMANDS,يستجيب للأوامر,FALSE,FALSE
en,LOCALIZES_PAIN,Localizes Pain,FALSE,FALSE
arb,LOCALIZES_PAIN,يحدد مصدر الألم,FALSE,FALSE
en,WITHDRAWS_FROM_PAIN,Withdraws From Pain,FALSE,FALSE
arb,WITHDRAWS_FROM_PAIN,يسحب الطرف استجابةً للألم,FALSE,FALSE
en,FLEXION_TO_PAIN,Flexion To Pain,FALSE,FALSE
arb,FLEXION_TO_PAIN,انثناء استجابةً للألم,FALSE,FALSE
en,EXTENSION_TO_PAIN,Extension To Pain,FALSE,FALSE
arb,EXTENSION_TO_PAIN,تمدد استجابةً للألم,FALSE,FALSE
en,MILD_TRAUMATIC_BRAIN_INJURY,Mild Traumatic Brain Injury,FALSE,FALSE
arb,MILD_TRAUMATIC_BRAIN_INJURY,إصابة دماغية رضية خفيفة,FALSE,FALSE
en,MODERATE_TRAUMATIC_BRAIN_INJURY,Moderate Traumatic Brain Injury,FALSE,FALSE
arb,MODERATE_TRAUMATIC_BRAIN_INJURY,إصابة دماغية رضية متوسطة,FALSE,FALSE
en,SEVERE_TRAUMATIC_BRAIN_INJURY_COMA,Severe Traumatic Brain Injury Coma,FALSE,FALSE
arb,SEVERE_TRAUMATIC_BRAIN_INJURY_COMA,إصابة دماغية رضية شديدة مع غيبوبة,FALSE,FALSE
en,CONFUSED_CONVERSATION,Confused Conversation,FALSE,FALSE
arb,CONFUSED_CONVERSATION,محادثة مشوشة,FALSE,FALSE
en,INAPPROPRIATE_WORDS,Inappropriate Words,FALSE,FALSE
arb,INAPPROPRIATE_WORDS,كلمات غير مناسبة,FALSE,FALSE
en,INCOMPREHENSIBLE_SOUNDS,Incomprehensible Sounds,FALSE,FALSE
arb,INCOMPREHENSIBLE_SOUNDS,أصوات غير مفهومة,FALSE,FALSE
en,INTUBATED_TRACHEOSTOMY,Intubated Tracheostomy,FALSE,FALSE
arb,INTUBATED_TRACHEOSTOMY,منبوب أو لديه فغر رغامي,FALSE,FALSE
en,INCLUDE_AS_EXCEPTION,Include As Exception,FALSE,FALSE
arb,INCLUDE_AS_EXCEPTION,تضمينه كاستثناء,FALSE,FALSE
en,EXCLUDE_HOLIDAYS,Exclude Holidays,FALSE,FALSE
arb,EXCLUDE_HOLIDAYS,استثناء العطلات,FALSE,FALSE
en,LEVEL_0,Level 0,FALSE,FALSE
arb,LEVEL_0,المستوى 0,FALSE,FALSE
en,LEVEL_1,Level 1,FALSE,FALSE
arb,LEVEL_1,المستوى 1,FALSE,FALSE
en,LEVEL_2,Level 2,FALSE,FALSE
arb,LEVEL_2,المستوى 2,FALSE,FALSE
en,LEVEL_3,Level 3,FALSE,FALSE
arb,LEVEL_3,المستوى 3,FALSE,FALSE
en,LEVEL_4,Level 4,FALSE,FALSE
arb,LEVEL_4,المستوى 4,FALSE,FALSE
en,LEVEL_5,Level 5,FALSE,FALSE
arb,LEVEL_5,المستوى 5,FALSE,FALSE
en,LEVEL_6,Level 6,FALSE,FALSE
arb,LEVEL_6,المستوى 6,FALSE,FALSE
en,LEVEL_7,Level 7,FALSE,FALSE
arb,LEVEL_7,المستوى 7,FALSE,FALSE
en,LEVEL_8,Level 8,FALSE,FALSE
arb,LEVEL_8,المستوى 8,FALSE,FALSE
en,LEVEL_9,Level 9,FALSE,FALSE
arb,LEVEL_9,المستوى 9,FALSE,FALSE
en,LEVEL_10,Level 10,FALSE,FALSE
arb,LEVEL_10,المستوى 10,FALSE,FALSE
en,PREGNANCY,Pregnancy,FALSE,FALSE
arb,PREGNANCY,حمل,FALSE,FALSE
en,ABANDONED,Abandoned,FALSE,FALSE
arb,ABANDONED,مهجور,FALSE,FALSE
en,PHONE_CALL,Phone Call,FALSE,FALSE
arb,PHONE_CALL,مكالمة هاتفية,FALSE,FALSE
en,SUBMITTED,Submitted,FALSE,FALSE
arb,SUBMITTED,تم التقديم,FALSE,FALSE
en,SPOUSE,Spouse,FALSE,FALSE
arb,SPOUSE,الزوج أو الزوجة,FALSE,FALSE
en,FRIEND,Friend,FALSE,FALSE
arb,FRIEND,صديق,FALSE,FALSE
en,SON,Son,FALSE,FALSE
arb,SON,ابن,FALSE,FALSE
en,MOTHER,Mother,FALSE,FALSE
arb,MOTHER,الأم,FALSE,FALSE
en,FATHER,Father,FALSE,FALSE
arb,FATHER,الأب,FALSE,FALSE
en,DAUGHTER,Daughter,FALSE,FALSE
arb,DAUGHTER,ابنة,FALSE,FALSE
en,MOTHER_IN_LAW,Mother In Law,FALSE,FALSE
arb,MOTHER_IN_LAW,والدة الزوج أو الزوجة,FALSE,FALSE
en,FATHER_IN_LAW,Father In Law,FALSE,FALSE
arb,FATHER_IN_LAW,والد الزوج أو الزوجة,FALSE,FALSE
en,SON_IN_LAW,Son In Law,FALSE,FALSE
arb,SON_IN_LAW,زوج الابنة,FALSE,FALSE
en,DAUGHTER_IN_LAW,Daughter In Law,FALSE,FALSE
arb,DAUGHTER_IN_LAW,زوجة الابن,FALSE,FALSE
en,STEPFATHER,Stepfather,FALSE,FALSE
arb,STEPFATHER,زوج الأم,FALSE,FALSE
en,STEPMOTHER,Stepmother,FALSE,FALSE
arb,STEPMOTHER,زوجة الأب,FALSE,FALSE
en,STEPDAUGHTER,Stepdaughter,FALSE,FALSE
arb,STEPDAUGHTER,ابنة الزوج أو الزوجة,FALSE,FALSE
en,STEPBROTHER,Stepbrother,FALSE,FALSE
arb,STEPBROTHER,أخ غير شقيق,FALSE,FALSE
en,STEPSON,Stepson,FALSE,FALSE
arb,STEPSON,ابن الزوج أو الزوجة,FALSE,FALSE
en,GRANDSON,Grandson,FALSE,FALSE
arb,GRANDSON,حفيد,FALSE,FALSE
en,GRANDFATHER,Grandfather,FALSE,FALSE
arb,GRANDFATHER,جد,FALSE,FALSE
en,GRANDDAUGHTER,Granddaughter,FALSE,FALSE
arb,GRANDDAUGHTER,حفيدة,FALSE,FALSE
en,GRANDMOTHER,Grandmother,FALSE,FALSE
arb,GRANDMOTHER,جدة,FALSE,FALSE
en,COUSIN,Cousin,FALSE,FALSE
arb,COUSIN,ابن العم أو الخال,FALSE,FALSE
en,BROTHER,Brother,FALSE,FALSE
arb,BROTHER,أخ,FALSE,FALSE
en,SISTER,Sister,FALSE,FALSE
arb,SISTER,أخت,FALSE,FALSE
en,STEPSISTER,Stepsister,FALSE,FALSE
arb,STEPSISTER,أخت غير شقيقة,FALSE,FALSE
en,CONFIDENTIAL_2,Confidential 2,FALSE,FALSE
arb,CONFIDENTIAL_2,سري 2,FALSE,FALSE
en,HIGHLY_RESTRICTED_3,Highly Restricted 3,FALSE,FALSE
arb,HIGHLY_RESTRICTED_3,مقيد للغاية 3,FALSE,FALSE
en,LOCKED_4,Locked 4,FALSE,FALSE
arb,LOCKED_4,مغلق 4,FALSE,FALSE
en,FIXED_DURATION,Fixed Duration,FALSE,FALSE
arb,FIXED_DURATION,مدة محددة,FALSE,FALSE
en,AS_DEPARTMENT_POOL,As Department Pool,FALSE,FALSE
arb,AS_DEPARTMENT_POOL,كمجموعة للقسم,FALSE,FALSE
en,PUBLISHED,Published,FALSE,FALSE
arb,PUBLISHED,منشور,FALSE,FALSE
en,TOOTH_1,Tooth 1,FALSE,FALSE
arb,TOOTH_1,السن 1,FALSE,FALSE
en,TOOTH_2,Tooth 2,FALSE,FALSE
arb,TOOTH_2,السن 2,FALSE,FALSE
en,TOOTH_3,Tooth 3,FALSE,FALSE
arb,TOOTH_3,السن 3,FALSE,FALSE
en,TOOTH_4,Tooth 4,FALSE,FALSE
arb,TOOTH_4,السن 4,FALSE,FALSE
en,TOOTH_5,Tooth 5,FALSE,FALSE
arb,TOOTH_5,السن 5,FALSE,FALSE
en,TOOTH_6,Tooth 6,FALSE,FALSE
arb,TOOTH_6,السن 6,FALSE,FALSE
en,TOOTH_7,Tooth 7,FALSE,FALSE
arb,TOOTH_7,السن 7,FALSE,FALSE
en,TOOTH_8,Tooth 8,FALSE,FALSE
arb,TOOTH_8,السن 8,FALSE,FALSE
en,TOOTH_9,Tooth 9,FALSE,FALSE
arb,TOOTH_9,السن 9,FALSE,FALSE
en,TOOTH_10,Tooth 10,FALSE,FALSE
arb,TOOTH_10,السن 10,FALSE,FALSE
en,TOOTH_11,Tooth 11,FALSE,FALSE
arb,TOOTH_11,السن 11,FALSE,FALSE
en,TOOTH_12,Tooth 12,FALSE,FALSE
arb,TOOTH_12,السن 12,FALSE,FALSE
en,TOOTH_13,Tooth 13,FALSE,FALSE
arb,TOOTH_13,السن 13,FALSE,FALSE
en,TOOTH_14,Tooth 14,FALSE,FALSE
arb,TOOTH_14,السن 14,FALSE,FALSE
en,TOOTH_15,Tooth 15,FALSE,FALSE
arb,TOOTH_15,السن 15,FALSE,FALSE
en,TOOTH_16,Tooth 16,FALSE,FALSE
arb,TOOTH_16,السن 16,FALSE,FALSE
en,TOOTH_17,Tooth 17,FALSE,FALSE
arb,TOOTH_17,السن 17,FALSE,FALSE
en,TOOTH_18,Tooth 18,FALSE,FALSE
arb,TOOTH_18,السن 18,FALSE,FALSE
en,TOOTH_19,Tooth 19,FALSE,FALSE
arb,TOOTH_19,السن 19,FALSE,FALSE
en,TOOTH_20,Tooth 20,FALSE,FALSE
arb,TOOTH_20,السن 20,FALSE,FALSE
en,TOOTH_21,Tooth 21,FALSE,FALSE
arb,TOOTH_21,السن 21,FALSE,FALSE
en,TOOTH_22,Tooth 22,FALSE,FALSE
arb,TOOTH_22,السن 22,FALSE,FALSE
en,TOOTH_23,Tooth 23,FALSE,FALSE
arb,TOOTH_23,السن 23,FALSE,FALSE
en,TOOTH_24,Tooth 24,FALSE,FALSE
arb,TOOTH_24,السن 24,FALSE,FALSE
en,TOOTH_25,Tooth 25,FALSE,FALSE
arb,TOOTH_25,السن 25,FALSE,FALSE
en,TOOTH_26,Tooth 26,FALSE,FALSE
arb,TOOTH_26,السن 26,FALSE,FALSE
en,TOOTH_27,Tooth 27,FALSE,FALSE
arb,TOOTH_27,السن 27,FALSE,FALSE
en,TOOTH_28,Tooth 28,FALSE,FALSE
arb,TOOTH_28,السن 28,FALSE,FALSE
en,TOOTH_29,Tooth 29,FALSE,FALSE
arb,TOOTH_29,السن 29,FALSE,FALSE
en,TOOTH_30,Tooth 30,FALSE,FALSE
arb,TOOTH_30,السن 30,FALSE,FALSE
en,TOOTH_31,Tooth 31,FALSE,FALSE
arb,TOOTH_31,السن 31,FALSE,FALSE
en,TOOTH_32,Tooth 32,FALSE,FALSE
arb,TOOTH_32,السن 32,FALSE,FALSE
en,ER_WAITING_LIST,Er Waiting List,FALSE,FALSE
arb,ER_WAITING_LIST,قائمة انتظار الطوارئ,FALSE,FALSE
en,REFER_TO_SPECIALIST,Refer To Specialist,FALSE,FALSE
arb,REFER_TO_SPECIALIST,إحالة إلى أخصائي,FALSE,FALSE
en,SENT_TO_HOMECARE,Sent To Homecare,FALSE,FALSE
arb,SENT_TO_HOMECARE,تم تحويله إلى الرعاية المنزلية,FALSE,FALSE
en,OFFERED,Offered,FALSE,FALSE
arb,OFFERED,تم عرضه,FALSE,FALSE
en,REMOVED,Removed,FALSE,FALSE
arb,REMOVED,تمت إزالته,FALSE,FALSE
en,NOT_YET_DETERMINED,Not Yet Determined,FALSE,FALSE
arb,NOT_YET_DETERMINED,لم يتم تحديده بعد,FALSE,FALSE
en,SERVICE_NOT_PERFORMED,Service Not Performed,FALSE,FALSE
arb,SERVICE_NOT_PERFORMED,لم تُنفذ الخدمة,FALSE,FALSE
en,WRONG_INFORMATION,Wrong Information,FALSE,FALSE
arb,WRONG_INFORMATION,معلومات غير صحيحة,FALSE,FALSE
en,TRANSACTION_ALREADY_SUBMITTED,Transaction Already Submitted,FALSE,FALSE
arb,TRANSACTION_ALREADY_SUBMITTED,تم تقديم المعاملة مسبقًا,FALSE,FALSE
en,SUBMITTING,Submitting,FALSE,FALSE
arb,SUBMITTING,جارٍ التقديم,FALSE,FALSE
en,AFGHANISTAN,Afghanistan,FALSE,FALSE
arb,AFGHANISTAN,أفغانستان,FALSE,FALSE
en,ALBANIA,Albania,FALSE,FALSE
arb,ALBANIA,ألبانيا,FALSE,FALSE
en,ALGERIA,Algeria,FALSE,FALSE
arb,ALGERIA,الجزائر,FALSE,FALSE
en,ANDORRA,Andorra,FALSE,FALSE
arb,ANDORRA,أندورا,FALSE,FALSE
en,ANGOLA,Angola,FALSE,FALSE
arb,ANGOLA,أنغولا,FALSE,FALSE
en,ANGUILLA,Anguilla,FALSE,FALSE
arb,ANGUILLA,أنغويلا,FALSE,FALSE
en,ANTIGUA_AND_BARBUDA,Antigua And Barbuda,FALSE,FALSE
arb,ANTIGUA_AND_BARBUDA,أنتيغوا وبربودا,FALSE,FALSE
en,ARGENTINA,Argentina,FALSE,FALSE
arb,ARGENTINA,الأرجنتين,FALSE,FALSE
en,ARMENIA,Armenia,FALSE,FALSE
arb,ARMENIA,أرمينيا,FALSE,FALSE
en,ARUBA,Aruba,FALSE,FALSE
arb,ARUBA,أروبا,FALSE,FALSE
en,ASCENSION,Ascension,FALSE,FALSE
arb,ASCENSION,أسينشين,FALSE,FALSE
en,AUSTRALIA,Australia,FALSE,FALSE
arb,AUSTRALIA,أستراليا,FALSE,FALSE
en,AUSTRIA,Austria,FALSE,FALSE
arb,AUSTRIA,النمسا,FALSE,FALSE
en,AZERBAIJAN,Azerbaijan,FALSE,FALSE
arb,AZERBAIJAN,أذربيجان,FALSE,FALSE
en,BAHAMAS,Bahamas,FALSE,FALSE
arb,BAHAMAS,جزر البهاما,FALSE,FALSE
en,BAHRAIN,Bahrain,FALSE,FALSE
arb,BAHRAIN,البحرين,FALSE,FALSE
en,BANGLADESH,Bangladesh,FALSE,FALSE
arb,BANGLADESH,بنغلاديش,FALSE,FALSE
en,BARBADOS,Barbados,FALSE,FALSE
arb,BARBADOS,بربادوس,FALSE,FALSE
en,BELARUS,Belarus,FALSE,FALSE
arb,BELARUS,بيلاروسيا,FALSE,FALSE
en,BELGIUM,Belgium,FALSE,FALSE
arb,BELGIUM,بلجيكا,FALSE,FALSE
en,BELIZE,Belize,FALSE,FALSE
arb,BELIZE,بليز,FALSE,FALSE
en,BENIN,Benin,FALSE,FALSE
arb,BENIN,بنين,FALSE,FALSE
en,BERMUDA,Bermuda,FALSE,FALSE
arb,BERMUDA,برمودا,FALSE,FALSE
en,BHUTAN,Bhutan,FALSE,FALSE
arb,BHUTAN,بوتان,FALSE,FALSE
en,BOLIVIA,Bolivia,FALSE,FALSE
arb,BOLIVIA,بوليفيا,FALSE,FALSE
en,BONAIRE,Bonaire,FALSE,FALSE
arb,BONAIRE,بونير,FALSE,FALSE
en,BOSNIA_AND_HERZEGOVINA,Bosnia And Herzegovina,FALSE,FALSE
arb,BOSNIA_AND_HERZEGOVINA,البوسنة والهرسك,FALSE,FALSE
en,BOTSWANA,Botswana,FALSE,FALSE
arb,BOTSWANA,بوتسوانا,FALSE,FALSE
en,BRAZIL,Brazil,FALSE,FALSE
arb,BRAZIL,البرازيل,FALSE,FALSE
en,BRITISH_VIRGIN_ISLANDS,British Virgin Islands,FALSE,FALSE
arb,BRITISH_VIRGIN_ISLANDS,جزر العذراء البريطانية,FALSE,FALSE
en,BRUNEI_DARUSSALAM,Brunei Darussalam,FALSE,FALSE
arb,BRUNEI_DARUSSALAM,بروناي دار السلام,FALSE,FALSE
en,BULGARIA,Bulgaria,FALSE,FALSE
arb,BULGARIA,بلغاريا,FALSE,FALSE
en,BURKINA_FASO,Burkina Faso,FALSE,FALSE
arb,BURKINA_FASO,بوركينا فاسو,FALSE,FALSE
en,BURMA,Burma,FALSE,FALSE
arb,BURMA,بورما,FALSE,FALSE
en,BURUNDI,Burundi,FALSE,FALSE
arb,BURUNDI,بوروندي,FALSE,FALSE
en,CAMBODIA,Cambodia,FALSE,FALSE
arb,CAMBODIA,كمبوديا,FALSE,FALSE
en,CAMEROON,Cameroon,FALSE,FALSE
arb,CAMEROON,الكاميرون,FALSE,FALSE
en,CANADA,Canada,FALSE,FALSE
arb,CANADA,كندا,FALSE,FALSE
en,CAPE_VERDE,Cape Verde,FALSE,FALSE
arb,CAPE_VERDE,الرأس الأخضر,FALSE,FALSE
en,CAYMAN_ISLANDS,Cayman Islands,FALSE,FALSE
arb,CAYMAN_ISLANDS,جزر كايمان,FALSE,FALSE
en,CENTRAL_AFRICAN_REPUBLIC,Central African Republic,FALSE,FALSE
arb,CENTRAL_AFRICAN_REPUBLIC,جمهورية أفريقيا الوسطى,FALSE,FALSE
en,CHAD,Chad,FALSE,FALSE
arb,CHAD,تشاد,FALSE,FALSE
en,CHILE,Chile,FALSE,FALSE
arb,CHILE,تشيلي,FALSE,FALSE
en,CHINA,China,FALSE,FALSE
arb,CHINA,الصين,FALSE,FALSE
en,COLOMBIA,Colombia,FALSE,FALSE
arb,COLOMBIA,كولومبيا,FALSE,FALSE
en,COMOROS,Comoros,FALSE,FALSE
arb,COMOROS,جزر القمر,FALSE,FALSE
en,CONGO,Congo,FALSE,FALSE
arb,CONGO,الكونغو,FALSE,FALSE
en,COSTA_RICA,Costa Rica,FALSE,FALSE
arb,COSTA_RICA,كوستاريكا,FALSE,FALSE
en,COTE_D_IVOIRE,Cote D Ivoire,FALSE,FALSE
arb,COTE_D_IVOIRE,ساحل العاج,FALSE,FALSE
en,CROATIA,Croatia,FALSE,FALSE
arb,CROATIA,كرواتيا,FALSE,FALSE
en,CUBA,Cuba,FALSE,FALSE
arb,CUBA,كوبا,FALSE,FALSE
en,CURACAO,Curacao,FALSE,FALSE
arb,CURACAO,كوراساو,FALSE,FALSE
en,CYPRUS,Cyprus,FALSE,FALSE
arb,CYPRUS,قبرص,FALSE,FALSE
en,CZECH_REPUBLIC,Czech Republic,FALSE,FALSE
arb,CZECH_REPUBLIC,جمهورية التشيك,FALSE,FALSE
en,DENMARK,Denmark,FALSE,FALSE
arb,DENMARK,الدنمارك,FALSE,FALSE
en,DJIBOUTI,Djibouti,FALSE,FALSE
arb,DJIBOUTI,جيبوتي,FALSE,FALSE
en,DOMINICA,Dominica,FALSE,FALSE
arb,DOMINICA,دومينيكا,FALSE,FALSE
en,DOMINICAN_REPUBLIC,Dominican Republic,FALSE,FALSE
arb,DOMINICAN_REPUBLIC,جمهورية الدومينيكان,FALSE,FALSE
en,ECUADOR,Ecuador,FALSE,FALSE
arb,ECUADOR,الإكوادور,FALSE,FALSE
en,EGYPT,Egypt,FALSE,FALSE
arb,EGYPT,مصر,FALSE,FALSE
en,EL_SALVADOR,El Salvador,FALSE,FALSE
arb,EL_SALVADOR,السلفادور,FALSE,FALSE
en,EQUATORIAL_GUINEA,Equatorial Guinea,FALSE,FALSE
arb,EQUATORIAL_GUINEA,غينيا الاستوائية,FALSE,FALSE
en,ERITREA,Eritrea,FALSE,FALSE
arb,ERITREA,إريتريا,FALSE,FALSE
en,ESTONIA,Estonia,FALSE,FALSE
arb,ESTONIA,إستونيا,FALSE,FALSE
en,ESWATINI,Eswatini,FALSE,FALSE
arb,ESWATINI,إسواتيني,FALSE,FALSE
en,ETHIOPIA,Ethiopia,FALSE,FALSE
arb,ETHIOPIA,إثيوبيا,FALSE,FALSE
en,FALKLAND_ISLANDS,Falkland Islands,FALSE,FALSE
arb,FALKLAND_ISLANDS,جزر فوكلاند,FALSE,FALSE
en,FAROE_ISLANDS,Faroe Islands,FALSE,FALSE
arb,FAROE_ISLANDS,جزر فارو,FALSE,FALSE
en,FIJI,Fiji,FALSE,FALSE
arb,FIJI,فيجي,FALSE,FALSE
en,FINLAND,Finland,FALSE,FALSE
arb,FINLAND,فنلندا,FALSE,FALSE
en,FRANCE,France,FALSE,FALSE
arb,FRANCE,فرنسا,FALSE,FALSE
en,FRENCH_GUIANA,French Guiana,FALSE,FALSE
arb,FRENCH_GUIANA,غويانا الفرنسية,FALSE,FALSE
en,FRENCH_POLYNESIA,French Polynesia,FALSE,FALSE
arb,FRENCH_POLYNESIA,بولينيزيا الفرنسية,FALSE,FALSE
en,GABON,Gabon,FALSE,FALSE
arb,GABON,الغابون,FALSE,FALSE
en,GAMBIA,Gambia,FALSE,FALSE
arb,GAMBIA,غامبيا,FALSE,FALSE
en,GEORGIA,Georgia,FALSE,FALSE
arb,GEORGIA,جورجيا,FALSE,FALSE
en,GERMANY,Germany,FALSE,FALSE
arb,GERMANY,ألمانيا,FALSE,FALSE
en,GHANA,Ghana,FALSE,FALSE
arb,GHANA,غانا,FALSE,FALSE
en,GIBRALTAR,Gibraltar,FALSE,FALSE
arb,GIBRALTAR,جبل طارق,FALSE,FALSE
en,GREECE,Greece,FALSE,FALSE
arb,GREECE,اليونان,FALSE,FALSE
en,GREENLAND,Greenland,FALSE,FALSE
arb,GREENLAND,غرينلاند,FALSE,FALSE
en,GRENADA,Grenada,FALSE,FALSE
arb,GRENADA,غرينادا,FALSE,FALSE
en,GUADELOUPE,Guadeloupe,FALSE,FALSE
arb,GUADELOUPE,غوادلوب,FALSE,FALSE
en,GUATEMALA,Guatemala,FALSE,FALSE
arb,GUATEMALA,غواتيمالا,FALSE,FALSE
en,GUINEA,Guinea,FALSE,FALSE
arb,GUINEA,غينيا,FALSE,FALSE
en,GUINEA_BISSAU,Guinea Bissau,FALSE,FALSE
arb,GUINEA_BISSAU,غينيا بيساو,FALSE,FALSE
en,GUYANA,Guyana,FALSE,FALSE
arb,GUYANA,غيانا,FALSE,FALSE
en,HAITI,Haiti,FALSE,FALSE
arb,HAITI,هايتي,FALSE,FALSE
en,HONG_KONG,Hong Kong,FALSE,FALSE
arb,HONG_KONG,هونغ كونغ,FALSE,FALSE
en,HUNGARY,Hungary,FALSE,FALSE
arb,HUNGARY,المجر,FALSE,FALSE
en,ICELAND,Iceland,FALSE,FALSE
arb,ICELAND,آيسلندا,FALSE,FALSE
en,INDIA,India,FALSE,FALSE
arb,INDIA,الهند,FALSE,FALSE
en,INDONESIA,Indonesia,FALSE,FALSE
arb,INDONESIA,إندونيسيا,FALSE,FALSE
en,IRAN,Iran,FALSE,FALSE
arb,IRAN,إيران,FALSE,FALSE
en,IRAQ,Iraq,FALSE,FALSE
arb,IRAQ,العراق,FALSE,FALSE
en,IRELAND,Ireland,FALSE,FALSE
arb,IRELAND,أيرلندا,FALSE,FALSE
en,ISRAEL,Israel,FALSE,FALSE
arb,ISRAEL,إسرائيل,FALSE,FALSE
en,ITALY,Italy,FALSE,FALSE
arb,ITALY,إيطاليا,FALSE,FALSE
en,JAMAICA,Jamaica,FALSE,FALSE
arb,JAMAICA,جامايكا,FALSE,FALSE
en,JAPAN,Japan,FALSE,FALSE
arb,JAPAN,اليابان,FALSE,FALSE
en,JORDAN,Jordan,FALSE,FALSE
arb,JORDAN,الأردن,FALSE,FALSE
en,KAZAKHSTAN,Kazakhstan,FALSE,FALSE
arb,KAZAKHSTAN,كازاخستان,FALSE,FALSE
en,KENYA,Kenya,FALSE,FALSE
arb,KENYA,كينيا,FALSE,FALSE
en,KIRIBATI,Kiribati,FALSE,FALSE
arb,KIRIBATI,كيريباتي,FALSE,FALSE
en,NORTH_KOREA,North Korea,FALSE,FALSE
arb,NORTH_KOREA,كوريا الشمالية,FALSE,FALSE
en,SOUTH_KOREA,South Korea,FALSE,FALSE
arb,SOUTH_KOREA,كوريا الجنوبية,FALSE,FALSE
en,KOSOVO,Kosovo,FALSE,FALSE
arb,KOSOVO,كوسوفو,FALSE,FALSE
en,KUWAIT,Kuwait,FALSE,FALSE
arb,KUWAIT,الكويت,FALSE,FALSE
en,KYRGYZSTAN,Kyrgyzstan,FALSE,FALSE
arb,KYRGYZSTAN,قيرغيزستان,FALSE,FALSE
en,LAOS,Laos,FALSE,FALSE
arb,LAOS,لاوس,FALSE,FALSE
en,LATVIA,Latvia,FALSE,FALSE
arb,LATVIA,لاتفيا,FALSE,FALSE
en,LEBANON,Lebanon,FALSE,FALSE
arb,LEBANON,لبنان,FALSE,FALSE
en,LESOTHO,Lesotho,FALSE,FALSE
arb,LESOTHO,ليسوتو,FALSE,FALSE
en,LIBERIA,Liberia,FALSE,FALSE
arb,LIBERIA,ليبيريا,FALSE,FALSE
en,LIBYA,Libya,FALSE,FALSE
arb,LIBYA,ليبيا,FALSE,FALSE
en,LIECHTENSTEIN,Liechtenstein,FALSE,FALSE
arb,LIECHTENSTEIN,ليختنشتاين,FALSE,FALSE
en,LITHUANIA,Lithuania,FALSE,FALSE
arb,LITHUANIA,ليتوانيا,FALSE,FALSE
en,LUXEMBOURG,Luxembourg,FALSE,FALSE
arb,LUXEMBOURG,لوكسمبورغ,FALSE,FALSE
en,MACAO,Macao,FALSE,FALSE
arb,MACAO,ماكاو,FALSE,FALSE
en,MADAGASCAR,Madagascar,FALSE,FALSE
arb,MADAGASCAR,مدغشقر,FALSE,FALSE
en,MALAWI,Malawi,FALSE,FALSE
arb,MALAWI,ملاوي,FALSE,FALSE
en,MALAYSIA,Malaysia,FALSE,FALSE
arb,MALAYSIA,ماليزيا,FALSE,FALSE
en,MALDIVES,Maldives,FALSE,FALSE
arb,MALDIVES,جزر المالديف,FALSE,FALSE
en,MALI,Mali,FALSE,FALSE
arb,MALI,مالي,FALSE,FALSE
en,MALTA,Malta,FALSE,FALSE
arb,MALTA,مالطا,FALSE,FALSE
en,MARTINIQUE,Martinique,FALSE,FALSE
arb,MARTINIQUE,مارتينيك,FALSE,FALSE
en,MAURITANIA,Mauritania,FALSE,FALSE
arb,MAURITANIA,موريتانيا,FALSE,FALSE
en,MAURITIUS,Mauritius,FALSE,FALSE
arb,MAURITIUS,موريشيوس,FALSE,FALSE
en,MEXICO,Mexico,FALSE,FALSE
arb,MEXICO,المكسيك,FALSE,FALSE
en,MOLDOVA,Moldova,FALSE,FALSE
arb,MOLDOVA,مولدوفا,FALSE,FALSE
en,MONGOLIA,Mongolia,FALSE,FALSE
arb,MONGOLIA,منغوليا,FALSE,FALSE
en,MONTENEGRO,Montenegro,FALSE,FALSE
arb,MONTENEGRO,الجبل الأسود,FALSE,FALSE
en,MONTSERRAT,Montserrat,FALSE,FALSE
arb,MONTSERRAT,مونتسرات,FALSE,FALSE
en,MOROCCO,Morocco,FALSE,FALSE
arb,MOROCCO,المغرب,FALSE,FALSE
en,MOZAMBIQUE,Mozambique,FALSE,FALSE
arb,MOZAMBIQUE,موزمبيق,FALSE,FALSE
en,NAMIBIA,Namibia,FALSE,FALSE
arb,NAMIBIA,ناميبيا,FALSE,FALSE
en,NAURU,Nauru,FALSE,FALSE
arb,NAURU,ناورو,FALSE,FALSE
en,NEPAL,Nepal,FALSE,FALSE
arb,NEPAL,نيبال,FALSE,FALSE
en,NETHERLANDS,Netherlands,FALSE,FALSE
arb,NETHERLANDS,هولندا,FALSE,FALSE
en,NEW_CALEDONIA,New Caledonia,FALSE,FALSE
arb,NEW_CALEDONIA,كاليدونيا الجديدة,FALSE,FALSE
en,NEW_ZEALAND,New Zealand,FALSE,FALSE
arb,NEW_ZEALAND,نيوزيلندا,FALSE,FALSE
en,NICARAGUA,Nicaragua,FALSE,FALSE
arb,NICARAGUA,نيكاراغوا,FALSE,FALSE
en,NIGER,Niger,FALSE,FALSE
arb,NIGER,النيجر,FALSE,FALSE
en,NIGERIA,Nigeria,FALSE,FALSE
arb,NIGERIA,نيجيريا,FALSE,FALSE
en,NORTH_MACEDONIA,North Macedonia,FALSE,FALSE
arb,NORTH_MACEDONIA,مقدونيا الشمالية,FALSE,FALSE
en,NORWAY,Norway,FALSE,FALSE
arb,NORWAY,النرويج,FALSE,FALSE
en,OMAN,Oman,FALSE,FALSE
arb,OMAN,عُمان,FALSE,FALSE
en,PAKISTAN,Pakistan,FALSE,FALSE
arb,PAKISTAN,باكستان,FALSE,FALSE
en,PALESTINE,Palestine,FALSE,FALSE
arb,PALESTINE,فلسطين,FALSE,FALSE
en,PANAMA,Panama,FALSE,FALSE
arb,PANAMA,بنما,FALSE,FALSE
en,PAPUA_NEW_GUINEA,Papua New Guinea,FALSE,FALSE
arb,PAPUA_NEW_GUINEA,بابوا غينيا الجديدة,FALSE,FALSE
en,PARAGUAY,Paraguay,FALSE,FALSE
arb,PARAGUAY,باراغواي,FALSE,FALSE
en,PERU,Peru,FALSE,FALSE
arb,PERU,بيرو,FALSE,FALSE
en,PHILIPPINES,Philippines,FALSE,FALSE
arb,PHILIPPINES,الفلبين,FALSE,FALSE
en,PITCAIRN_ISLAND,Pitcairn Island,FALSE,FALSE
arb,PITCAIRN_ISLAND,جزيرة بيتكيرن,FALSE,FALSE
en,POLAND,Poland,FALSE,FALSE
arb,POLAND,بولندا,FALSE,FALSE
en,PORTUGAL,Portugal,FALSE,FALSE
arb,PORTUGAL,البرتغال,FALSE,FALSE
en,QATAR,Qatar,FALSE,FALSE
arb,QATAR,قطر,FALSE,FALSE
en,REUNION,Reunion,FALSE,FALSE
arb,REUNION,ريونيون,FALSE,FALSE
en,ROMANIA,Romania,FALSE,FALSE
arb,ROMANIA,رومانيا,FALSE,FALSE
en,RUSSIA,Russia,FALSE,FALSE
arb,RUSSIA,روسيا,FALSE,FALSE
en,RWANDA,Rwanda,FALSE,FALSE
arb,RWANDA,رواندا,FALSE,FALSE
en,SAINT_HELENA,Saint Helena,FALSE,FALSE
arb,SAINT_HELENA,سانت هيلينا,FALSE,FALSE
en,SAINT_KITTS_AND_NEVIS,Saint Kitts And Nevis,FALSE,FALSE
arb,SAINT_KITTS_AND_NEVIS,سانت كيتس ونيفيس,FALSE,FALSE
en,SAINT_LUCIA,Saint Lucia,FALSE,FALSE
arb,SAINT_LUCIA,سانت لوسيا,FALSE,FALSE
en,SAINT_PIERRE_AND_MIQUELON,Saint Pierre And Miquelon,FALSE,FALSE
arb,SAINT_PIERRE_AND_MIQUELON,سان بيير وميكلون,FALSE,FALSE
en,SAINT_VINCENT_AND_THE_GRENADINES,Saint Vincent And The Grenadines,FALSE,FALSE
arb,SAINT_VINCENT_AND_THE_GRENADINES,سانت فنسنت والغرينادين,FALSE,FALSE
en,SAMOA,Samoa,FALSE,FALSE
arb,SAMOA,ساموا,FALSE,FALSE
en,SAN_MARINO,San Marino,FALSE,FALSE
arb,SAN_MARINO,سان مارينو,FALSE,FALSE
en,SAO_TOME_AND_PRINCIPE,Sao Tome And Principe,FALSE,FALSE
arb,SAO_TOME_AND_PRINCIPE,ساو تومي وبرينسيبي,FALSE,FALSE
en,SAUDI_ARABIA,Saudi Arabia,FALSE,FALSE
arb,SAUDI_ARABIA,المملكة العربية السعودية,FALSE,FALSE
en,SENEGAL,Senegal,FALSE,FALSE
arb,SENEGAL,السنغال,FALSE,FALSE
en,SERBIA,Serbia,FALSE,FALSE
arb,SERBIA,صربيا,FALSE,FALSE
en,SEYCHELLES,Seychelles,FALSE,FALSE
arb,SEYCHELLES,سيشل,FALSE,FALSE
en,SIERRA_LEONE,Sierra Leone,FALSE,FALSE
arb,SIERRA_LEONE,سيراليون,FALSE,FALSE
en,SINGAPORE,Singapore,FALSE,FALSE
arb,SINGAPORE,سنغافورة,FALSE,FALSE
en,SINT_MAARTEN,Sint Maarten,FALSE,FALSE
arb,SINT_MAARTEN,سانت مارتن الهولندية,FALSE,FALSE
en,SLOVAKIA,Slovakia,FALSE,FALSE
arb,SLOVAKIA,سلوفاكيا,FALSE,FALSE
en,SLOVENIA,Slovenia,FALSE,FALSE
arb,SLOVENIA,سلوفينيا,FALSE,FALSE
en,SOLOMON_ISLANDS,Solomon Islands,FALSE,FALSE
arb,SOLOMON_ISLANDS,جزر سليمان,FALSE,FALSE
en,SOMALIA,Somalia,FALSE,FALSE
arb,SOMALIA,الصومال,FALSE,FALSE
en,SOUTH_AFRICA,South Africa,FALSE,FALSE
arb,SOUTH_AFRICA,جنوب أفريقيا,FALSE,FALSE
en,SOUTH_SUDAN,South Sudan,FALSE,FALSE
arb,SOUTH_SUDAN,جنوب السودان,FALSE,FALSE
en,SPAIN,Spain,FALSE,FALSE
arb,SPAIN,إسبانيا,FALSE,FALSE
en,SRI_LANKA,Sri Lanka,FALSE,FALSE
arb,SRI_LANKA,سريلانكا,FALSE,FALSE
en,SUDAN,Sudan,FALSE,FALSE
arb,SUDAN,السودان,FALSE,FALSE
en,SURINAME,Suriname,FALSE,FALSE
arb,SURINAME,سورينام,FALSE,FALSE
en,SWEDEN,Sweden,FALSE,FALSE
arb,SWEDEN,السويد,FALSE,FALSE
en,SWITZERLAND,Switzerland,FALSE,FALSE
arb,SWITZERLAND,سويسرا,FALSE,FALSE
en,SYRIA,Syria,FALSE,FALSE
arb,SYRIA,سوريا,FALSE,FALSE
en,TAIWAN,Taiwan,FALSE,FALSE
arb,TAIWAN,تايوان,FALSE,FALSE
en,TAJIKISTAN,Tajikistan,FALSE,FALSE
arb,TAJIKISTAN,طاجيكستان,FALSE,FALSE
en,TANZANIA,Tanzania,FALSE,FALSE
arb,TANZANIA,تنزانيا,FALSE,FALSE
en,THAILAND,Thailand,FALSE,FALSE
arb,THAILAND,تايلاند,FALSE,FALSE
en,TIMOR_LESTE,Timor Leste,FALSE,FALSE
arb,TIMOR_LESTE,تيمور الشرقية,FALSE,FALSE
en,TOGO,Togo,FALSE,FALSE
arb,TOGO,توغو,FALSE,FALSE
en,TONGA,Tonga,FALSE,FALSE
arb,TONGA,تونغا,FALSE,FALSE
en,TRINIDAD_AND_TOBAGO,Trinidad And Tobago,FALSE,FALSE
arb,TRINIDAD_AND_TOBAGO,ترينيداد وتوباغو,FALSE,FALSE
en,TRISTAN_DA_CUNHA,Tristan Da Cunha,FALSE,FALSE
arb,TRISTAN_DA_CUNHA,تريستان دا كونا,FALSE,FALSE
en,TUNISIA,Tunisia,FALSE,FALSE
arb,TUNISIA,تونس,FALSE,FALSE
en,TURKMENISTAN,Turkmenistan,FALSE,FALSE
arb,TURKMENISTAN,تركمانستان,FALSE,FALSE
en,TURKS_AND_CAICOS_ISLANDS,Turks And Caicos Islands,FALSE,FALSE
arb,TURKS_AND_CAICOS_ISLANDS,جزر توركس وكايكوس,FALSE,FALSE
en,TUVALU,Tuvalu,FALSE,FALSE
arb,TUVALU,توفالو,FALSE,FALSE
en,UGANDA,Uganda,FALSE,FALSE
arb,UGANDA,أوغندا,FALSE,FALSE
en,UKRAINE,Ukraine,FALSE,FALSE
arb,UKRAINE,أوكرانيا,FALSE,FALSE
en,UNITED_ARAB_EMIRATES,United Arab Emirates,FALSE,FALSE
arb,UNITED_ARAB_EMIRATES,الإمارات العربية المتحدة,FALSE,FALSE
en,UNITED_KINGDOM,United Kingdom,FALSE,FALSE
arb,UNITED_KINGDOM,المملكة المتحدة,FALSE,FALSE
en,UNITED_STATES_OF_AMERICA,United States Of America,FALSE,FALSE
arb,UNITED_STATES_OF_AMERICA,الولايات المتحدة الأمريكية,FALSE,FALSE
en,URUGUAY,Uruguay,FALSE,FALSE
arb,URUGUAY,الأوروغواي,FALSE,FALSE
en,UZBEKISTAN,Uzbekistan,FALSE,FALSE
arb,UZBEKISTAN,أوزبكستان,FALSE,FALSE
en,VANUATU,Vanuatu,FALSE,FALSE
arb,VANUATU,فانواتو,FALSE,FALSE
en,VATICAN_CITY,Vatican City,FALSE,FALSE
arb,VATICAN_CITY,مدينة الفاتيكان,FALSE,FALSE
en,VENEZUELA,Venezuela,FALSE,FALSE
arb,VENEZUELA,فنزويلا,FALSE,FALSE
en,VIETNAM,Vietnam,FALSE,FALSE
arb,VIETNAM,فيتنام,FALSE,FALSE
en,WALLIS_AND_FUTUNA_ISLANDS,Wallis And Futuna Islands,FALSE,FALSE
arb,WALLIS_AND_FUTUNA_ISLANDS,جزر واليس وفوتونا,FALSE,FALSE
en,YEMEN,Yemen,FALSE,FALSE
arb,YEMEN,اليمن,FALSE,FALSE
en,ZAMBIA,Zambia,FALSE,FALSE
arb,ZAMBIA,زامبيا,FALSE,FALSE
en,ZIMBABWE,Zimbabwe,FALSE,FALSE
arb,ZIMBABWE,زيمبابوي,FALSE,FALSE
en,MARSHALL_ISLANDS,Marshall Islands,FALSE,FALSE
arb,MARSHALL_ISLANDS,جزر مارشال,FALSE,FALSE
en,MICRONESIA,Micronesia,FALSE,FALSE
arb,MICRONESIA,ميكرونيزيا,FALSE,FALSE
en,MONACO,Monaco,FALSE,FALSE
arb,MONACO,موناكو,FALSE,FALSE
en,PALAU,Palau,FALSE,FALSE
arb,PALAU,بالاو,FALSE,FALSE
en,TURKEY,Turkey,FALSE,FALSE
arb,TURKEY,تركيا,FALSE,FALSE
en,DR_CONGO,Dr Congo,FALSE,FALSE
arb,DR_CONGO,جمهورية الكونغو الديمقراطية,FALSE,FALSE
en,AMERICAN_SAMOA,American Samoa,FALSE,FALSE
arb,AMERICAN_SAMOA,ساموا الأمريكية,FALSE,FALSE
en,ANTARCTICA,Antarctica,FALSE,FALSE
arb,ANTARCTICA,القارة القطبية الجنوبية,FALSE,FALSE
en,BOUVET_ISLAND,Bouvet Island,FALSE,FALSE
arb,BOUVET_ISLAND,جزيرة بوفيه,FALSE,FALSE
en,BRITISH_INDIAN_OCEAN_TERRITORY,British Indian Ocean Territory,FALSE,FALSE
arb,BRITISH_INDIAN_OCEAN_TERRITORY,إقليم المحيط الهندي البريطاني,FALSE,FALSE
en,CHRISTMAS_ISLAND,Christmas Island,FALSE,FALSE
arb,CHRISTMAS_ISLAND,جزيرة الكريسماس,FALSE,FALSE
en,COCOS_ISLANDS,Cocos Islands,FALSE,FALSE
arb,COCOS_ISLANDS,جزر كوكوس,FALSE,FALSE
en,COOK_ISLANDS,Cook Islands,FALSE,FALSE
arb,COOK_ISLANDS,جزر كوك,FALSE,FALSE
en,GUAM,Guam,FALSE,FALSE
arb,GUAM,غوام,FALSE,FALSE
en,GUERNSEY,Guernsey,FALSE,FALSE
arb,GUERNSEY,غيرنزي,FALSE,FALSE
en,HEARD_ISLAND_AND_MCDONALD_ISLANDS,Heard Island And Mcdonald Islands,FALSE,FALSE
arb,HEARD_ISLAND_AND_MCDONALD_ISLANDS,جزيرة هيرد وجزر ماكدونالد,FALSE,FALSE
en,ISLE_OF_MAN,Isle Of Man,FALSE,FALSE
arb,ISLE_OF_MAN,جزيرة مان,FALSE,FALSE
en,JERSEY,Jersey,FALSE,FALSE
arb,JERSEY,جيرزي,FALSE,FALSE
en,MAYOTTE,Mayotte,FALSE,FALSE
arb,MAYOTTE,مايوت,FALSE,FALSE
en,NIUE,Niue,FALSE,FALSE
arb,NIUE,نيوي,FALSE,FALSE
en,NORFOLK_ISLAND,Norfolk Island,FALSE,FALSE
arb,NORFOLK_ISLAND,جزيرة نورفولك,FALSE,FALSE
en,NORTHERN_MARIANA_ISLANDS,Northern Mariana Islands,FALSE,FALSE
arb,NORTHERN_MARIANA_ISLANDS,جزر ماريانا الشمالية,FALSE,FALSE
en,PUERTO_RICO,Puerto Rico,FALSE,FALSE
arb,PUERTO_RICO,بورتوريكو,FALSE,FALSE
en,SAINT_BARTHELEMY,Saint Barthelemy,FALSE,FALSE
arb,SAINT_BARTHELEMY,سان بارتليمي,FALSE,FALSE
en,SAINT_MARTIN,Saint Martin,FALSE,FALSE
arb,SAINT_MARTIN,سان مارتن,FALSE,FALSE
en,SOUTH_GEORGIA_AND_SOUTH_SANDWICH_ISLANDS,South Georgia And South Sandwich Islands,FALSE,FALSE
arb,SOUTH_GEORGIA_AND_SOUTH_SANDWICH_ISLANDS,جورجيا الجنوبية وجزر ساندويتش الجنوبية,FALSE,FALSE
en,SVALBARD_AND_JAN_MAYEN,Svalbard And Jan Mayen,FALSE,FALSE
arb,SVALBARD_AND_JAN_MAYEN,سفالبارد ويان ماين,FALSE,FALSE
en,TOKELAU,Tokelau,FALSE,FALSE
arb,TOKELAU,توكيلاو,FALSE,FALSE
en,UNITED_STATES_MINOR_OUTLYING_ISLANDS,United States Minor Outlying Islands,FALSE,FALSE
arb,UNITED_STATES_MINOR_OUTLYING_ISLANDS,جزر الولايات المتحدة الصغيرة النائية,FALSE,FALSE
en,VIRGIN_ISLANDS_US,Virgin Islands Us,FALSE,FALSE
arb,VIRGIN_ISLANDS_US,جزر العذراء الأمريكية,FALSE,FALSE
en,WESTERN_SAHARA,Western Sahara,FALSE,FALSE
arb,WESTERN_SAHARA,الصحراء الغربية,FALSE,FALSE
en,NOT_REQUIRED,Not Required,FALSE,FALSE
arb,NOT_REQUIRED,غير مطلوب,FALSE,FALSE
en,PENDING_APPROVAL,Pending Approval,FALSE,FALSE
arb,PENDING_APPROVAL,بانتظار الموافقة,FALSE,FALSE
en,CONTROLLED_I,Controlled I,FALSE,FALSE
arb,CONTROLLED_I,خاضع للرقابة من الفئة الأولى,FALSE,FALSE
en,CONTROLLED_II,Controlled Ii,FALSE,FALSE
arb,CONTROLLED_II,خاضع للرقابة من الفئة الثانية,FALSE,FALSE
en,CONTROLLED_III,Controlled Iii,FALSE,FALSE
arb,CONTROLLED_III,خاضع للرقابة من الفئة الثالثة,FALSE,FALSE
en,CONTROLLED_IV,Controlled Iv,FALSE,FALSE
arb,CONTROLLED_IV,خاضع للرقابة من الفئة الرابعة,FALSE,FALSE
en,CONTROLLED_V,Controlled V,FALSE,FALSE
arb,CONTROLLED_V,خاضع للرقابة من الفئة الخامسة,FALSE,FALSE
en,INFANT,Infant,FALSE,FALSE
arb,INFANT,رضيع,FALSE,FALSE
en,CHILDREN,Children,FALSE,FALSE
arb,CHILDREN,أطفال,FALSE,FALSE
en,ADOLESCENTS,Adolescents,FALSE,FALSE
arb,ADOLESCENTS,مراهقون,FALSE,FALSE
en,GERIATRIC,Geriatric,FALSE,FALSE
arb,GERIATRIC,كبار السن,FALSE,FALSE
en,NEONATES,Neonates,FALSE,FALSE
arb,NEONATES,حديثو الولادة,FALSE,FALSE
en,TODDLER,Toddler,FALSE,FALSE
arb,TODDLER,طفل صغير,FALSE,FALSE
en,RENAL_IMPAIRMENT,Renal Impairment,FALSE,FALSE
arb,RENAL_IMPAIRMENT,قصور كلوي,FALSE,FALSE
en,HEPATIC_IMPAIRMENT,Hepatic Impairment,FALSE,FALSE
arb,HEPATIC_IMPAIRMENT,قصور كبدي,FALSE,FALSE
en,ANY_ELIGIBLE_PATIENT,Any Eligible Patient,FALSE,FALSE
arb,ANY_ELIGIBLE_PATIENT,أي مريض مستوفٍ لشروط الأهلية,FALSE,FALSE
en,MONTHS,Months,FALSE,FALSE
arb,MONTHS,أشهر,FALSE,FALSE
en,HOURS,Hours,FALSE,FALSE
arb,HOURS,ساعات,FALSE,FALSE
en,YEARS,Years,FALSE,FALSE
arb,YEARS,سنوات,FALSE,FALSE
en,MATERIAL,Material,FALSE,FALSE
arb,MATERIAL,مادة,FALSE,FALSE
en,ANIMAL,Animal,FALSE,FALSE
arb,ANIMAL,حيوان,FALSE,FALSE
en,ENVIRONMENTAL_FACTOR,Environmental Factor,FALSE,FALSE
arb,ENVIRONMENTAL_FACTOR,عامل بيئي,FALSE,FALSE
en,INSECT_STING,Insect Sting,FALSE,FALSE
arb,INSECT_STING,لسعة حشرة,FALSE,FALSE
en,CHEMICALS,Chemicals,FALSE,FALSE
arb,CHEMICALS,مواد كيميائية,FALSE,FALSE
en,TO_PATIENT,To Patient,FALSE,FALSE
arb,TO_PATIENT,إلى المريض,FALSE,FALSE
en,REGULAR,Regular,FALSE,FALSE
arb,REGULAR,عادي,FALSE,FALSE
en,ISOLATION,Isolation,FALSE,FALSE
arb,ISOLATION,عزل,FALSE,FALSE
en,OCCUPIED,Occupied,FALSE,FALSE
arb,OCCUPIED,مشغول,FALSE,FALSE
en,IN_CLEANING,In Cleaning,FALSE,FALSE
arb,IN_CLEANING,قيد التنظيف,FALSE,FALSE
en,OUT_OF_SERVICE,Out Of Service,FALSE,FALSE
arb,OUT_OF_SERVICE,خارج الخدمة,FALSE,FALSE
en,ASSIGN,Assign,FALSE,FALSE
arb,ASSIGN,تعيين,FALSE,FALSE
en,RELEASE,Release,FALSE,FALSE
arb,RELEASE,تحرير,FALSE,FALSE
en,DISCHARGE,Discharge,FALSE,FALSE
arb,DISCHARGE,خروج,FALSE,FALSE
en,ISOLATION_BED,Isolation Bed,FALSE,FALSE
arb,ISOLATION_BED,سرير العزل,FALSE,FALSE
en,REGULAR_BED,Regular Bed,FALSE,FALSE
arb,REGULAR_BED,سرير عادي,FALSE,FALSE
en,CHILD_BED,Child Bed,FALSE,FALSE
arb,CHILD_BED,سرير أطفال,FALSE,FALSE
en,OPERATION_BED,Operation Bed,FALSE,FALSE
arb,OPERATION_BED,سرير العمليات,FALSE,FALSE
en,OUTPATIENT,Outpatient,FALSE,FALSE
arb,OUTPATIENT,مريض خارجي,FALSE,FALSE
en,DEFAULT_CURRENCY_ID,Default Currency ID,FALSE,FALSE
arb,DEFAULT_CURRENCY_ID,معرّف العملة الافتراضية,FALSE,FALSE
en,DEFAULT_PRICE_LIST_ID,Default Price List ID,FALSE,FALSE
arb,DEFAULT_PRICE_LIST_ID,معرّف قائمة الأسعار الافتراضية,FALSE,FALSE
en,DEFAULT_CASH_PAYER_ID,Default Cash Payer ID,FALSE,FALSE
arb,DEFAULT_CASH_PAYER_ID,معرّف الدافع النقدي الافتراضي,FALSE,FALSE
en,DEFAULT_PAYMENT_METHOD_ID,Default Payment Method ID,FALSE,FALSE
arb,DEFAULT_PAYMENT_METHOD_ID,معرّف طريقة الدفع الافتراضية,FALSE,FALSE
en,DEFAULT_TAX_ID,Default Tax ID,FALSE,FALSE
arb,DEFAULT_TAX_ID,معرّف الضريبة الافتراضية,FALSE,FALSE
en,DECIMAL_PRECISION,Decimal Precision,FALSE,FALSE
arb,DECIMAL_PRECISION,الدقة العشرية,FALSE,FALSE
en,ROUNDING_METHOD,Rounding Method,FALSE,FALSE
arb,ROUNDING_METHOD,طريقة التقريب,FALSE,FALSE
en,PRICES_INCLUDE_TAX,Prices Include Tax,FALSE,FALSE
arb,PRICES_INCLUDE_TAX,الأسعار شاملة الضريبة,FALSE,FALSE
en,APPLY_TAX_AUTOMATICALLY,Apply Tax Automatically,FALSE,FALSE
arb,APPLY_TAX_AUTOMATICALLY,تطبيق الضريبة تلقائيًا,FALSE,FALSE
en,ALLOW_TAX_OVERRIDE,Allow Tax Override,FALSE,FALSE
arb,ALLOW_TAX_OVERRIDE,السماح بتجاوز الضريبة,FALSE,FALSE
en,ALLOW_INVOICE_WITHOUT_PAYER,Allow Invoice Without Payer,FALSE,FALSE
arb,ALLOW_INVOICE_WITHOUT_PAYER,السماح بإنشاء فاتورة دون دافع,FALSE,FALSE
en,ALLOW_MANUAL_PRICE_OVERRIDE,Allow Manual Price Override,FALSE,FALSE
arb,ALLOW_MANUAL_PRICE_OVERRIDE,السماح بتجاوز السعر يدويًا,FALSE,FALSE
en,REQUIRE_PRICE_OVERRIDE_REASON,Require Price Override Reason,FALSE,FALSE
arb,REQUIRE_PRICE_OVERRIDE_REASON,اشتراط سبب تجاوز السعر,FALSE,FALSE
en,ALLOW_NEGATIVE_INVOICE_LINES,Allow Negative Invoice Lines,FALSE,FALSE
arb,ALLOW_NEGATIVE_INVOICE_LINES,السماح ببنود الفاتورة السالبة,FALSE,FALSE
en,REQUIRE_ENCOUNTER_REFERENCE,Require Encounter Reference,FALSE,FALSE
arb,REQUIRE_ENCOUNTER_REFERENCE,اشتراط مرجع الزيارة,FALSE,FALSE
en,REQUIRE_PATIENT_REFERENCE,Require Patient Reference,FALSE,FALSE
arb,REQUIRE_PATIENT_REFERENCE,اشتراط مرجع المريض,FALSE,FALSE
en,ALLOW_DRAFT_INVOICE,Allow Draft Invoice,FALSE,FALSE
arb,ALLOW_DRAFT_INVOICE,السماح بمسودة الفاتورة,FALSE,FALSE
en,AUTO_FINALIZE_INVOICE,Auto Finalize Invoice,FALSE,FALSE
arb,AUTO_FINALIZE_INVOICE,إتمام الفاتورة تلقائيًا,FALSE,FALSE
en,ALLOW_DISCOUNT,Allow Discount,FALSE,FALSE
arb,ALLOW_DISCOUNT,السماح بالخصم,FALSE,FALSE
en,ALLOW_MANUAL_DISCOUNT,Allow Manual Discount,FALSE,FALSE
arb,ALLOW_MANUAL_DISCOUNT,السماح بالخصم اليدوي,FALSE,FALSE
en,MAXIMUM_MANUAL_DISCOUNT_PERCENTAGE,Maximum Manual Discount Percentage,FALSE,FALSE
arb,MAXIMUM_MANUAL_DISCOUNT_PERCENTAGE,الحد الأقصى لنسبة الخصم اليدوي,FALSE,FALSE
en,REQUIRE_DISCOUNT_REASON,Require Discount Reason,FALSE,FALSE
arb,REQUIRE_DISCOUNT_REASON,اشتراط سبب الخصم,FALSE,FALSE
en,ALLOW_PARTIAL_PAYMENT,Allow Partial Payment,FALSE,FALSE
arb,ALLOW_PARTIAL_PAYMENT,السماح بالدفع الجزئي,FALSE,FALSE
en,ALLOW_MULTIPLE_PAYMENT_METHODS,Allow Multiple Payment Methods,FALSE,FALSE
arb,ALLOW_MULTIPLE_PAYMENT_METHODS,السماح باستخدام عدة طرق للدفع,FALSE,FALSE
en,ALLOW_OVERPAYMENT,Allow Overpayment,FALSE,FALSE
arb,ALLOW_OVERPAYMENT,السماح بالدفع الزائد,FALSE,FALSE
en,ALLOW_PAYMENT_BEFORE_INVOICE_FINALIZATION,Allow Payment Before Invoice Finalization,FALSE,FALSE
arb,ALLOW_PAYMENT_BEFORE_INVOICE_FINALIZATION,السماح بالدفع قبل إتمام الفاتورة,FALSE,FALSE
en,AUTO_CLOSE_FULLY_PAID_INVOICE,Auto Close Fully Paid Invoice,FALSE,FALSE
arb,AUTO_CLOSE_FULLY_PAID_INVOICE,إغلاق الفاتورة المدفوعة بالكامل تلقائيًا,FALSE,FALSE
en,ALLOW_UNALLOCATED_PAYMENT,Allow Unallocated Payment,FALSE,FALSE
arb,ALLOW_UNALLOCATED_PAYMENT,السماح بالدفعات غير المخصصة,FALSE,FALSE
en,ALLOW_INVOICE_CANCELLATION,Allow Invoice Cancellation,FALSE,FALSE
arb,ALLOW_INVOICE_CANCELLATION,السماح بإلغاء الفاتورة,FALSE,FALSE
en,REQUIRE_CANCELLATION_REASON,Require Cancellation Reason,FALSE,FALSE
arb,REQUIRE_CANCELLATION_REASON,اشتراط سبب الإلغاء,FALSE,FALSE
en,ALLOW_CANCELLATION_AFTER_PAYMENT,Allow Cancellation After Payment,FALSE,FALSE
arb,ALLOW_CANCELLATION_AFTER_PAYMENT,السماح بالإلغاء بعد الدفع,FALSE,FALSE
en,ALLOW_CREDIT_NOTES,Allow Credit Notes,FALSE,FALSE
arb,ALLOW_CREDIT_NOTES,السماح بالإشعارات الدائنة,FALSE,FALSE
en,REQUIRE_CREDIT_NOTE_REASON,Require Credit Note Reason,FALSE,FALSE
arb,REQUIRE_CREDIT_NOTE_REASON,اشتراط سبب الإشعار الدائن,FALSE,FALSE
en,ALLOW_REOPEN_FINALIZED_INVOICE,Allow Reopen Finalized Invoice,FALSE,FALSE
arb,ALLOW_REOPEN_FINALIZED_INVOICE,السماح بإعادة فتح الفاتورة المكتملة,FALSE,FALSE
en,REQUIRE_CANCELLATION_APPROVAL,Require Cancellation Approval,FALSE,FALSE
arb,REQUIRE_CANCELLATION_APPROVAL,اشتراط الموافقة على الإلغاء,FALSE,FALSE
en,INVOICE_PREFIX,Invoice Prefix,FALSE,FALSE
arb,INVOICE_PREFIX,بادئة الفاتورة,FALSE,FALSE
en,CREDIT_NOTE_PREFIX,Credit Note Prefix,FALSE,FALSE
arb,CREDIT_NOTE_PREFIX,بادئة الإشعار الدائن,FALSE,FALSE
en,RECEIPT_PREFIX,Receipt Prefix,FALSE,FALSE
arb,RECEIPT_PREFIX,بادئة الإيصال,FALSE,FALSE
en,PAYMENT_PREFIX,Payment Prefix,FALSE,FALSE
arb,PAYMENT_PREFIX,بادئة الدفعة,FALSE,FALSE
en,INCLUDE_YEAR,Include Year,FALSE,FALSE
arb,INCLUDE_YEAR,تضمين السنة,FALSE,FALSE
en,INCLUDE_FACILITY_CODE,Include Facility Code,FALSE,FALSE
arb,INCLUDE_FACILITY_CODE,تضمين رمز المنشأة,FALSE,FALSE
en,SEQUENCE_LENGTH,Sequence Length,FALSE,FALSE
arb,SEQUENCE_LENGTH,طول التسلسل,FALSE,FALSE
en,RESET_FREQUENCY,Reset Frequency,FALSE,FALSE
arb,RESET_FREQUENCY,تكرار إعادة التعيين,FALSE,FALSE
en,NUMBER_SEPARATOR,Number Separator,FALSE,FALSE
arb,NUMBER_SEPARATOR,فاصل الأرقام,FALSE,FALSE
en,STRING,String,FALSE,FALSE
arb,STRING,نص,FALSE,FALSE
en,BOOLEAN,Boolean,FALSE,FALSE
arb,BOOLEAN,قيمة منطقية,FALSE,FALSE
en,INTEGER,Integer,FALSE,FALSE
arb,INTEGER,عدد صحيح,FALSE,FALSE
en,LONG,Long,FALSE,FALSE
arb,LONG,عدد صحيح طويل,FALSE,FALSE
en,DECIMAL,Decimal,FALSE,FALSE
arb,DECIMAL,عدد عشري,FALSE,FALSE
en,ENUM,Enum,FALSE,FALSE
arb,ENUM,تعداد,FALSE,FALSE
en,DATETIME,Datetime,FALSE,FALSE
arb,DATETIME,التاريخ والوقت,FALSE,FALSE
en,JSON,Json,FALSE,FALSE
arb,JSON,كائن JSON,FALSE,FALSE
en,NEVER,Never,FALSE,FALSE
arb,NEVER,أبدًا,FALSE,FALSE
en,YEARLY,Yearly,FALSE,FALSE
arb,YEARLY,سنوي,FALSE,FALSE
en,MONTHLY,Monthly,FALSE,FALSE
arb,MONTHLY,شهري,FALSE,FALSE
en,DAILY,Daily,FALSE,FALSE
arb,DAILY,يومي,FALSE,FALSE
en,A_POSITIVE,A Positive,FALSE,FALSE
arb,A_POSITIVE,موجب A,FALSE,FALSE
en,A_NEGATIVE,A Negative,FALSE,FALSE
arb,A_NEGATIVE,سالب A,FALSE,FALSE
en,B_POSITIVE,B Positive,FALSE,FALSE
arb,B_POSITIVE,موجب B,FALSE,FALSE
en,B_NEGATIVE,B Negative,FALSE,FALSE
arb,B_NEGATIVE,سالب B,FALSE,FALSE
en,AB_POSITIVE,Ab Positive,FALSE,FALSE
arb,AB_POSITIVE,موجب AB,FALSE,FALSE
en,AB_NEGATIVE,Ab Negative,FALSE,FALSE
arb,AB_NEGATIVE,سالب AB,FALSE,FALSE
en,O_POSITIVE,O Positive,FALSE,FALSE
arb,O_POSITIVE,موجب O,FALSE,FALSE
en,O_NEGATIVE,O Negative,FALSE,FALSE
arb,O_NEGATIVE,سالب O,FALSE,FALSE
en,UNKNOWN,Unknown,FALSE,FALSE
arb,UNKNOWN,غير معروف,FALSE,FALSE
en,PREVENTIVE_PROCEDURES,Preventive Procedures,FALSE,FALSE
arb,PREVENTIVE_PROCEDURES,إجراءات وقائية,FALSE,FALSE
en,RESTORATIVE_PROCEDURES,Restorative Procedures,FALSE,FALSE
arb,RESTORATIVE_PROCEDURES,إجراءات ترميمية,FALSE,FALSE
en,ENDODONTIC_PROCEDURES,Endodontic Procedures,FALSE,FALSE
arb,ENDODONTIC_PROCEDURES,إجراءات علاج جذور الأسنان,FALSE,FALSE
en,PERIODONTAL_PROCEDURES,Periodontal Procedures,FALSE,FALSE
arb,PERIODONTAL_PROCEDURES,إجراءات علاج اللثة,FALSE,FALSE
en,ORTHODONTIC_PROCEDURES,Orthodontic Procedures,FALSE,FALSE
arb,ORTHODONTIC_PROCEDURES,إجراءات تقويم الأسنان,FALSE,FALSE
en,ORAL_AND_MAXILLOFACIAL_SURGERY_PROCEDURES,Oral And Maxillofacial Surgery Procedures,FALSE,FALSE
arb,ORAL_AND_MAXILLOFACIAL_SURGERY_PROCEDURES,إجراءات جراحة الفم والوجه والفكين,FALSE,FALSE
en,IMPLANT_PROCEDURES,Implant Procedures,FALSE,FALSE
arb,IMPLANT_PROCEDURES,إجراءات زراعة الأسنان,FALSE,FALSE
en,UNCLASSIFIED_PROCEDURE,Unclassified Procedure,FALSE,FALSE
arb,UNCLASSIFIED_PROCEDURE,إجراء غير مصنف,FALSE,FALSE
en,DIAGNOSTIC_PROCEDURES,Diagnostic Procedures,FALSE,FALSE
arb,DIAGNOSTIC_PROCEDURES,إجراءات تشخيصية,FALSE,FALSE
en,PROSTHODONTIC_PROCEDURES,Prosthodontic Procedures,FALSE,FALSE
arb,PROSTHODONTIC_PROCEDURES,إجراءات التعويضات السنية,FALSE,FALSE
en,TYPE_1_DIABETIC,Type 1 Diabetic,FALSE,FALSE
arb,TYPE_1_DIABETIC,السكري من النوع الأول,FALSE,FALSE
en,TYPE_2_DIABETIC,Type 2 Diabetic,FALSE,FALSE
arb,TYPE_2_DIABETIC,السكري من النوع الثاني,FALSE,FALSE
en,GESTATIONAL_DIABETIC,Gestational Diabetic,FALSE,FALSE
arb,GESTATIONAL_DIABETIC,سكري الحمل,FALSE,FALSE
en,NONE_DIABETIC,None Diabetic,FALSE,FALSE
arb,NONE_DIABETIC,غير مصاب بالسكري,FALSE,FALSE
en,NORMAL_HYPERTENSION,Normal Hypertension,FALSE,FALSE
arb,NORMAL_HYPERTENSION,ارتفاع ضغط الدم الطبيعي,FALSE,FALSE
en,HYPERTENSION_STAGE_1,Hypertension Stage 1,FALSE,FALSE
arb,HYPERTENSION_STAGE_1,المرحلة الأولى من ارتفاع ضغط الدم,FALSE,FALSE
en,HYPERTENSION_STAGE_2,Hypertension Stage 2,FALSE,FALSE
arb,HYPERTENSION_STAGE_2,المرحلة الثانية من ارتفاع ضغط الدم,FALSE,FALSE
en,UNCONTROLLED_HYPERTENSION,Uncontrolled Hypertension,FALSE,FALSE
arb,UNCONTROLLED_HYPERTENSION,ارتفاع ضغط الدم غير المسيطر عليه,FALSE,FALSE
en,CIRRHOSIS,Cirrhosis,FALSE,FALSE
arb,CIRRHOSIS,تليف الكبد,FALSE,FALSE
en,HEPATITIS,Hepatitis,FALSE,FALSE
arb,HEPATITIS,التهاب الكبد,FALSE,FALSE
en,FATTY_LIVER,Fatty Liver,FALSE,FALSE
arb,FATTY_LIVER,الكبد الدهني,FALSE,FALSE
en,CHRONIC_KIDNEY_DISEASE,Chronic Kidney Disease,FALSE,FALSE
arb,CHRONIC_KIDNEY_DISEASE,مرض الكلى المزمن,FALSE,FALSE
en,DIALYSIS,Dialysis,FALSE,FALSE
arb,DIALYSIS,غسيل الكلى,FALSE,FALSE
en,TRANSPLANT,Transplant,FALSE,FALSE
arb,TRANSPLANT,زراعة الأعضاء,FALSE,FALSE
en,EUTHYROID,Euthyroid,FALSE,FALSE
arb,EUTHYROID,وظائف الغدة الدرقية طبيعية,FALSE,FALSE
en,HYPOTHYROID,Hypothyroid,FALSE,FALSE
arb,HYPOTHYROID,قصور الغدة الدرقية,FALSE,FALSE
en,HYPERTHYROID,Hyperthyroid,FALSE,FALSE
arb,HYPERTHYROID,فرط نشاط الغدة الدرقية,FALSE,FALSE
en,LUPUS,Lupus,FALSE,FALSE
arb,LUPUS,الذئبة,FALSE,FALSE
en,RHEUMATOID_ARTHRITIS,Rheumatoid Arthritis,FALSE,FALSE
arb,RHEUMATOID_ARTHRITIS,التهاب المفاصل الروماتويدي,FALSE,FALSE
en,ACTIVE_CHEMOTHERAPY,Active Chemotherapy,FALSE,FALSE
arb,ACTIVE_CHEMOTHERAPY,يتلقى العلاج الكيميائي حاليًا,FALSE,FALSE
en,REMISSION,Remission,FALSE,FALSE
arb,REMISSION,فترة الهدأة,FALSE,FALSE
en,POST_CHEMOTHERAPY,Post Chemotherapy,FALSE,FALSE
arb,POST_CHEMOTHERAPY,بعد العلاج الكيميائي,FALSE,FALSE
en,IRON_DEFICIENCY,Iron Deficiency,FALSE,FALSE
arb,IRON_DEFICIENCY,نقص الحديد,FALSE,FALSE
en,HEMOLYTIC,Hemolytic,FALSE,FALSE
arb,HEMOLYTIC,فقر الدم الانحلالي,FALSE,FALSE
en,APLASTIC,Aplastic,FALSE,FALSE
arb,APLASTIC,فقر الدم اللاتنسجي,FALSE,FALSE
en,ESTROGEN,Estrogen,FALSE,FALSE
arb,ESTROGEN,الإستروجين,FALSE,FALSE
en,TESTOSTERONE,Testosterone,FALSE,FALSE
arb,TESTOSTERONE,التستوستيرون,FALSE,FALSE
en,STEROIDS,Steroids,FALSE,FALSE
arb,STEROIDS,الستيرويدات,FALSE,FALSE
en,HRT,HRT,FALSE,FALSE
arb,HRT,العلاج بالهرمونات البديلة,FALSE,FALSE
en,POST_TRANSPLANT,Post Transplant,FALSE,FALSE
arb,POST_TRANSPLANT,بعد زراعة الأعضاء,FALSE,FALSE
en,CHEMOTHERAPY,Chemotherapy,FALSE,FALSE
arb,CHEMOTHERAPY,العلاج الكيميائي,FALSE,FALSE
en,BIOLOGICS,Biologics,FALSE,FALSE
arb,BIOLOGICS,العلاجات البيولوجية,FALSE,FALSE
en,RECENT_BLOOD_TRANSFUSION,Recent Blood Transfusion,FALSE,FALSE
arb,RECENT_BLOOD_TRANSFUSION,نقل دم حديث,FALSE,FALSE
en,TRANSFUSION_WITHIN_3_MONTHS,Transfusion Within 3 Months,FALSE,FALSE
arb,TRANSFUSION_WITHIN_3_MONTHS,نقل دم خلال الأشهر الثلاثة الماضية,FALSE,FALSE
en,HEMODIALYSIS,Hemodialysis,FALSE,FALSE
arb,HEMODIALYSIS,غسيل الكلى الدموي,FALSE,FALSE
en,PERITONEAL_DIALYSIS,Peritoneal Dialysis,FALSE,FALSE
arb,PERITONEAL_DIALYSIS,غسيل الكلى البريتوني,FALSE,FALSE
en,ON_STATINS,On Statins,FALSE,FALSE
arb,ON_STATINS,يتناول أدوية الستاتين,FALSE,FALSE
en,ON_DIURETICS,On Diuretics,FALSE,FALSE
arb,ON_DIURETICS,يتناول مدرات البول,FALSE,FALSE
en,ON_ANTIDEPRESSANTS,On Antidepressants,FALSE,FALSE
arb,ON_ANTIDEPRESSANTS,يتناول مضادات الاكتئاب,FALSE,FALSE
en,SICKLE_CELL,Sickle Cell,FALSE,FALSE
arb,SICKLE_CELL,فقر الدم المنجلي,FALSE,FALSE
en,THALASSEMIA,Thalassemia,FALSE,FALSE
arb,THALASSEMIA,الثلاسيميا,FALSE,FALSE
en,POLYCYTHEMIA,Polycythemia,FALSE,FALSE
arb,POLYCYTHEMIA,كثرة الحمر,FALSE,FALSE
en,G6PD_DEFICIENCY,G6pd Deficiency,FALSE,FALSE
arb,G6PD_DEFICIENCY,نقص إنزيم G6PD,FALSE,FALSE
en,PKU,PKU,FALSE,FALSE
arb,PKU,بيلة الفينيل كيتون,FALSE,FALSE
en,PHENYLKETONURIA,Phenylketonuria,FALSE,FALSE
arb,PHENYLKETONURIA,بيلة الفينيل كيتون,FALSE,FALSE
en,CYSTIC_FIBROSIS,Cystic Fibrosis,FALSE,FALSE
arb,CYSTIC_FIBROSIS,التليف الكيسي,FALSE,FALSE
en,GROUP,Group,FALSE,FALSE
arb,GROUP,مجموعة,FALSE,FALSE
en,SUBGROUP,Subgroup,FALSE,FALSE
arb,SUBGROUP,مجموعة فرعية,FALSE,FALSE
en,SUBPLAN,Subplan,FALSE,FALSE
arb,SUBPLAN,خطة فرعية,FALSE,FALSE
en,SUBCLASS,Subclass,FALSE,FALSE
arb,SUBCLASS,فئة فرعية,FALSE,FALSE
en,RXBIN,Rxbin,FALSE,FALSE
arb,RXBIN,رقم تعريف المستفيد الدوائي (RxBIN),FALSE,FALSE
en,RXPCN,Rxpcn,FALSE,FALSE
arb,RXPCN,رقم معالج مطالبات الوصفات (RxPCN),FALSE,FALSE
en,RXID,Rxid,FALSE,FALSE
arb,RXID,رقم تعريف المريض في نظام الوصفات (RxID),FALSE,FALSE
en,RXGROUP,Rxgroup,FALSE,FALSE
arb,RXGROUP,مجموعة التأمين الدوائي (RxGroup),FALSE,FALSE
en,NOT_CHECKED,Not Checked,FALSE,FALSE
arb,NOT_CHECKED,لم يتم التحقق,FALSE,FALSE
en,COVERED,Covered,FALSE,FALSE
arb,COVERED,مغطى,FALSE,FALSE
en,NOT_COVERED,Not Covered,FALSE,FALSE
arb,NOT_COVERED,غير مغطى,FALSE,FALSE
en,PARTIALLY_COVERED,Partially Covered,FALSE,FALSE
arb,PARTIALLY_COVERED,مغطى جزئيًا,FALSE,FALSE
en,ERROR,Error,FALSE,FALSE
arb,ERROR,خطأ,FALSE,FALSE
en,EHC_POL,Ehc Pol,FALSE,FALSE
arb,EHC_POL,وثيقة التأمين الصحي الإلكتروني,FALSE,FALSE
en,PUBLIC_POL,Public Pol,FALSE,FALSE
arb,PUBLIC_POL,وثيقة التأمين الصحي العام,FALSE,FALSE
en,EXTENDED_HEALTHCARE,Extended Healthcare,FALSE,FALSE
arb,EXTENDED_HEALTHCARE,رعاية صحية موسعة,FALSE,FALSE
en,EVALUATION_AND_MANAGEMENT,Evaluation And Management,FALSE,FALSE
arb,EVALUATION_AND_MANAGEMENT,التقييم والإدارة,FALSE,FALSE
en,PATHOLOGY_AND_LABORATORY,Pathology And Laboratory,FALSE,FALSE
arb,PATHOLOGY_AND_LABORATORY,علم الأمراض والمختبر,FALSE,FALSE
en,UNDEFINED,Undefined,FALSE,FALSE
arb,UNDEFINED,غير محدد,FALSE,FALSE
en,VACCINES,Vaccines,FALSE,FALSE
arb,VACCINES,اللقاحات,FALSE,FALSE
en,MEDICATION_ADMINISTRATION,Medication Administration,FALSE,FALSE
arb,MEDICATION_ADMINISTRATION,إعطاء الدواء,FALSE,FALSE
en,EXAMINATION_AND_SERVICES,Examination And Services,FALSE,FALSE
arb,EXAMINATION_AND_SERVICES,الفحوصات والخدمات,FALSE,FALSE
en,TEMPORARY_CODES,Temporary Codes,FALSE,FALSE
arb,TEMPORARY_CODES,رموز مؤقتة,FALSE,FALSE
en,USD,Usd,FALSE,FALSE
arb,USD,الدولار الأمريكي,FALSE,FALSE
en,EUR,Eur,FALSE,FALSE
arb,EUR,اليورو,FALSE,FALSE
en,GBP,Gbp,FALSE,FALSE
arb,GBP,الجنيه الإسترليني,FALSE,FALSE
en,JPY,Jpy,FALSE,FALSE
arb,JPY,الين الياباني,FALSE,FALSE
en,AUD,Aud,FALSE,FALSE
arb,AUD,الدولار الأسترالي,FALSE,FALSE
en,CAD,Cad,FALSE,FALSE
arb,CAD,الدولار الكندي,FALSE,FALSE
en,CHF,Chf,FALSE,FALSE
arb,CHF,الفرنك السويسري,FALSE,FALSE
en,CNY,Cny,FALSE,FALSE
arb,CNY,اليوان الصيني,FALSE,FALSE
en,SAR,Sar,FALSE,FALSE
arb,SAR,الريال السعودي,FALSE,FALSE
en,AED,Aed,FALSE,FALSE
arb,AED,الدرهم الإماراتي,FALSE,FALSE
en,EGP,Egp,FALSE,FALSE
arb,EGP,الجنيه المصري,FALSE,FALSE
en,JOD,Jod,FALSE,FALSE
arb,JOD,الدينار الأردني,FALSE,FALSE
en,INPATIENT_WARD,Inpatient Ward,FALSE,FALSE
arb,INPATIENT_WARD,جناح المرضى المنومين,FALSE,FALSE
en,OUTPATIENT_CLINIC,Outpatient Clinic,FALSE,FALSE
arb,OUTPATIENT_CLINIC,عيادة المرضى الخارجيين,FALSE,FALSE
en,REGISTRATION,Registration,FALSE,FALSE
arb,REGISTRATION,التسجيل,FALSE,FALSE
en,EMERGENCY_ROOM,Emergency Room,FALSE,FALSE
arb,EMERGENCY_ROOM,قسم الطوارئ,FALSE,FALSE
en,OPERATION_THEATER,Operation Theater,FALSE,FALSE
arb,OPERATION_THEATER,غرفة العمليات,FALSE,FALSE
en,GENETIC_LAB,Genetic Lab,FALSE,FALSE
arb,GENETIC_LAB,مختبر الوراثة,FALSE,FALSE
en,OPTIC_LAB,Optic Lab,FALSE,FALSE
arb,OPTIC_LAB,مختبر البصريات,FALSE,FALSE
en,BLOOD_BANK,Blood Bank,FALSE,FALSE
arb,BLOOD_BANK,بنك الدم,FALSE,FALSE
en,DIALYSIS_ROOM,Dialysis Room,FALSE,FALSE
arb,DIALYSIS_ROOM,غرفة غسيل الكلى,FALSE,FALSE
en,PHYSIOTHERAPY_ROOM,Physiotherapy Room,FALSE,FALSE
arb,PHYSIOTHERAPY_ROOM,غرفة العلاج الطبيعي,FALSE,FALSE
en,STERILIZATION_ROOM,Sterilization Room,FALSE,FALSE
arb,STERILIZATION_ROOM,غرفة التعقيم,FALSE,FALSE
en,MAINTENANCE,Maintenance,FALSE,FALSE
arb,MAINTENANCE,الصيانة,FALSE,FALSE
en,LAUNDRY,Laundry,FALSE,FALSE
arb,LAUNDRY,المغسلة,FALSE,FALSE
en,KITCHEN,Kitchen,FALSE,FALSE
arb,KITCHEN,المطبخ,FALSE,FALSE
en,MORGUE,Morgue,FALSE,FALSE
arb,MORGUE,المشرحة,FALSE,FALSE
en,CONSULTANT,Consultant,FALSE,FALSE
arb,CONSULTANT,استشاري,FALSE,FALSE
en,DIFFERENTIAL,Differential,FALSE,FALSE
arb,DIFFERENTIAL,تشخيص تفريقي,FALSE,FALSE
en,SUBACUTE,Subacute,FALSE,FALSE
arb,SUBACUTE,شبه حاد,FALSE,FALSE
en,PROVISIONAL,Provisional,FALSE,FALSE
arb,PROVISIONAL,مبدئي,FALSE,FALSE
en,CONGENITAL,Congenital,FALSE,FALSE
arb,CONGENITAL,خلقي,FALSE,FALSE
en,IDIOPATHIC,Idiopathic,FALSE,FALSE
arb,IDIOPATHIC,مجهول السبب,FALSE,FALSE
en,RECURRENT,Recurrent,FALSE,FALSE
arb,RECURRENT,متكرر,FALSE,FALSE
en,SAMPLE_REPEAT,Sample Repeat,FALSE,FALSE
arb,SAMPLE_REPEAT,إعادة أخذ العينة,FALSE,FALSE
en,EXAM_DONE,Exam Done,FALSE,FALSE
arb,EXAM_DONE,تم إجراء الفحص,FALSE,FALSE
en,ALL_ACCEPTED,All Accepted,FALSE,FALSE
arb,ALL_ACCEPTED,تم قبول الكل,FALSE,FALSE
en,ALL_REJECTED,All Rejected,FALSE,FALSE
arb,ALL_REJECTED,تم رفض الكل,FALSE,FALSE
en,LTR,LTR,FALSE,FALSE
arb,LTR,من اليسار إلى اليمين,FALSE,FALSE
en,RTL,RTL,FALSE,FALSE
arb,RTL,من اليمين إلى اليسار,FALSE,FALSE
en,LINE,Line,FALSE,FALSE
arb,LINE,سطر,FALSE,FALSE
en,GENERAL,General,FALSE,FALSE
arb,GENERAL,عام,FALSE,FALSE
en,EMPLOYEE,Employee,FALSE,FALSE
arb,EMPLOYEE,موظف,FALSE,FALSE
en,PROMOTION,Promotion,FALSE,FALSE
arb,PROMOTION,ترقية,FALSE,FALSE
en,FIRST,First,FALSE,FALSE
arb,FIRST,الأول,FALSE,FALSE
en,SECOND,Second,FALSE,FALSE
arb,SECOND,الثاني,FALSE,FALSE
en,THIRD,Third,FALSE,FALSE
arb,THIRD,الثالث,FALSE,FALSE
en,FOURTH,Fourth,FALSE,FALSE
arb,FOURTH,الرابع,FALSE,FALSE
en,FIFTH,Fifth,FALSE,FALSE
arb,FIFTH,الخامس,FALSE,FALSE
en,SIXTH,Sixth,FALSE,FALSE
arb,SIXTH,السادس,FALSE,FALSE
en,SEVENTH,Seventh,FALSE,FALSE
arb,SEVENTH,السابع,FALSE,FALSE
en,EIGHTH,Eighth,FALSE,FALSE
arb,EIGHTH,الثامن,FALSE,FALSE
en,NINTH,Ninth,FALSE,FALSE
arb,NINTH,التاسع,FALSE,FALSE
en,TENTH,Tenth,FALSE,FALSE
arb,TENTH,العاشر,FALSE,FALSE
en,SECONDS,Seconds,FALSE,FALSE
arb,SECONDS,ثوانٍ,FALSE,FALSE
en,FINANCIALLY_CLOSED,Financially Closed,FALSE,FALSE
arb,FINANCIALLY_CLOSED,مغلق ماليًا,FALSE,FALSE
en,INVOICED,Invoiced,FALSE,FALSE
arb,INVOICED,تمت فوترته,FALSE,FALSE
en,ONGOING,Ongoing,FALSE,FALSE
arb,ONGOING,مستمر,FALSE,FALSE
en,DISCHARGED,Discharged,FALSE,FALSE
arb,DISCHARGED,تم تخريجه,FALSE,FALSE
en,IN_OPERATION,In Operation,FALSE,FALSE
arb,IN_OPERATION,قيد العملية,FALSE,FALSE
en,CONFIRM_RETURN,Confirm Return,FALSE,FALSE
arb,CONFIRM_RETURN,تأكيد الإرجاع,FALSE,FALSE
en,TEMP_DC,Temp Dc,FALSE,FALSE
arb,TEMP_DC,خروج مؤقت,FALSE,FALSE
en,TRIAGE_STARTED,Triage Started,FALSE,FALSE
arb,TRIAGE_STARTED,بدأ الفرز الطبي,FALSE,FALSE
en,SENT_TO_ER,Sent To Er,FALSE,FALSE
arb,SENT_TO_ER,تم إرساله إلى الطوارئ,FALSE,FALSE
en,WAITING_TRIAGE,Waiting Triage,FALSE,FALSE
arb,WAITING_TRIAGE,بانتظار الفرز الطبي,FALSE,FALSE
en,PENDING_PAYMENT,Pending Payment,FALSE,FALSE
arb,PENDING_PAYMENT,بانتظار الدفع,FALSE,FALSE
en,HOSPITAL,Hospital,FALSE,FALSE
arb,HOSPITAL,مستشفى,FALSE,FALSE
en,PARTIAL_CREDIT,Partial Credit,FALSE,FALSE
arb,PARTIAL_CREDIT,رصيد دائن جزئي,FALSE,FALSE
en,LINE_DISCOUNT,Line Discount,FALSE,FALSE
arb,LINE_DISCOUNT,خصم على البند,FALSE,FALSE
en,REDUCE,Reduce,FALSE,FALSE
arb,REDUCE,تخفيض,FALSE,FALSE
en,INCREASE,Increase,FALSE,FALSE
arb,INCREASE,زيادة,FALSE,FALSE
en,ISSUED,Issued,FALSE,FALSE
arb,ISSUED,تم الإصدار,FALSE,FALSE
en,PARTIALLY_PAID,Partially Paid,FALSE,FALSE
arb,PARTIALLY_PAID,مدفوع جزئيًا,FALSE,FALSE
en,POSTED,Posted,FALSE,FALSE
arb,POSTED,تم ترحيله,FALSE,FALSE
en,INSURANCE_CLAIM,Insurance Claim,FALSE,FALSE
arb,INSURANCE_CLAIM,مطالبة تأمينية,FALSE,FALSE
en,MALE,Male,FALSE,FALSE
arb,MALE,ذكر,FALSE,FALSE
en,FEMALE,Female,FALSE,FALSE
arb,FEMALE,أنثى,FALSE,FALSE
en,PUBLIC_HOLIDAY,Public Holiday,FALSE,FALSE
arb,PUBLIC_HOLIDAY,عطلة رسمية,FALSE,FALSE
en,FORMAL_VACATION,Formal Vacation,FALSE,FALSE
arb,FORMAL_VACATION,إجازة رسمية,FALSE,FALSE
en,CLOSURE,Closure,FALSE,FALSE
arb,CLOSURE,إغلاق,FALSE,FALSE
en,DENTIST,Dentist,FALSE,FALSE
arb,DENTIST,طبيب أسنان,FALSE,FALSE
en,MIDWIFE,Midwife,FALSE,FALSE
arb,MIDWIFE,قابلة,FALSE,FALSE
en,ANESTHESIOLOGIST,Anesthesiologist,FALSE,FALSE
arb,ANESTHESIOLOGIST,طبيب تخدير,FALSE,FALSE
en,RADIOLOGIST,Radiologist,FALSE,FALSE
arb,RADIOLOGIST,طبيب أشعة,FALSE,FALSE
en,PATHOLOGIST,Pathologist,FALSE,FALSE
arb,PATHOLOGIST,طبيب علم الأمراض,FALSE,FALSE
en,PHARMACIST,Pharmacist,FALSE,FALSE
arb,PHARMACIST,صيدلي,FALSE,FALSE
en,PHYSICAL_THERAPIST,Physical Therapist,FALSE,FALSE
arb,PHYSICAL_THERAPIST,أخصائي علاج طبيعي,FALSE,FALSE
en,OCCUPATIONAL_THERAPIST,Occupational Therapist,FALSE,FALSE
arb,OCCUPATIONAL_THERAPIST,أخصائي علاج وظيفي,FALSE,FALSE
en,DIETITIAN_NUTRITIONIST,Dietitian Nutritionist,FALSE,FALSE
arb,DIETITIAN_NUTRITIONIST,أخصائي تغذية,FALSE,FALSE
en,PSYCHOLOGIST,Psychologist,FALSE,FALSE
arb,PSYCHOLOGIST,أخصائي علم النفس,FALSE,FALSE
en,PSYCHIATRIST,Psychiatrist,FALSE,FALSE
arb,PSYCHIATRIST,طبيب نفسي,FALSE,FALSE
en,PARAMEDIC_EMS,Paramedic Ems,FALSE,FALSE
arb,PARAMEDIC_EMS,مسعف طوارئ,FALSE,FALSE
en,RESPIRATORY_THERAPIST,Respiratory Therapist,FALSE,FALSE
arb,RESPIRATORY_THERAPIST,أخصائي علاج تنفسي,FALSE,FALSE
en,HOSPITAL_DIRECTOR_CEO,Hospital Director Ceo,FALSE,FALSE
arb,HOSPITAL_DIRECTOR_CEO,مدير المستشفى والرئيس التنفيذي,FALSE,FALSE
en,MEDICAL_DIRECTOR,Medical Director,FALSE,FALSE
arb,MEDICAL_DIRECTOR,المدير الطبي,FALSE,FALSE
en,LAB_TECHNICIAN,Lab Technician,FALSE,FALSE
arb,LAB_TECHNICIAN,فني مختبر,FALSE,FALSE
en,HEAD_OF_DEPARTMENT,Head Of Department,FALSE,FALSE
arb,HEAD_OF_DEPARTMENT,رئيس القسم,FALSE,FALSE
en,ADMINISTRATIVE_OFFICER,Administrative Officer,FALSE,FALSE
arb,ADMINISTRATIVE_OFFICER,مسؤول إداري,FALSE,FALSE
en,MEDICAL_SECRETARY,Medical Secretary,FALSE,FALSE
arb,MEDICAL_SECRETARY,سكرتير طبي,FALSE,FALSE
en,RECEPTIONIST,Receptionist,FALSE,FALSE
arb,RECEPTIONIST,موظف استقبال,FALSE,FALSE
en,PATIENT_RELATIONS_OFFICER,Patient Relations Officer,FALSE,FALSE
arb,PATIENT_RELATIONS_OFFICER,مسؤول علاقات المرضى,FALSE,FALSE
en,HEALTH_INFORMATION_MANAGER,Health Information Manager,FALSE,FALSE
arb,HEALTH_INFORMATION_MANAGER,مدير المعلومات الصحية,FALSE,FALSE
en,BILLING_OFFICER,Billing Officer,FALSE,FALSE
arb,BILLING_OFFICER,مسؤول الفوترة,FALSE,FALSE
en,MEDICAL_CODER,Medical Coder,FALSE,FALSE
arb,MEDICAL_CODER,مرمز طبي,FALSE,FALSE
en,INSURANCE_COORDINATOR,Insurance Coordinator,FALSE,FALSE
arb,INSURANCE_COORDINATOR,منسق التأمين,FALSE,FALSE
en,FINANCIAL_CONTROLLER,Financial Controller,FALSE,FALSE
arb,FINANCIAL_CONTROLLER,مراقب مالي,FALSE,FALSE
en,IT_MANAGER,It Manager,FALSE,FALSE
arb,IT_MANAGER,مدير تقنية المعلومات,FALSE,FALSE
en,HIS_ADMINISTRATOR,His Administrator,FALSE,FALSE
arb,HIS_ADMINISTRATOR,مسؤول نظام المعلومات الصحية,FALSE,FALSE
en,DATABASE_ADMINISTRATOR,Database Administrator,FALSE,FALSE
arb,DATABASE_ADMINISTRATOR,مسؤول قواعد البيانات,FALSE,FALSE
en,CYBERSECURITY_OFFICER,Cybersecurity Officer,FALSE,FALSE
arb,CYBERSECURITY_OFFICER,مسؤول الأمن السيبراني,FALSE,FALSE
en,TECHNICAL_SUPPORT_SPECIALIST,Technical Support Specialist,FALSE,FALSE
arb,TECHNICAL_SUPPORT_SPECIALIST,أخصائي الدعم الفني,FALSE,FALSE
en,MEDICAL_LABORATORY_SCIENTIST,Medical Laboratory Scientist,FALSE,FALSE
arb,MEDICAL_LABORATORY_SCIENTIST,أخصائي مختبرات طبية,FALSE,FALSE
en,RADIOLOGY_TECHNICIAN,Radiology Technician,FALSE,FALSE
arb,RADIOLOGY_TECHNICIAN,فني أشعة,FALSE,FALSE
en,SONOGRAPHER,Sonographer,FALSE,FALSE
arb,SONOGRAPHER,أخصائي التصوير بالموجات فوق الصوتية,FALSE,FALSE
en,PATHOLOGY_ASSISTANT,Pathology Assistant,FALSE,FALSE
arb,PATHOLOGY_ASSISTANT,مساعد علم الأمراض,FALSE,FALSE
en,HOUSEKEEPING_STAFF,Housekeeping Staff,FALSE,FALSE
arb,HOUSEKEEPING_STAFF,موظف خدمات النظافة,FALSE,FALSE
en,SECURITY_OFFICER,Security Officer,FALSE,FALSE
arb,SECURITY_OFFICER,مسؤول أمن,FALSE,FALSE
en,TRANSPORT_STAFF,Transport Staff,FALSE,FALSE
arb,TRANSPORT_STAFF,موظف نقل,FALSE,FALSE
en,SUPPLY_CHAIN_MANAGER,Supply Chain Manager,FALSE,FALSE
arb,SUPPLY_CHAIN_MANAGER,مدير سلسلة التوريد,FALSE,FALSE
en,BIOMEDICAL_ENGINEER,Biomedical Engineer,FALSE,FALSE
arb,BIOMEDICAL_ENGINEER,مهندس أجهزة طبية حيوية,FALSE,FALSE
en,MEDICAL_RESEARCHER,Medical Researcher,FALSE,FALSE
arb,MEDICAL_RESEARCHER,باحث طبي,FALSE,FALSE
en,MEDICAL_EDUCATOR,Medical Educator,FALSE,FALSE
arb,MEDICAL_EDUCATOR,مثقف صحي,FALSE,FALSE
en,CLINICAL_TRIALS_COORDINATOR,Clinical Trials Coordinator,FALSE,FALSE
arb,CLINICAL_TRIALS_COORDINATOR,منسق التجارب السريرية,FALSE,FALSE
en,PUBLIC_HEALTH_OFFICER,Public Health Officer,FALSE,FALSE
arb,PUBLIC_HEALTH_OFFICER,مسؤول الصحة العامة,FALSE,FALSE
en,COMMUNITY_HEALTH_WORKER,Community Health Worker,FALSE,FALSE
arb,COMMUNITY_HEALTH_WORKER,عامل صحة مجتمعية,FALSE,FALSE
en,SOCIAL_WORKER,Social Worker,FALSE,FALSE
arb,SOCIAL_WORKER,أخصائي اجتماعي,FALSE,FALSE
en,DOCTOR,Doctor,FALSE,FALSE
arb,DOCTOR,طبيب,FALSE,FALSE
en,PATIENT_RECEIVABLE,Patient Receivable,FALSE,FALSE
arb,PATIENT_RECEIVABLE,ذمم المرضى المدينة,FALSE,FALSE
en,REVENUE,Revenue,FALSE,FALSE
arb,REVENUE,الإيرادات,FALSE,FALSE
en,LIABILITY,Liability,FALSE,FALSE
arb,LIABILITY,الالتزامات,FALSE,FALSE
en,PATIENT_PAYABLE,Patient Payable,FALSE,FALSE
arb,PATIENT_PAYABLE,ذمم المرضى الدائنة,FALSE,FALSE
en,INSURANCE_RECEIVABLE,Insurance Receivable,FALSE,FALSE
arb,INSURANCE_RECEIVABLE,المبالغ المستحقة من شركات التأمين,FALSE,FALSE
en,MILLIGRAM,Milligram,FALSE,FALSE
arb,MILLIGRAM,مليغرام,FALSE,FALSE
en,GRAM,Gram,FALSE,FALSE
arb,GRAM,غرام,FALSE,FALSE
en,KILOGRAM,Kilogram,FALSE,FALSE
arb,KILOGRAM,كيلوغرام,FALSE,FALSE
en,NANOGRAM,Nanogram,FALSE,FALSE
arb,NANOGRAM,نانوجرام,FALSE,FALSE
en,PICOGRAM,Picogram,FALSE,FALSE
arb,PICOGRAM,بيكوجرام,FALSE,FALSE
en,MILLIGRAM_PER_MILLILITER,Milligram Per Milliliter,FALSE,FALSE
arb,MILLIGRAM_PER_MILLILITER,مليغرام لكل مليلتر,FALSE,FALSE
en,NANOGRAM_PER_MILLILITER,Nanogram Per Milliliter,FALSE,FALSE
arb,NANOGRAM_PER_MILLILITER,نانوجرام لكل مليلتر,FALSE,FALSE
en,PICOGRAM_PER_MILLILITER,Picogram Per Milliliter,FALSE,FALSE
arb,PICOGRAM_PER_MILLILITER,بيكوجرام لكل مليلتر,FALSE,FALSE
en,GRAM_PER_LITER,Gram Per Liter,FALSE,FALSE
arb,GRAM_PER_LITER,غرام لكل لتر,FALSE,FALSE
en,MICROGRAM_PER_MILLILITER,Microgram Per Milliliter,FALSE,FALSE
arb,MICROGRAM_PER_MILLILITER,ميكروغرام لكل مليلتر,FALSE,FALSE
en,MILLIGRAM_PER_DECILITER,Milligram Per Deciliter,FALSE,FALSE
arb,MILLIGRAM_PER_DECILITER,مليغرام لكل ديسيلتر,FALSE,FALSE
en,MILLIGRAM_PER_LITER,Milligram Per Liter,FALSE,FALSE
arb,MILLIGRAM_PER_LITER,مليغرام لكل لتر,FALSE,FALSE
en,NANOGRAM_PER_LITER,Nanogram Per Liter,FALSE,FALSE
arb,NANOGRAM_PER_LITER,نانوجرام لكل لتر,FALSE,FALSE
en,MILLIMOLE_PER_LITER,Millimole Per Liter,FALSE,FALSE
arb,MILLIMOLE_PER_LITER,مليمول لكل لتر,FALSE,FALSE
en,MOLE_PER_LITER,Mole Per Liter,FALSE,FALSE
arb,MOLE_PER_LITER,مول لكل لتر,FALSE,FALSE
en,NANOMOLE_PER_LITER,Nanomole Per Liter,FALSE,FALSE
arb,NANOMOLE_PER_LITER,نانومول لكل لتر,FALSE,FALSE
en,PICOMOLE_PER_LITER,Picomole Per Liter,FALSE,FALSE
arb,PICOMOLE_PER_LITER,بيكومول لكل لتر,FALSE,FALSE
en,UNIT_PER_LITER,Unit Per Liter,FALSE,FALSE
arb,UNIT_PER_LITER,وحدة لكل لتر,FALSE,FALSE
en,INTERNATIONAL_UNIT_PER_LITER,International Unit Per Liter,FALSE,FALSE
arb,INTERNATIONAL_UNIT_PER_LITER,وحدة دولية لكل لتر,FALSE,FALSE
en,INTERNATIONAL_UNIT_PER_MILLILITER,International Unit Per Milliliter,FALSE,FALSE
arb,INTERNATIONAL_UNIT_PER_MILLILITER,وحدة دولية لكل مليلتر,FALSE,FALSE
en,KATAL_PER_LITER,Katal Per Liter,FALSE,FALSE
arb,KATAL_PER_LITER,كاتال لكل لتر,FALSE,FALSE
en,CELLS_PER_LITER,Cells Per Liter,FALSE,FALSE
arb,CELLS_PER_LITER,خلية لكل لتر,FALSE,FALSE
en,GRAM_PER_LITER_ABBREVIATED,Gram Per Liter Abbreviated,FALSE,FALSE
arb,GRAM_PER_LITER_ABBREVIATED,غرام لكل لتر,FALSE,FALSE
en,MILLIMETER_OF_MERCURY,Millimeter Of Mercury,FALSE,FALSE
arb,MILLIMETER_OF_MERCURY,ملليمتر زئبق,FALSE,FALSE
en,KILOPASCAL,Kilopascal,FALSE,FALSE
arb,KILOPASCAL,كيلوباسكال,FALSE,FALSE
en,MILLIEQUIVALENT_PER_LITER,Milliequivalent Per Liter,FALSE,FALSE
arb,MILLIEQUIVALENT_PER_LITER,ملي مكافئ لكل لتر,FALSE,FALSE
en,MILLIOSMOLAL_PER_KILOGRAM,Milliosmolal Per Kilogram,FALSE,FALSE
arb,MILLIOSMOLAL_PER_KILOGRAM,ميلي أسمول لكل كيلوغرام,FALSE,FALSE
en,MILLIOSMOLAL_PER_LITER,Milliosmolal Per Liter,FALSE,FALSE
arb,MILLIOSMOLAL_PER_LITER,ميلي أسمول لكل لتر,FALSE,FALSE
en,NANOGRAM_PER_DECILITER,Nanogram Per Deciliter,FALSE,FALSE
arb,NANOGRAM_PER_DECILITER,نانوجرام لكل ديسيلتر,FALSE,FALSE
en,COLONY_FORMING_UNIT_PER_ML,Colony Forming Unit Per Ml,FALSE,FALSE
arb,COLONY_FORMING_UNIT_PER_ML,وحدة تكوين المستعمرات لكل مليلتر,FALSE,FALSE
en,CELLS_PER_HIGH_POWER_FIELD,Cells Per High Power Field,FALSE,FALSE
arb,CELLS_PER_HIGH_POWER_FIELD,خلايا لكل مجال قوة عالٍ,FALSE,FALSE
en,SPECIFIC_GRAVITY,Specific Gravity,FALSE,FALSE
arb,SPECIFIC_GRAVITY,الكثافة النوعية,FALSE,FALSE
en,ARBITRARY_UNITS,Arbitrary Units,FALSE,FALSE
arb,ARBITRARY_UNITS,وحدات اعتباطية,FALSE,FALSE
en,MICROGRAM,Microgram,FALSE,FALSE
arb,MICROGRAM,ميكروغرام,FALSE,FALSE
en,MICROGRAM_PER_DECILITER,Microgram Per Deciliter,FALSE,FALSE
arb,MICROGRAM_PER_DECILITER,ميكروغرام لكل ديسيلتر,FALSE,FALSE
en,MICROMOLE_PER_LITER,Micromole Per Liter,FALSE,FALSE
arb,MICROMOLE_PER_LITER,ميكرومول لكل لتر,FALSE,FALSE
en,CELLS_PER_MICROLITER,Cells Per Microliter,FALSE,FALSE
arb,CELLS_PER_MICROLITER,خلايا لكل ميكرولتر,FALSE,FALSE
en,MILLION_PER_MICROLITER,Million Per Microliter,FALSE,FALSE
arb,MILLION_PER_MICROLITER,مليون لكل ميكرولتر,FALSE,FALSE
en,MICROGRAM_PER_LITER,Microgram Per Liter,FALSE,FALSE
arb,MICROGRAM_PER_LITER,ميكروغرام لكل لتر,FALSE,FALSE
en,DEGREE_CELSIUS,Degree Celsius,FALSE,FALSE
arb,DEGREE_CELSIUS,درجة مئوية,FALSE,FALSE
en,MILLILITER,Milliliter,FALSE,FALSE
arb,MILLILITER,مليلتر,FALSE,FALSE
en,NO_UNIT,No Unit,FALSE,FALSE
arb,NO_UNIT,بدون وحدة,FALSE,FALSE
en,TWICE_DAILY,Twice Daily,FALSE,FALSE
arb,TWICE_DAILY,مرتين يوميًا,FALSE,FALSE
en,FOUR_TIMES_DAILY,Four Times Daily,FALSE,FALSE
arb,FOUR_TIMES_DAILY,أربع مرات يوميًا,FALSE,FALSE
en,EVERY_4_HOURS,Every 4 Hours,FALSE,FALSE
arb,EVERY_4_HOURS,كل 4 ساعات,FALSE,FALSE
en,EVERY_8_HOURS,Every 8 Hours,FALSE,FALSE
arb,EVERY_8_HOURS,كل 8 ساعات,FALSE,FALSE
en,AS_NEEDED,As Needed,FALSE,FALSE
arb,AS_NEEDED,عند الحاجة,FALSE,FALSE
en,AT_BEDTIME,At Bedtime,FALSE,FALSE
arb,AT_BEDTIME,قبل النوم,FALSE,FALSE
en,EVERY_EVENING,Every Evening,FALSE,FALSE
arb,EVERY_EVENING,كل مساء,FALSE,FALSE
en,EVERY_4_TO_6_HOURS,Every 4 To 6 Hours,FALSE,FALSE
arb,EVERY_4_TO_6_HOURS,كل 4 إلى 6 ساعات,FALSE,FALSE
en,EVERY_OTHER_DAY,Every Other Day,FALSE,FALSE
arb,EVERY_OTHER_DAY,يومًا بعد يوم,FALSE,FALSE
en,ONCE_DAILY,Once Daily,FALSE,FALSE
arb,ONCE_DAILY,مرة واحدة يوميًا,FALSE,FALSE
en,THREE_TIMES_DAILY,Three Times Daily,FALSE,FALSE
arb,THREE_TIMES_DAILY,ثلاث مرات يوميًا,FALSE,FALSE
en,EVERY_MORNING,Every Morning,FALSE,FALSE
arb,EVERY_MORNING,كل صباح,FALSE,FALSE
en,BEFORE_MEALS,Before Meals,FALSE,FALSE
arb,BEFORE_MEALS,قبل الوجبات,FALSE,FALSE
en,AFTER_MEALS,After Meals,FALSE,FALSE
arb,AFTER_MEALS,بعد الوجبات,FALSE,FALSE
en,WITH_FOOD,With Food,FALSE,FALSE
arb,WITH_FOOD,مع الطعام,FALSE,FALSE
en,ON_EMPTY_STOMACH,On Empty Stomach,FALSE,FALSE
arb,ON_EMPTY_STOMACH,على معدة فارغة,FALSE,FALSE
en,AS_NEEDED_EVERY_4_TO_6_HOURS,As Needed Every 4 To 6 Hours,FALSE,FALSE
arb,AS_NEEDED_EVERY_4_TO_6_HOURS,عند الحاجة كل 4 إلى 6 ساعات,FALSE,FALSE
en,DIVIDED_DOSES,Divided Doses,FALSE,FALSE
arb,DIVIDED_DOSES,جرعات مقسمة,FALSE,FALSE
en,TITRATE_AS_DIRECTED,Titrate As Directed,FALSE,FALSE
arb,TITRATE_AS_DIRECTED,تعديل الجرعة حسب التوجيهات,FALSE,FALSE
en,ADJUSTED_INTERVAL,Adjusted Interval,FALSE,FALSE
arb,ADJUSTED_INTERVAL,فاصل زمني معدل,FALSE,FALSE
en,AFTER_DIALYSIS,After Dialysis,FALSE,FALSE
arb,AFTER_DIALYSIS,بعد غسيل الكلى,FALSE,FALSE
en,ONCE,Once,FALSE,FALSE
arb,ONCE,مرة واحدة,FALSE,FALSE
en,TAPER_AS_DIRECTED,Taper As Directed,FALSE,FALSE
arb,TAPER_AS_DIRECTED,تقليل الجرعة تدريجيًا حسب التوجيهات,FALSE,FALSE
en,WEEKLY,Weekly,FALSE,FALSE
arb,WEEKLY,أسبوعيًا,FALSE,FALSE
en,EVERY_2_WEEKS,Every 2 Weeks,FALSE,FALSE
arb,EVERY_2_WEEKS,كل أسبوعين,FALSE,FALSE
en,EVERY_2_TO_3_HOURS,Every 2 To 3 Hours,FALSE,FALSE
arb,EVERY_2_TO_3_HOURS,كل 2 إلى 3 ساعات,FALSE,FALSE
en,EVERY_24_HOURS,Every 24 Hours,FALSE,FALSE
arb,EVERY_24_HOURS,كل 24 ساعة,FALSE,FALSE
en,EVERY_48_HOURS,Every 48 Hours,FALSE,FALSE
arb,EVERY_48_HOURS,كل 48 ساعة,FALSE,FALSE
en,EVERY_72_HOURS,Every 72 Hours,FALSE,FALSE
arb,EVERY_72_HOURS,كل 72 ساعة,FALSE,FALSE
en,AS_DIRECTED,As Directed,FALSE,FALSE
arb,AS_DIRECTED,حسب التوجيهات,FALSE,FALSE
en,CONTINUOUS_INFUSION,Continuous Infusion,FALSE,FALSE
arb,CONTINUOUS_INFUSION,تسريب مستمر,FALSE,FALSE
en,CPT_CODES,CPT Codes,FALSE,FALSE
arb,CPT_CODES,رموز CPT,FALSE,FALSE
en,ICD10_CODES,ICD10 Codes,FALSE,FALSE
arb,ICD10_CODES,رموز ICD-10,FALSE,FALSE
en,LOINC_CODES,LOINC Codes,FALSE,FALSE
arb,LOINC_CODES,رموز LOINC,FALSE,FALSE
en,DRUG_ORDER,Drug Order,FALSE,FALSE
arb,DRUG_ORDER,طلب دواء,FALSE,FALSE
en,DIAGNOSTICS_RESULT,Diagnostics Result,FALSE,FALSE
arb,DIAGNOSTICS_RESULT,نتيجة التشخيص,FALSE,FALSE
en,DENTAL_CARE,Dental Care,FALSE,FALSE
arb,DENTAL_CARE,رعاية الأسنان,FALSE,FALSE
en,DOCTOR_ROUND,Doctor Round,FALSE,FALSE
arb,DOCTOR_ROUND,جولة الطبيب,FALSE,FALSE
en,DAY_CASE,Day Case,FALSE,FALSE
arb,DAY_CASE,حالة يومية,FALSE,FALSE
en,BEDSIDE_PROCEDURES_REQUEST,Bedside Procedures Request,FALSE,FALSE
arb,BEDSIDE_PROCEDURES_REQUEST,طلب إجراءات بجانب سرير المريض,FALSE,FALSE
en,RISK_ASSESSMENTS,Risk Assessments,FALSE,FALSE
arb,RISK_ASSESSMENTS,تقييمات المخاطر,FALSE,FALSE
en,NUTRITION_STATE_ASSESSMENT,Nutrition State Assessment,FALSE,FALSE
arb,NUTRITION_STATE_ASSESSMENT,تقييم الحالة الغذائية,FALSE,FALSE
en,PHYSICIAN_ORDER_SUMMARY,Physician Order Summary,FALSE,FALSE
arb,PHYSICIAN_ORDER_SUMMARY,ملخص أوامر الطبيب,FALSE,FALSE
en,CARE_PLAN_AND_GOALS,Care Plan And Goals,FALSE,FALSE
arb,CARE_PLAN_AND_GOALS,خطة الرعاية والأهداف,FALSE,FALSE
en,PREGNANCY_FOLLOW_UP,Pregnancy Follow Up,FALSE,FALSE
arb,PREGNANCY_FOLLOW_UP,متابعة الحمل,FALSE,FALSE
en,MORSE_FALL_SCALE,Morse Fall Scale,FALSE,FALSE
arb,MORSE_FALL_SCALE,مقياس مورسي للسقوط,FALSE,FALSE
en,HENDRICH_FALL_RISK,Hendrich Fall Risk,FALSE,FALSE
arb,HENDRICH_FALL_RISK,تقييم خطر السقوط وفق مقياس هندريش,FALSE,FALSE
en,JOHNS_HOPKINS_FALL_RISK_ASSESSMENT_TOOL,Johns Hopkins Fall Risk Assessment Tool,FALSE,FALSE
arb,JOHNS_HOPKINS_FALL_RISK_ASSESSMENT_TOOL,أداة جونز هوبكنز لتقييم خطر السقوط,FALSE,FALSE
en,BRADEN_SCALE_FOR_PRESSURE_ULCER,Braden Scale For Pressure Ulcer,FALSE,FALSE
arb,BRADEN_SCALE_FOR_PRESSURE_ULCER,مقياس برادن لقرحة الضغط,FALSE,FALSE
en,GLASGOW_COMA_SCALE,Glasgow Coma Scale,FALSE,FALSE
arb,GLASGOW_COMA_SCALE,مقياس غلاسكو للغيبوبة,FALSE,FALSE
en,VTE_RISK_ASSESSMENT,VTE Risk Assessment,FALSE,FALSE
arb,VTE_RISK_ASSESSMENT,تقييم خطر الجلطات الوريدية الخثارية,FALSE,FALSE
en,IV_FLUID_ADMINISTRATION,Iv Fluid Administration,FALSE,FALSE
arb,IV_FLUID_ADMINISTRATION,إعطاء السوائل الوريدية,FALSE,FALSE
en,GYNECOLOGY,Gynecology,FALSE,FALSE
arb,GYNECOLOGY,أمراض النساء,FALSE,FALSE
en,SPEECH_THERAPY,Speech Therapy,FALSE,FALSE
arb,SPEECH_THERAPY,علاج النطق,FALSE,FALSE
en,REHABILITATION_PLAN,Rehabilitation Plan,FALSE,FALSE
arb,REHABILITATION_PLAN,خطة إعادة التأهيل,FALSE,FALSE
en,PHYSIOTHERAPY_PLAN,Physiotherapy Plan,FALSE,FALSE
arb,PHYSIOTHERAPY_PLAN,خطة العلاج الطبيعي,FALSE,FALSE
en,MEDICATION_ADMINISTRATION_RECORD,Medication Administration Record,FALSE,FALSE
arb,MEDICATION_ADMINISTRATION_RECORD,سجل إعطاء الأدوية,FALSE,FALSE
en,CONTINUOUS_OBSERVATIONS,Continuous Observations,FALSE,FALSE
arb,CONTINUOUS_OBSERVATIONS,المراقبة المستمرة,FALSE,FALSE
en,DIALYSIS_REQUEST,Dialysis Request,FALSE,FALSE
arb,DIALYSIS_REQUEST,طلب غسيل الكلى,FALSE,FALSE
en,SLIDING_SCALE,Sliding Scale,FALSE,FALSE
arb,SLIDING_SCALE,مقياس الجرعات المتدرجة,FALSE,FALSE
en,POINT_OF_CARE_TESTS,Point Of Care Tests,FALSE,FALSE
arb,POINT_OF_CARE_TESTS,فحوصات نقطة الرعاية,FALSE,FALSE
en,HOSPITAL_COURSE,Hospital Course,FALSE,FALSE
arb,HOSPITAL_COURSE,مسار الحالة المرضية في المستشفى,FALSE,FALSE
en,CHILD_GROWTH,Child Growth,FALSE,FALSE
arb,CHILD_GROWTH,نمو الطفل,FALSE,FALSE
en,FLACC_NEONATES_PAIN_ASSESSMENT,Flacc Neonates Pain Assessment,FALSE,FALSE
arb,FLACC_NEONATES_PAIN_ASSESSMENT,تقييم ألم حديثي الولادة باستخدام مقياس FLACC,FALSE,FALSE
en,UNIVERSAL_PAIN_ASSESSMENT,Universal Pain Assessment,FALSE,FALSE
arb,UNIVERSAL_PAIN_ASSESSMENT,تقييم الألم الشامل,FALSE,FALSE
en,PATIENT_RESTRAINT,Patient Restraint,FALSE,FALSE
arb,PATIENT_RESTRAINT,تقييد حركة المريض,FALSE,FALSE
en,INFECTION_CONTROL,Infection Control,FALSE,FALSE
arb,INFECTION_CONTROL,مكافحة العدوى,FALSE,FALSE
en,SOFA,SOFA,FALSE,FALSE
arb,SOFA,تقييم فشل الأعضاء المتتابع (SOFA),FALSE,FALSE
en,MEDICAL_CALCULATORS,Medical Calculators,FALSE,FALSE
arb,MEDICAL_CALCULATORS,حاسبات طبية,FALSE,FALSE
en,CPOE_RESULTS_MANAGER,CPOE Results Manager,FALSE,FALSE
arb,CPOE_RESULTS_MANAGER,مدير نتائج أوامر الطبيب المحوسبة (CPOE),FALSE,FALSE
en,ICU,ICU,FALSE,FALSE
arb,ICU,العناية المركزة,FALSE,FALSE
en,PREVIOUS_MEASUREMENTS,Previous Measurements,FALSE,FALSE
arb,PREVIOUS_MEASUREMENTS,القياسات السابقة,FALSE,FALSE
en,SERVICE_AND_PRODUCTS,Service And Products,FALSE,FALSE
arb,SERVICE_AND_PRODUCTS,الخدمات والمنتجات,FALSE,FALSE
en,MEDICATION_RECONCILIATION,Medication Reconciliation,FALSE,FALSE
arb,MEDICATION_RECONCILIATION,مطابقة الأدوية,FALSE,FALSE
en,WOUND_CARE_DOCUMENTATION,Wound Care Documentation,FALSE,FALSE
arb,WOUND_CARE_DOCUMENTATION,توثيق العناية بالجروح,FALSE,FALSE
en,FORMS,Forms,FALSE,FALSE
arb,FORMS,النماذج,FALSE,FALSE
en,NURSE_ASSESSMENT,Nurse Assessment,FALSE,FALSE
arb,NURSE_ASSESSMENT,تقييم التمريض,FALSE,FALSE
en,UCC_MEDICATION_ORDER,UCC Medication Order,FALSE,FALSE
arb,UCC_MEDICATION_ORDER,طلب دواء للرعاية العاجلة,FALSE,FALSE
en,PHYSICIAN_ASSESSMENT,Physician Assessment,FALSE,FALSE
arb,PHYSICIAN_ASSESSMENT,تقييم الطبيب,FALSE,FALSE
en,DENTAL_PROCEDURES,Dental Procedures,FALSE,FALSE
arb,DENTAL_PROCEDURES,إجراءات الأسنان,FALSE,FALSE
en,WAITING_DOUBLE_CHECK,Waiting Double Check,FALSE,FALSE
arb,WAITING_DOUBLE_CHECK,بانتظار التحقق المزدوج,FALSE,FALSE
en,DISCARDED,Discarded,FALSE,FALSE
arb,DISCARDED,تم التخلص منه,FALSE,FALSE
en,RECTALLY,Rectally,FALSE,FALSE
arb,RECTALLY,عن طريق المستقيم,FALSE,FALSE
en,ORALLY,Orally,FALSE,FALSE
arb,ORALLY,عن طريق الفم,FALSE,FALSE
en,INTRAMUSCULAR,Intramuscular,FALSE,FALSE
arb,INTRAMUSCULAR,عن طريق الحقن العضلي,FALSE,FALSE
en,SUBCUTANEOUS,Subcutaneous,FALSE,FALSE
arb,SUBCUTANEOUS,تحت الجلد,FALSE,FALSE
en,INTRADERMAL,Intradermal,FALSE,FALSE
arb,INTRADERMAL,داخل الجلد,FALSE,FALSE
en,NASAL,Nasal,FALSE,FALSE
arb,NASAL,عن طريق الأنف,FALSE,FALSE
en,INTRAVENOUS,Intravenous,FALSE,FALSE
arb,INTRAVENOUS,عن طريق الوريد,FALSE,FALSE
en,TRANSDERMAL_PATCH,Transdermal Patch,FALSE,FALSE
arb,TRANSDERMAL_PATCH,لصقة عبر الجلد,FALSE,FALSE
en,TOPICAL,Topical,FALSE,FALSE
arb,TOPICAL,موضعي,FALSE,FALSE
en,SUBLINGUAL,Sublingual,FALSE,FALSE
arb,SUBLINGUAL,تحت اللسان,FALSE,FALSE
en,BUCCAL,Buccal,FALSE,FALSE
arb,BUCCAL,بين الخد واللثة,FALSE,FALSE
en,OROPHARYNGEAL,Oropharyngeal,FALSE,FALSE
arb,OROPHARYNGEAL,عن طريق الفم والبلعوم,FALSE,FALSE
en,OPHTHALMIC,Ophthalmic,FALSE,FALSE
arb,OPHTHALMIC,للاستخدام العيني,FALSE,FALSE
en,OTIC,Otic,FALSE,FALSE
arb,OTIC,للاستخدام في الأذن,FALSE,FALSE
en,INHALATION,Inhalation,FALSE,FALSE
arb,INHALATION,عن طريق الاستنشاق,FALSE,FALSE
en,VAGINAL,Vaginal,FALSE,FALSE
arb,VAGINAL,عن طريق المهبل,FALSE,FALSE
en,ENTERAL_TUBE,Enteral Tube,FALSE,FALSE
arb,ENTERAL_TUBE,عن طريق أنبوب التغذية المعوي,FALSE,FALSE
en,ORAL_RINSE,Oral Rinse,FALSE,FALSE
arb,ORAL_RINSE,غسول فموي,FALSE,FALSE
en,KEEP_TO,Keep To,FALSE,FALSE
arb,KEEP_TO,الإبقاء على,FALSE,FALSE
en,TAKE_FROM,Take From,FALSE,FALSE
arb,TAKE_FROM,أخذ من,FALSE,FALSE
en,ADD_FROM_RECORD,Add From Record,FALSE,FALSE
arb,ADD_FROM_RECORD,الإضافة من السجل,FALSE,FALSE
en,IGNORE_FROM_RECORD,Ignore From Record,FALSE,FALSE
arb,IGNORE_FROM_RECORD,التجاهل من السجل,FALSE,FALSE
en,MERGED,Merged,FALSE,FALSE
arb,MERGED,مدمج,FALSE,FALSE
en,COUNT,Count,FALSE,FALSE
arb,COUNT,العدد,FALSE,FALSE
en,EXISTS,Exists,FALSE,FALSE
arb,EXISTS,موجود,FALSE,FALSE
en,CUSTOM,Custom,FALSE,FALSE
arb,CUSTOM,مخصص,FALSE,FALSE
en,EIA,EIA,FALSE,FALSE
arb,EIA,اختبار المقايسة المناعية الإنزيمية (EIA),FALSE,FALSE
en,PCR,PCR,FALSE,FALSE
arb,PCR,تفاعل البوليميراز المتسلسل (PCR),FALSE,FALSE
en,CULTURE,Culture,FALSE,FALSE
arb,CULTURE,زرع مخبري,FALSE,FALSE
en,MANUAL_COUNT,Manual Count,FALSE,FALSE
arb,MANUAL_COUNT,عد يدوي,FALSE,FALSE
en,AUTOMATED_COUNT,Automated Count,FALSE,FALSE
arb,AUTOMATED_COUNT,عد آلي,FALSE,FALSE
en,RANGE,Range,FALSE,FALSE
arb,RANGE,النطاق,FALSE,FALSE
en,LESS_THAN,Less Than,FALSE,FALSE
arb,LESS_THAN,أقل من,FALSE,FALSE
en,MORE_THAN,More Than,FALSE,FALSE
arb,MORE_THAN,أكثر من,FALSE,FALSE
en,PATIENT_PROFILE_ATTACHMENT,Patient Profile Attachment,FALSE,FALSE
arb,PATIENT_PROFILE_ATTACHMENT,مرفق بملف المريض,FALSE,FALSE
en,PATIENT_PROFILE_PICTURE,Patient Profile Picture,FALSE,FALSE
arb,PATIENT_PROFILE_PICTURE,صورة ملف المريض,FALSE,FALSE
en,UPPER,Upper,FALSE,FALSE
arb,UPPER,علوي,FALSE,FALSE
en,MIDDLE,Middle,FALSE,FALSE
arb,MIDDLE,أوسط,FALSE,FALSE
en,LOWER,Lower,FALSE,FALSE
arb,LOWER,سفلي,FALSE,FALSE
en,MASTER,Master,FALSE,FALSE
arb,MASTER,رئيسي,FALSE,FALSE
en,EMR,EMR,FALSE,FALSE
arb,EMR,السجل الطبي الإلكتروني (EMR),FALSE,FALSE
en,SKIP_FROM,Skip From,FALSE,FALSE
arb,SKIP_FROM,تخطي من,FALSE,FALSE
en,CREATED,Created,FALSE,FALSE
arb,CREATED,تم الإنشاء,FALSE,FALSE
en,VOIDED,Voided,FALSE,FALSE
arb,VOIDED,تم الإلغاء,FALSE,FALSE
en,CREDIT_CARD,Credit Card,FALSE,FALSE
arb,CREDIT_CARD,بطاقة ائتمانية,FALSE,FALSE
en,PARTIALLY_RESERVED,Partially Reserved,FALSE,FALSE
arb,PARTIALLY_RESERVED,محجوز جزئيًا,FALSE,FALSE
en,PARTIALLY_DEBIT,Partially Debit,FALSE,FALSE
arb,PARTIALLY_DEBIT,مدين جزئيًا,FALSE,FALSE
en,EXEMPTED,Exempted,FALSE,FALSE
arb,EXEMPTED,معفى,FALSE,FALSE
en,INSURANCE_PENDING,Insurance Pending,FALSE,FALSE
arb,INSURANCE_PENDING,التأمين قيد الانتظار,FALSE,FALSE
en,SKIPPED_PENDING_PRE_AUTHORIZATION,Skipped Pending Pre Authorization,FALSE,FALSE
arb,SKIPPED_PENDING_PRE_AUTHORIZATION,تم التخطي بانتظار التفويض المسبق,FALSE,FALSE
en,POLICY_RESOURCE_TYPE,Policy Resource Type,FALSE,FALSE
arb,POLICY_RESOURCE_TYPE,نوع مورد وثيقة التأمين,FALSE,FALSE
en,DIARRHEA,Diarrhea,FALSE,FALSE
arb,DIARRHEA,إسهال,FALSE,FALSE
en,CONSTIPATION,Constipation,FALSE,FALSE
arb,CONSTIPATION,إمساك,FALSE,FALSE
en,ABDOMINAL_PAIN,Abdominal Pain,FALSE,FALSE
arb,ABDOMINAL_PAIN,ألم البطن,FALSE,FALSE
en,DYSPEPSIA,Dyspepsia,FALSE,FALSE
arb,DYSPEPSIA,عسر الهضم,FALSE,FALSE
en,GASTROINTESTINAL_BLEEDING,Gastrointestinal Bleeding,FALSE,FALSE
arb,GASTROINTESTINAL_BLEEDING,نزيف الجهاز الهضمي,FALSE,FALSE
en,HEPATOTOXICITY,Hepatotoxicity,FALSE,FALSE
arb,HEPATOTOXICITY,سمية الكبد,FALSE,FALSE
en,HYPERTENSION,Hypertension,FALSE,FALSE
arb,HYPERTENSION,ارتفاع ضغط الدم,FALSE,FALSE
en,HYPOTENSION,Hypotension,FALSE,FALSE
arb,HYPOTENSION,انخفاض ضغط الدم,FALSE,FALSE
en,TACHYCARDIA,Tachycardia,FALSE,FALSE
arb,TACHYCARDIA,تسرّع القلب,FALSE,FALSE
en,BRADYCARDIA,Bradycardia,FALSE,FALSE
arb,BRADYCARDIA,بطء القلب,FALSE,FALSE
en,ARRHYTHMIAS,Arrhythmias,FALSE,FALSE
arb,ARRHYTHMIAS,اضطرابات نظم القلب,FALSE,FALSE
en,MYOCARDIAL_INFARCTION,Myocardial Infarction,FALSE,FALSE
arb,MYOCARDIAL_INFARCTION,احتشاء عضلة القلب,FALSE,FALSE
en,STROKE,Stroke,FALSE,FALSE
arb,STROKE,السكتة الدماغية,FALSE,FALSE
en,DIZZINESS,Dizziness,FALSE,FALSE
arb,DIZZINESS,دوخة,FALSE,FALSE
en,HEADACHE,Headache,FALSE,FALSE
arb,HEADACHE,صداع,FALSE,FALSE
en,INSOMNIA,Insomnia,FALSE,FALSE
arb,INSOMNIA,أرق,FALSE,FALSE
en,SEDATION,Sedation,FALSE,FALSE
arb,SEDATION,تخدير,FALSE,FALSE
en,TREMORS,Tremors,FALSE,FALSE
arb,TREMORS,رعشة,FALSE,FALSE
en,SEIZURES,Seizures,FALSE,FALSE
arb,SEIZURES,تشنجات,FALSE,FALSE
en,CONFUSION,Confusion,FALSE,FALSE
arb,CONFUSION,ارتباك,FALSE,FALSE
en,MOOD_CHANGES,Mood Changes,FALSE,FALSE
arb,MOOD_CHANGES,تغيرات المزاج,FALSE,FALSE
en,COGNITIVE_IMPAIRMENT,Cognitive Impairment,FALSE,FALSE
arb,COGNITIVE_IMPAIRMENT,ضعف القدرات الإدراكية,FALSE,FALSE
en,DEPRESSION,Depression,FALSE,FALSE
arb,DEPRESSION,اكتئاب,FALSE,FALSE
en,ANXIETY,Anxiety,FALSE,FALSE
arb,ANXIETY,قلق,FALSE,FALSE
en,RASH,Rash,FALSE,FALSE
arb,RASH,طفح جلدي,FALSE,FALSE
en,ITCHING,Itching,FALSE,FALSE
arb,ITCHING,حكة,FALSE,FALSE
en,ERYTHEMA,Erythema,FALSE,FALSE
arb,ERYTHEMA,احمرار الجلد,FALSE,FALSE
en,URTICARIA,Urticaria,FALSE,FALSE
arb,URTICARIA,شرى,FALSE,FALSE
en,STEVENS_JOHNSON_SYNDROME,Stevens Johnson Syndrome,FALSE,FALSE
arb,STEVENS_JOHNSON_SYNDROME,متلازمة ستيفنز جونسون,FALSE,FALSE
en,TOXIC_EPIDERMAL_NECROLYSIS,Toxic Epidermal Necrolysis,FALSE,FALSE
arb,TOXIC_EPIDERMAL_NECROLYSIS,انحلال البشرة النخري السمي,FALSE,FALSE
en,PHOTOSENSITIVITY,Photosensitivity,FALSE,FALSE
arb,PHOTOSENSITIVITY,حساسية للضوء,FALSE,FALSE
en,DYSPNEA,Dyspnea,FALSE,FALSE
arb,DYSPNEA,ضيق التنفس,FALSE,FALSE
en,COUGH,Cough,FALSE,FALSE
arb,COUGH,سعال,FALSE,FALSE
en,BRONCHOSPASM,Bronchospasm,FALSE,FALSE
arb,BRONCHOSPASM,تشنج القصبات الهوائية,FALSE,FALSE
en,PULMONARY_EDEMA,Pulmonary Edema,FALSE,FALSE
arb,PULMONARY_EDEMA,وذمة رئوية,FALSE,FALSE
en,RESPIRATORY_DEPRESSION,Respiratory Depression,FALSE,FALSE
arb,RESPIRATORY_DEPRESSION,تثبيط التنفس,FALSE,FALSE
en,ANEMIA,Anemia,FALSE,FALSE
arb,ANEMIA,فقر الدم,FALSE,FALSE
en,LEUKOPENIA,Leukopenia,FALSE,FALSE
arb,LEUKOPENIA,نقص كريات الدم البيضاء,FALSE,FALSE
en,THROMBOCYTOPENIA,Thrombocytopenia,FALSE,FALSE
arb,THROMBOCYTOPENIA,نقص الصفائح الدموية,FALSE,FALSE
en,AGRANULOCYTOSIS,Agranulocytosis,FALSE,FALSE
arb,AGRANULOCYTOSIS,نقص شديد في الخلايا المحببة,FALSE,FALSE
en,BLEEDING_DISORDERS,Bleeding Disorders,FALSE,FALSE
arb,BLEEDING_DISORDERS,اضطرابات النزيف,FALSE,FALSE
en,NEPHROTOXICITY,Nephrotoxicity,FALSE,FALSE
arb,NEPHROTOXICITY,سمية الكلى,FALSE,FALSE
en,ACUTE_RENAL_FAILURE,Acute Renal Failure,FALSE,FALSE
arb,ACUTE_RENAL_FAILURE,فشل كلوي حاد,FALSE,FALSE
en,ELECTROLYTE_IMBALANCES,Electrolyte Imbalances,FALSE,FALSE
arb,ELECTROLYTE_IMBALANCES,اختلال توازن الشوارد,FALSE,FALSE
en,HYPERGLYCEMIA,Hyperglycemia,FALSE,FALSE
arb,HYPERGLYCEMIA,ارتفاع سكر الدم,FALSE,FALSE
en,HYPOGLYCEMIA,Hypoglycemia,FALSE,FALSE
arb,HYPOGLYCEMIA,انخفاض سكر الدم,FALSE,FALSE
en,WEIGHT_GAIN,Weight Gain,FALSE,FALSE
arb,WEIGHT_GAIN,زيادة الوزن,FALSE,FALSE
en,WEIGHT_LOSS,Weight Loss,FALSE,FALSE
arb,WEIGHT_LOSS,فقدان الوزن,FALSE,FALSE
en,DYSLIPIDEMIA,Dyslipidemia,FALSE,FALSE
arb,DYSLIPIDEMIA,اضطراب دهون الدم,FALSE,FALSE
en,THYROID_DYSFUNCTION,Thyroid Dysfunction,FALSE,FALSE
arb,THYROID_DYSFUNCTION,خلل وظائف الغدة الدرقية,FALSE,FALSE
en,MYALGIA,Myalgia,FALSE,FALSE
arb,MYALGIA,ألم عضلي,FALSE,FALSE
en,ARTHRALGIA,Arthralgia,FALSE,FALSE
arb,ARTHRALGIA,ألم المفاصل,FALSE,FALSE
en,RHABDOMYOLYSIS,Rhabdomyolysis,FALSE,FALSE
arb,RHABDOMYOLYSIS,انحلال الربيدات,FALSE,FALSE
en,OSTEOPOROSIS,Osteoporosis,FALSE,FALSE
arb,OSTEOPOROSIS,هشاشة العظام,FALSE,FALSE
en,ERECTILE_DYSFUNCTION,Erectile Dysfunction,FALSE,FALSE
arb,ERECTILE_DYSFUNCTION,ضعف الانتصاب,FALSE,FALSE
en,DECREASED_LIBIDO,Decreased Libido,FALSE,FALSE
arb,DECREASED_LIBIDO,انخفاض الرغبة الجنسية,FALSE,FALSE
en,MENSTRUAL_IRREGULARITIES,Menstrual Irregularities,FALSE,FALSE
arb,MENSTRUAL_IRREGULARITIES,اضطرابات الدورة الشهرية,FALSE,FALSE
en,GYNECOMASTIA,Gynecomastia,FALSE,FALSE
arb,GYNECOMASTIA,تضخم الثدي لدى الرجال,FALSE,FALSE
en,INFERTILITY,Infertility,FALSE,FALSE
arb,INFERTILITY,العقم,FALSE,FALSE
en,URINARY_RETENTION,Urinary Retention,FALSE,FALSE
arb,URINARY_RETENTION,احتباس البول,FALSE,FALSE
en,URINARY_INCONTINENCE,Urinary Incontinence,FALSE,FALSE
arb,URINARY_INCONTINENCE,سلس البول,FALSE,FALSE
en,ANAPHYLAXIS,Anaphylaxis,FALSE,FALSE
arb,ANAPHYLAXIS,التأق,FALSE,FALSE
en,ANGIOEDEMA,Angioedema,FALSE,FALSE
arb,ANGIOEDEMA,وذمة وعائية,FALSE,FALSE
en,BLURRED_VISION,Blurred Vision,FALSE,FALSE
arb,BLURRED_VISION,تشوش الرؤية,FALSE,FALSE
en,DRY_EYES,Dry Eyes,FALSE,FALSE
arb,DRY_EYES,جفاف العينين,FALSE,FALSE
en,GLAUCOMA,Glaucoma,FALSE,FALSE
arb,GLAUCOMA,الزَرَق,FALSE,FALSE
en,CATARACTS,Cataracts,FALSE,FALSE
arb,CATARACTS,إعتام عدسة العين,FALSE,FALSE
en,TINNITUS,Tinnitus,FALSE,FALSE
arb,TINNITUS,طنين الأذن,FALSE,FALSE
en,HEARING_LOSS,Hearing Loss,FALSE,FALSE
arb,HEARING_LOSS,فقدان السمع,FALSE,FALSE
en,FATIGUE,Fatigue,FALSE,FALSE
arb,FATIGUE,إرهاق,FALSE,FALSE
en,MALAISE,Malaise,FALSE,FALSE
arb,MALAISE,توعك,FALSE,FALSE
en,FEVER,Fever,FALSE,FALSE
arb,FEVER,حمى,FALSE,FALSE
en,CHILLS,Chills,FALSE,FALSE
arb,CHILLS,قشعريرة,FALSE,FALSE
en,INJECTION_SITE_REACTIONS,Injection Site Reactions,FALSE,FALSE
arb,INJECTION_SITE_REACTIONS,تفاعلات موضع الحقن,FALSE,FALSE
en,ESOPHAGITIS,Esophagitis,FALSE,FALSE
arb,ESOPHAGITIS,التهاب المريء,FALSE,FALSE
en,PANCREATITIS,Pancreatitis,FALSE,FALSE
arb,PANCREATITIS,التهاب البنكرياس,FALSE,FALSE
en,HEPATIC_ENCEPHALOPATHY,Hepatic Encephalopathy,FALSE,FALSE
arb,HEPATIC_ENCEPHALOPATHY,اعتلال الدماغ الكبدي,FALSE,FALSE
en,PERIPHERAL_EDEMA,Peripheral Edema,FALSE,FALSE
arb,PERIPHERAL_EDEMA,وذمة محيطية,FALSE,FALSE
en,PERICARDITIS,Pericarditis,FALSE,FALSE
arb,PERICARDITIS,التهاب التامور,FALSE,FALSE
en,CONGESTIVE_HEART_FAILURE,Congestive Heart Failure,FALSE,FALSE
arb,CONGESTIVE_HEART_FAILURE,فشل القلب الاحتقاني,FALSE,FALSE
en,PERIPHERAL_NEUROPATHY,Peripheral Neuropathy,FALSE,FALSE
arb,PERIPHERAL_NEUROPATHY,اعتلال الأعصاب المحيطية,FALSE,FALSE
en,EXTRAPYRAMIDAL_SYMPTOMS,Extrapyramidal Symptoms,FALSE,FALSE
arb,EXTRAPYRAMIDAL_SYMPTOMS,أعراض خارج هرمية,FALSE,FALSE
en,NEUROLEPTIC_MALIGNANT_SYNDROME,Neuroleptic Malignant Syndrome,FALSE,FALSE
arb,NEUROLEPTIC_MALIGNANT_SYNDROME,المتلازمة الخبيثة للدواء المضاد للذهان,FALSE,FALSE
en,ALOPECIA,Alopecia,FALSE,FALSE
arb,ALOPECIA,تساقط الشعر,FALSE,FALSE
en,HYPERPIGMENTATION,Hyperpigmentation,FALSE,FALSE
arb,HYPERPIGMENTATION,فرط تصبغ الجلد,FALSE,FALSE
en,ERYTHEMA_MULTIFORME,Erythema Multiforme,FALSE,FALSE
arb,ERYTHEMA_MULTIFORME,الحمامى متعددة الأشكال,FALSE,FALSE
en,PULMONARY_FIBROSIS,Pulmonary Fibrosis,FALSE,FALSE
arb,PULMONARY_FIBROSIS,تليف الرئة,FALSE,FALSE
en,PLEURAL_EFFUSION,Pleural Effusion,FALSE,FALSE
arb,PLEURAL_EFFUSION,انصباب جنبي,FALSE,FALSE
en,COPD_EXACERBATION,Copd Exacerbation,FALSE,FALSE
arb,COPD_EXACERBATION,تفاقم مرض الانسداد الرئوي المزمن,FALSE,FALSE
en,HEMOLYTIC_ANEMIA,Hemolytic Anemia,FALSE,FALSE
arb,HEMOLYTIC_ANEMIA,فقر الدم الانحلالي,FALSE,FALSE
en,APLASTIC_ANEMIA,Aplastic Anemia,FALSE,FALSE
arb,APLASTIC_ANEMIA,فقر الدم اللاتنسجي,FALSE,FALSE
en,DISSEMINATED_INTRAVASCULAR_COAGULATION,Disseminated Intravascular Coagulation,FALSE,FALSE
arb,DISSEMINATED_INTRAVASCULAR_COAGULATION,التخثر المنتشر داخل الأوعية الدموية,FALSE,FALSE
en,INTERSTITIAL_NEPHRITIS,Interstitial Nephritis,FALSE,FALSE
arb,INTERSTITIAL_NEPHRITIS,التهاب الكلية الخلالي,FALSE,FALSE
en,PROTEINURIA,Proteinuria,FALSE,FALSE
arb,PROTEINURIA,بيلة بروتينية,FALSE,FALSE
en,CKD_PROGRESSION,Ckd Progression,FALSE,FALSE
arb,CKD_PROGRESSION,تفاقم مرض الكلى المزمن,FALSE,FALSE
en,ADRENAL_INSUFFICIENCY,Adrenal Insufficiency,FALSE,FALSE
arb,ADRENAL_INSUFFICIENCY,قصور الغدة الكظرية,FALSE,FALSE
en,HYPERPROLACTINEMIA,Hyperprolactinemia,FALSE,FALSE
arb,HYPERPROLACTINEMIA,فرط برولاكتين الدم,FALSE,FALSE
en,CUSHING_S_SYNDROME,Cushing S Syndrome,FALSE,FALSE
arb,CUSHING_S_SYNDROME,متلازمة كوشينغ,FALSE,FALSE
en,TENDONITIS,Tendonitis,FALSE,FALSE
arb,TENDONITIS,التهاب الأوتار,FALSE,FALSE
en,MYOPATHY,Myopathy,FALSE,FALSE
arb,MYOPATHY,اعتلال عضلي,FALSE,FALSE
en,GOUT,Gout,FALSE,FALSE
arb,GOUT,النقرس,FALSE,FALSE
en,VAGINAL_CANDIDIASIS,Vaginal Candidiasis,FALSE,FALSE
arb,VAGINAL_CANDIDIASIS,داء المبيضات المهبلي,FALSE,FALSE
en,PRIAPISM,Priapism,FALSE,FALSE
arb,PRIAPISM,القساح,FALSE,FALSE
en,INTERSTITIAL_CYSTITIS,Interstitial Cystitis,FALSE,FALSE
arb,INTERSTITIAL_CYSTITIS,التهاب المثانة الخلالي,FALSE,FALSE
en,DRESS,Dress,FALSE,FALSE
arb,DRESS,طفح دوائي مع كثرة اليوزينيات وأعراض جهازية,FALSE,FALSE
en,SERUM_SICKNESS,Serum Sickness,FALSE,FALSE
arb,SERUM_SICKNESS,داء المصل,FALSE,FALSE
en,RETINOPATHY,Retinopathy,FALSE,FALSE
arb,RETINOPATHY,اعتلال الشبكية,FALSE,FALSE
en,OPTIC_NEURITIS,Optic Neuritis,FALSE,FALSE
arb,OPTIC_NEURITIS,التهاب العصب البصري,FALSE,FALSE
en,VISUAL_DISTURBANCES,Visual Disturbances,FALSE,FALSE
arb,VISUAL_DISTURBANCES,اضطرابات الرؤية,FALSE,FALSE
en,VERTIGO,Vertigo,FALSE,FALSE
arb,VERTIGO,دوار,FALSE,FALSE
en,MENIERE_S_DISEASE,Meniere S Disease,FALSE,FALSE
arb,MENIERE_S_DISEASE,داء منيير,FALSE,FALSE
en,HYPERHIDROSIS,Hyperhidrosis,FALSE,FALSE
arb,HYPERHIDROSIS,فرط التعرق,FALSE,FALSE
en,LYMPHADENOPATHY,Lymphadenopathy,FALSE,FALSE
arb,LYMPHADENOPATHY,تضخم العقد اللمفاوية,FALSE,FALSE
en,TASTE_DISTURBANCES,Taste Disturbances,FALSE,FALSE
arb,TASTE_DISTURBANCES,اضطرابات التذوق,FALSE,FALSE
en,INSURANCE_CONTRACT,Insurance Contract,FALSE,FALSE
arb,INSURANCE_CONTRACT,عقد التأمين,FALSE,FALSE
en,WASEEL_SBS,Waseel SBS,FALSE,FALSE
arb,WASEEL_SBS,نظام واصل للفوترة الإلكترونية,FALSE,FALSE
en,FIXED_PRICE,Fixed Price,FALSE,FALSE
arb,FIXED_PRICE,سعر ثابت,FALSE,FALSE
en,MARKUP,Markup,FALSE,FALSE
arb,MARKUP,هامش ربح,FALSE,FALSE
en,NO_CHARGE,No Charge,FALSE,FALSE
arb,NO_CHARGE,بدون رسوم,FALSE,FALSE
en,SURGICAL_PROCEDURES,Surgical Procedures,FALSE,FALSE
arb,SURGICAL_PROCEDURES,إجراءات جراحية,FALSE,FALSE
en,MINIMALLY_INVASIVE_PROCEDURES,Minimally Invasive Procedures,FALSE,FALSE
arb,MINIMALLY_INVASIVE_PROCEDURES,إجراءات طفيفة التوغل,FALSE,FALSE
en,OBSTETRIC_AND_GYNECOLOGIC_PROCEDURE,Obstetric And Gynecologic Procedure,FALSE,FALSE
arb,OBSTETRIC_AND_GYNECOLOGIC_PROCEDURE,إجراءات التوليد وأمراض النساء,FALSE,FALSE
en,OT_INTERVENTION_PROCEDURES,Ot Intervention Procedures,FALSE,FALSE
arb,OT_INTERVENTION_PROCEDURES,إجراءات تدخلات الأنف والأذن والحنجرة,FALSE,FALSE
en,THERAPEUTIC_PROCEDURES,Therapeutic Procedures,FALSE,FALSE
arb,THERAPEUTIC_PROCEDURES,إجراءات علاجية,FALSE,FALSE
en,DENTAL_PROCEDURE,Dental Procedure,FALSE,FALSE
arb,DENTAL_PROCEDURE,إجراء أسنان,FALSE,FALSE
en,STARTED,Started,FALSE,FALSE
arb,STARTED,بدأ,FALSE,FALSE
en,AWAITING_CONSENT,Awaiting Consent,FALSE,FALSE
arb,AWAITING_CONSENT,بانتظار الموافقة,FALSE,FALSE
en,WAITING_PRE_AUTHORIZATION,Waiting Pre Authorization,FALSE,FALSE
arb,WAITING_PRE_AUTHORIZATION,بانتظار التفويض المسبق,FALSE,FALSE
en,RETURNED_TO_BED,Returned To Bed,FALSE,FALSE
arb,RETURNED_TO_BED,أعيد إلى السرير,FALSE,FALSE
en,ARBITRARY_CONCENTRATION,Arbitrary Concentration,FALSE,FALSE
arb,ARBITRARY_CONCENTRATION,تركيز بوحدات اعتباطية,FALSE,FALSE
en,MASS_CONCENTRATION,Mass Concentration,FALSE,FALSE
arb,MASS_CONCENTRATION,تركيز كتلي,FALSE,FALSE
en,SUBSTANCE_CONCENTRATION,Substance Concentration,FALSE,FALSE
arb,SUBSTANCE_CONCENTRATION,تركيز المادة,FALSE,FALSE
en,NUMERIC_VALUE,Numeric Value,FALSE,FALSE
arb,NUMERIC_VALUE,قيمة رقمية,FALSE,FALSE
en,PRESENCE_IDENTIFIER,Presence Identifier,FALSE,FALSE
arb,PRESENCE_IDENTIFIER,مؤشر الوجود,FALSE,FALSE
en,RELATIVE_TIME,Relative Time,FALSE,FALSE
arb,RELATIVE_TIME,زمن نسبي,FALSE,FALSE
en,LENGTH,Length,FALSE,FALSE
arb,LENGTH,الطول,FALSE,FALSE
en,MASS,Mass,FALSE,FALSE
arb,MASS,الكتلة,FALSE,FALSE
en,PAUSED,Paused,FALSE,FALSE
arb,PAUSED,متوقف مؤقتًا,FALSE,FALSE
en,RESUMED,Resumed,FALSE,FALSE
arb,RESUMED,استؤنف,FALSE,FALSE
en,FINISHED,Finished,FALSE,FALSE
arb,FINISHED,انتهى,FALSE,FALSE
en,INTERNAL,Internal,FALSE,FALSE
arb,INTERNAL,داخلي,FALSE,FALSE
en,EXTERNAL,External,FALSE,FALSE
arb,EXTERNAL,خارجي,FALSE,FALSE
en,MEDICAL_TEST,Medical Test,FALSE,FALSE
arb,MEDICAL_TEST,فحص طبي,FALSE,FALSE
en,INPATIENT_ADMISSION,Inpatient Admission,FALSE,FALSE
arb,INPATIENT_ADMISSION,تنويم المريض,FALSE,FALSE
en,ISOLATION_ROOM,Isolation Room,FALSE,FALSE
arb,ISOLATION_ROOM,غرفة العزل,FALSE,FALSE
en,REGULAR_ROOM,Regular Room,FALSE,FALSE
arb,REGULAR_ROOM,غرفة عادية,FALSE,FALSE
en,PRIVATE_ROOM,Private Room,FALSE,FALSE
arb,PRIVATE_ROOM,غرفة خاصة,FALSE,FALSE
en,QN,Qn,FALSE,FALSE
arb,QN,كمية,FALSE,FALSE
en,ORD,Ord,FALSE,FALSE
arb,ORD,ترتيبي,FALSE,FALSE
en,NOM,Nom,FALSE,FALSE
arb,NOM,اسمي,FALSE,FALSE
en,NAR,Nar,FALSE,FALSE
arb,NAR,غير متاح,FALSE,FALSE
en,DOC,Doc,FALSE,FALSE
arb,DOC,وثيقة,FALSE,FALSE
en,WASEEL_ELIGIBILITY_REQUESTS,Waseel Eligibility Requests,FALSE,FALSE
arb,WASEEL_ELIGIBILITY_REQUESTS,طلبات أهلية التأمين عبر واصل,FALSE,FALSE
en,WASEEL_PRE_AUTHORIZATION_REQUESTS,Waseel Pre Authorization Requests,FALSE,FALSE
arb,WASEEL_PRE_AUTHORIZATION_REQUESTS,طلبات التفويض المسبق عبر واصل,FALSE,FALSE
en,SCHEDULING_SCREEN,Scheduling Screen,FALSE,FALSE
arb,SCHEDULING_SCREEN,شاشة الجدولة,FALSE,FALSE
en,AVAILABILITY_TEMPLATES_NEW,Availability Templates New,FALSE,FALSE
arb,AVAILABILITY_TEMPLATES_NEW,قوالب التوفر الجديدة,FALSE,FALSE
en,APPLY_TEMPLATE,Apply Template,FALSE,FALSE
arb,APPLY_TEMPLATE,تطبيق القالب,FALSE,FALSE
en,INVENTORY_TRANSFER,Inventory Transfer,FALSE,FALSE
arb,INVENTORY_TRANSFER,نقل المخزون,FALSE,FALSE
en,INVENTORY_TRANSACTIONS,Inventory Transactions,FALSE,FALSE
arb,INVENTORY_TRANSACTIONS,معاملات المخزون,FALSE,FALSE
en,INVENTORY_TRANSFER_APPROVAL,Inventory Transfer Approval,FALSE,FALSE
arb,INVENTORY_TRANSFER_APPROVAL,الموافقة على نقل المخزون,FALSE,FALSE
en,PRODUCTS_CATALOG,Products Catalog,FALSE,FALSE
arb,PRODUCTS_CATALOG,دليل المنتجات,FALSE,FALSE
en,WAREHOUSE_SETUP,Warehouse Setup,FALSE,FALSE
arb,WAREHOUSE_SETUP,إعداد المستودع,FALSE,FALSE
en,WAREHOUSE_ITEMS_SETUP,Warehouse Items Setup,FALSE,FALSE
arb,WAREHOUSE_ITEMS_SETUP,إعداد أصناف المستودع,FALSE,FALSE
en,DEPARTMENT_STOCK,Department Stock,FALSE,FALSE
arb,DEPARTMENT_STOCK,مخزون القسم,FALSE,FALSE
en,PRICE_LISTS,Price Lists,FALSE,FALSE
arb,PRICE_LISTS,قوائم الأسعار,FALSE,FALSE
en,CLAIMS,Claims,FALSE,FALSE
arb,CLAIMS,المطالبات,FALSE,FALSE
en,POTENTIAL_DUPLICATE,Potential Duplicate,FALSE,FALSE
arb,POTENTIAL_DUPLICATE,تكرار محتمل,FALSE,FALSE
en,BRAND_MEDICATIONS,Brand Medications,FALSE,FALSE
arb,BRAND_MEDICATIONS,أدوية ذات علامات تجارية,FALSE,FALSE
en,LISTS_OF_VALUE,Lists Of Value,FALSE,FALSE
arb,LISTS_OF_VALUE,قوائم القيم,FALSE,FALSE
en,DVM,Dvm,FALSE,FALSE
arb,DVM,مدير التحقق من صحة البيانات,FALSE,FALSE
en,FORM_TEMPLATE,Form Template,FALSE,FALSE
arb,FORM_TEMPLATE,قالب النموذج,FALSE,FALSE
en,PRESCRIPTION_INSTRUCTIONS,Prescription Instructions,FALSE,FALSE
arb,PRESCRIPTION_INSTRUCTIONS,تعليمات الوصفة الطبية,FALSE,FALSE
en,METADATA,Metadata,FALSE,FALSE
arb,METADATA,البيانات الوصفية,FALSE,FALSE
en,CATALOG_SETUP,Catalog Setup,FALSE,FALSE
arb,CATALOG_SETUP,إعداد دليل الخدمات,FALSE,FALSE
en,DIAGNOSTICS_SETUP,Diagnostics Setup,FALSE,FALSE
arb,DIAGNOSTICS_SETUP,إعداد التشخيصات,FALSE,FALSE
en,VACCINE_SETUP,Vaccine Setup,FALSE,FALSE
arb,VACCINE_SETUP,إعداد اللقاحات,FALSE,FALSE
en,ROOM_BED_SETUP,Room Bed Setup,FALSE,FALSE
arb,ROOM_BED_SETUP,إعداد الغرف والأسرة,FALSE,FALSE
en,MED_MATRIX_SETUP,Med Matrix Setup,FALSE,FALSE
arb,MED_MATRIX_SETUP,إعداد مصفوفة الأدوية,FALSE,FALSE
en,SERVICES_SETUP,Services Setup,FALSE,FALSE
arb,SERVICES_SETUP,إعداد الخدمات,FALSE,FALSE
en,VACCINE_SCHEDULE_SETUP,Vaccine Schedule Setup,FALSE,FALSE
arb,VACCINE_SCHEDULE_SETUP,إعداد جدول اللقاحات,FALSE,FALSE
en,QUESTIONNAIRE_SETUP,Questionnaire Setup,FALSE,FALSE
arb,QUESTIONNAIRE_SETUP,إعداد الاستبيانات,FALSE,FALSE
en,VISIT_DURATION,Visit Duration,FALSE,FALSE
arb,VISIT_DURATION,مدة الزيارة,FALSE,FALSE
en,CLINICAL_PROTOCOLS_SETUP,Clinical Protocols Setup,FALSE,FALSE
arb,CLINICAL_PROTOCOLS_SETUP,إعداد البروتوكولات السريرية,FALSE,FALSE
en,SUPPLIER_SETUP,Supplier Setup,FALSE,FALSE
arb,SUPPLIER_SETUP,إعداد الموردين,FALSE,FALSE
en,SURGICAL_KITS_SETUP,Surgical Kits Setup,FALSE,FALSE
arb,SURGICAL_KITS_SETUP,إعداد مجموعات الأدوات الجراحية,FALSE,FALSE
en,USER,User,FALSE,FALSE
arb,USER,المستخدم,FALSE,FALSE
en,TEST_REPORT_TEMPLATE_SETUP,Test Report Template Setup,FALSE,FALSE
arb,TEST_REPORT_TEMPLATE_SETUP,إعداد قالب تقرير الفحص,FALSE,FALSE
en,PRODUCTS_SETUP,Products Setup,FALSE,FALSE
arb,PRODUCTS_SETUP,إعداد المنتجات,FALSE,FALSE
en,LANGUAGE_SETUP,Language Setup,FALSE,FALSE
arb,LANGUAGE_SETUP,إعداد اللغة,FALSE,FALSE
en,COUNTRY_SETUP,Country Setup,FALSE,FALSE
arb,COUNTRY_SETUP,إعداد الدول,FALSE,FALSE
en,PAYER,Payer,FALSE,FALSE
arb,PAYER,الدافع,FALSE,FALSE
en,POLICY_DEFINITION,Policy Definition,FALSE,FALSE
arb,POLICY_DEFINITION,تعريف وثيقة التأمين,FALSE,FALSE
en,NPHIES_PAYER,Nphies Payer,FALSE,FALSE
arb,NPHIES_PAYER,دافع نفيس,FALSE,FALSE
en,FACILITY_PATIENTS,Facility Patients,FALSE,FALSE
arb,FACILITY_PATIENTS,مرضى المنشأة,FALSE,FALSE
en,ENCOUNTERS_LIST,Encounters List,FALSE,FALSE
arb,ENCOUNTERS_LIST,قائمة الزيارات,FALSE,FALSE
en,ER_TRIAGE,Er Triage,FALSE,FALSE
arb,ER_TRIAGE,فرز الطوارئ,FALSE,FALSE
en,ER_DEPARTMENT,Er Department,FALSE,FALSE
arb,ER_DEPARTMENT,قسم الطوارئ,FALSE,FALSE
en,URGENT_CARE_DEPARTMENT,Urgent Care Department,FALSE,FALSE
arb,URGENT_CARE_DEPARTMENT,قسم الرعاية العاجلة,FALSE,FALSE
en,ER_DASHBOARD,Er Dashboard,FALSE,FALSE
arb,ER_DASHBOARD,لوحة تحكم الطوارئ,FALSE,FALSE
en,SUPPLIER_MANAGEMENT,Supplier Management,FALSE,FALSE
arb,SUPPLIER_MANAGEMENT,إدارة الموردين,FALSE,FALSE
en,QUOTATION_MANAGEMENT,Quotation Management,FALSE,FALSE
arb,QUOTATION_MANAGEMENT,إدارة عروض الأسعار,FALSE,FALSE
en,PAYMENT_TRACKING,Payment Tracking,FALSE,FALSE
arb,PAYMENT_TRACKING,متابعة الدفعات,FALSE,FALSE
en,LIST_OF_REQUISITION,List Of Requisition,FALSE,FALSE
arb,LIST_OF_REQUISITION,قائمة طلبات التوريد,FALSE,FALSE
en,PURCHASE_RETURN,Purchase Return,FALSE,FALSE
arb,PURCHASE_RETURN,مرتجعات المشتريات,FALSE,FALSE
en,PURCHASE_REQUISITION,Purchase Requisition,FALSE,FALSE
arb,PURCHASE_REQUISITION,طلبات الشراء,FALSE,FALSE
en,REQUISITION_APPROVAL,Requisition Approval,FALSE,FALSE
arb,REQUISITION_APPROVAL,الموافقة على طلبات التوريد,FALSE,FALSE
en,PURCHASE_ORDERS,Purchase Orders,FALSE,FALSE
arb,PURCHASE_ORDERS,أوامر الشراء,FALSE,FALSE
en,GOODS_RECEIPT_NOTE,Goods Receipt Note,FALSE,FALSE
arb,GOODS_RECEIPT_NOTE,إشعار استلام البضائع,FALSE,FALSE
en,TELE_CONSULTATIONS_REQUESTS,Tele Consultations Requests,FALSE,FALSE
arb,TELE_CONSULTATIONS_REQUESTS,طلبات الاستشارات عن بُعد,FALSE,FALSE
en,INPATIENT_LIST,Inpatient List,FALSE,FALSE
arb,INPATIENT_LIST,قائمة المرضى المنومين,FALSE,FALSE
en,DAY_CASE_PATIENT_LIST,Day Case Patient List,FALSE,FALSE
arb,DAY_CASE_PATIENT_LIST,قائمة مرضى الحالات اليومية,FALSE,FALSE
en,RECOVERY_ROOM,Recovery Room,FALSE,FALSE
arb,RECOVERY_ROOM,غرفة الإفاقة,FALSE,FALSE
en,ELECTRONIC_MEDICAL_RECORDS,Electronic Medical Records,FALSE,FALSE
arb,ELECTRONIC_MEDICAL_RECORDS,السجلات الطبية الإلكترونية,FALSE,FALSE
en,PATIENTS_VISITS_LIST,Patients Visits List,FALSE,FALSE
arb,PATIENTS_VISITS_LIST,قائمة زيارات المرضى,FALSE,FALSE
en,REVIEW_RESULTS,Review Results,FALSE,FALSE
arb,REVIEW_RESULTS,مراجعة النتائج,FALSE,FALSE
en,IMAGING_RADIOLOGY,Imaging Radiology,FALSE,FALSE
arb,IMAGING_RADIOLOGY,التصوير الطبي والأشعة,FALSE,FALSE
en,INTERNAL_DRUG_ORDERS,Internal Drug Orders,FALSE,FALSE
arb,INTERNAL_DRUG_ORDERS,طلبات الأدوية الداخلية,FALSE,FALSE
en,EPRESCRIPTIONS,Eprescriptions,FALSE,FALSE
arb,EPRESCRIPTIONS,الوصفات الإلكترونية,FALSE,FALSE
en,CONTROLLED_MEDICATIONS,Controlled Medications,FALSE,FALSE
arb,CONTROLLED_MEDICATIONS,الأدوية الخاضعة للرقابة,FALSE,FALSE
en,CPT,CPT,FALSE,FALSE
arb,CPT,CPT,FALSE,FALSE
en,ICD_10,Icd 10,FALSE,FALSE
arb,ICD_10,ICD-10,FALSE,FALSE
en,LOINC,LOINC,FALSE,FALSE
arb,LOINC,LOINC,FALSE,FALSE
en,SNOMED_CT,Snomed Ct,FALSE,FALSE
arb,SNOMED_CT,SNOMED CT,FALSE,FALSE
en,GENERAL_SETTINGS,General Settings,FALSE,FALSE
arb,GENERAL_SETTINGS,الإعدادات العامة,FALSE,FALSE
en,CONFIGURATIONS,Configurations,FALSE,FALSE
arb,CONFIGURATIONS,التكوينات,FALSE,FALSE
en,ORGANIZATION_HOLIDAY,Organization Holiday,FALSE,FALSE
arb,ORGANIZATION_HOLIDAY,عطلة المؤسسة,FALSE,FALSE
en,URGENT_CARE_TRIAGE,Urgent Care Triage,FALSE,FALSE
arb,URGENT_CARE_TRIAGE,فرز الرعاية العاجلة,FALSE,FALSE
en,WASEEL_SBS_SETUP,Waseel SBS Setup,FALSE,FALSE
arb,WASEEL_SBS_SETUP,إعداد واصل للفوترة الإلكترونية,FALSE,FALSE
en,PRICE_LIST_SETUP,Price List Setup,FALSE,FALSE
arb,PRICE_LIST_SETUP,إعداد قائمة الأسعار,FALSE,FALSE
en,BILLING_CONFIGURATION,Billing Configuration,FALSE,FALSE
arb,BILLING_CONFIGURATION,إعدادات الفوترة,FALSE,FALSE
en,TAX_CONFIGURATION,Tax Configuration,FALSE,FALSE
arb,TAX_CONFIGURATION,إعدادات الضرائب,FALSE,FALSE
en,DISCOUNT_CONFIGURATION,Discount Configuration,FALSE,FALSE
arb,DISCOUNT_CONFIGURATION,إعدادات الخصومات,FALSE,FALSE
en,PATIENT_MERGE_CONFIG,Patient Merge Config,FALSE,FALSE
arb,PATIENT_MERGE_CONFIG,إعداد دمج المرضى,FALSE,FALSE
en,SYSTEM_CONFIGURATION_SETUP,System Configuration Setup,FALSE,FALSE
arb,SYSTEM_CONFIGURATION_SETUP,إعدادات تكوين النظام,FALSE,FALSE
en,BILLING_RULE_SETUP,Billing Rule Setup,FALSE,FALSE
arb,BILLING_RULE_SETUP,إعداد قواعد الفوترة,FALSE,FALSE
en,FINANCIAL_DOCUMENT_NUMBERING,Financial Document Numbering,FALSE,FALSE
arb,FINANCIAL_DOCUMENT_NUMBERING,ترقيم المستندات المالية,FALSE,FALSE
en,NOTIFICATION_RULE,Notification Rule,FALSE,FALSE
arb,NOTIFICATION_RULE,قواعد الإشعارات,FALSE,FALSE
en,EMAIL_NOTIFICATION,Email Notification,FALSE,FALSE
arb,EMAIL_NOTIFICATION,إشعارات البريد الإلكتروني,FALSE,FALSE
en,IN_APP_NOTIFICATION,In App Notification,FALSE,FALSE
arb,IN_APP_NOTIFICATION,الإشعارات داخل التطبيق,FALSE,FALSE
en,SMS_NOTIFICATION,Sms Notification,FALSE,FALSE
arb,SMS_NOTIFICATION,الإشعارات عبر الرسائل النصية,FALSE,FALSE
en,WHATSAPP_NOTIFICATION,Whatsapp Notification,FALSE,FALSE
arb,WHATSAPP_NOTIFICATION,إشعارات واتساب,FALSE,FALSE
en,WASEEL_CLAIMS,Waseel Claims,FALSE,FALSE
arb,WASEEL_CLAIMS,مطالبات واصل,FALSE,FALSE
en,EMAIL_SETTINGS,Email Settings,FALSE,FALSE
arb,EMAIL_SETTINGS,إعدادات البريد الإلكتروني,FALSE,FALSE
en,WHATSAPP_SETTINGS,Whatsapp Settings,FALSE,FALSE
arb,WHATSAPP_SETTINGS,إعدادات واتساب,FALSE,FALSE
en,PATIENT_SATISFACTION_SURVEY_RESPONSES,Patient Satisfaction Survey Responses,FALSE,FALSE
arb,PATIENT_SATISFACTION_SURVEY_RESPONSES,استجابات استبيان رضا المرضى,FALSE,FALSE
en,PUSH_NOTIFICATION,Push Notification,FALSE,FALSE
arb,PUSH_NOTIFICATION,الإشعارات الفورية,FALSE,FALSE
en,NORMAL_1,Normal 1,FALSE,FALSE
arb,NORMAL_1,عادي 1,FALSE,FALSE
en,BEDS,Beds,FALSE,FALSE
arb,BEDS,الأسرة,FALSE,FALSE
en,SURGICAL_KITS,Surgical Kits,FALSE,FALSE
arb,SURGICAL_KITS,الأدوات الجراحية,FALSE,FALSE
en,DIAGNOSTICS_TEST,Diagnostics Test,FALSE,FALSE
arb,DIAGNOSTICS_TEST,الفحص التشخيصي,FALSE,FALSE
en,CONSULTATION_PORTAL,Consultation Portal,FALSE,FALSE
arb,CONSULTATION_PORTAL,بوابة الاستشارات,FALSE,FALSE
en,SERVICE_AND_PRODUCT,Service And Product,FALSE,FALSE
arb,SERVICE_AND_PRODUCT,الخدمات والمنتجات,FALSE,FALSE
en,ENCOUNTER_DEFAULT_SERVICE,Encounter Default Service,FALSE,FALSE
arb,ENCOUNTER_DEFAULT_SERVICE,الخدمة الافتراضية للزيارة,FALSE,FALSE
en,MILD_MINOR,Mild Minor,FALSE,FALSE
arb,MILD_MINOR,خفيف أو بسيط,FALSE,FALSE
en,RESIDENT_DOCTOR,Resident Doctor,FALSE,FALSE
arb,RESIDENT_DOCTOR,طبيب مقيم,FALSE,FALSE
en,GENERAL_PRACTITIONER,General Practitioner,FALSE,FALSE
arb,GENERAL_PRACTITIONER,طبيب عام,FALSE,FALSE
en,EMERGENCY_ROOM_DOCTOR,Emergency Room Doctor,FALSE,FALSE
arb,EMERGENCY_ROOM_DOCTOR,طبيب قسم الطوارئ,FALSE,FALSE
en,SPECIALIST,Specialist,FALSE,FALSE
arb,SPECIALIST,أخصائي,FALSE,FALSE
en,NURSE_PRACTITIONER,Nurse Practitioner,FALSE,FALSE
arb,NURSE_PRACTITIONER,ممرض ممارس,FALSE,FALSE
en,ICU_NURSE,ICU Nurse,FALSE,FALSE
arb,ICU_NURSE,ممرض العناية المركزة,FALSE,FALSE
en,EMERGENCY_ROOM_NURSE,Emergency Room Nurse,FALSE,FALSE
arb,EMERGENCY_ROOM_NURSE,ممرض قسم الطوارئ,FALSE,FALSE
en,CHIEF_NURSING_OFFICER,Chief Nursing Officer,FALSE,FALSE
arb,CHIEF_NURSING_OFFICER,رئيس التمريض,FALSE,FALSE
en,CLINICAL_PHARMACIST,Clinical Pharmacist,FALSE,FALSE
arb,CLINICAL_PHARMACIST,صيدلي سريري,FALSE,FALSE
en,PHARMACY_TECHNICIAN,Pharmacy Technician,FALSE,FALSE
arb,PHARMACY_TECHNICIAN,فني صيدلة,FALSE,FALSE
en,CHIEF_PHARMACIST,Chief Pharmacist,FALSE,FALSE
arb,CHIEF_PHARMACIST,رئيس الصيادلة,FALSE,FALSE
en,BLD,Bld,FALSE,FALSE
arb,BLD,دم كامل,FALSE,FALSE
en,URINE,Urine,FALSE,FALSE
arb,URINE,بول,FALSE,FALSE
en,SERUM_PLASMA,Serum Plasma,FALSE,FALSE
arb,SERUM_PLASMA,مصل أو بلازما,FALSE,FALSE
en,CEREBROSPINAL_FLUID,Cerebrospinal Fluid,FALSE,FALSE
arb,CEREBROSPINAL_FLUID,السائل الدماغي الشوكي,FALSE,FALSE
en,TISSUE,Tissue,FALSE,FALSE
arb,TISSUE,نسيج,FALSE,FALSE
en,RESP,Resp,FALSE,FALSE
arb,RESP,عينة تنفسية,FALSE,FALSE
en,SYSTEM_TITLE,System Title,FALSE,FALSE
arb,SYSTEM_TITLE,عنوان النظام,FALSE,FALSE
en,SYSTEM_LOGO,System Logo,FALSE,FALSE
arb,SYSTEM_LOGO,شعار النظام,FALSE,FALSE
en,PRIMARY_COLOR,Primary Color,FALSE,FALSE
arb,PRIMARY_COLOR,اللون الأساسي,FALSE,FALSE
en,FONT_FAMILY,Font Family,FALSE,FALSE
arb,FONT_FAMILY,نوع الخط,FALSE,FALSE
en,LOGIN_BACKGROUND,Login Background,FALSE,FALSE
arb,LOGIN_BACKGROUND,خلفية تسجيل الدخول,FALSE,FALSE
en,FAVICON,Favicon,FALSE,FALSE
arb,FAVICON,أيقونة الموقع,FALSE,FALSE
en,SIDEBAR_LOGO,Sidebar Logo,FALSE,FALSE
arb,SIDEBAR_LOGO,شعار القائمة الجانبية,FALSE,FALSE
en,SIDEBAR_LOGO_DARK,Sidebar Logo Dark,FALSE,FALSE
arb,SIDEBAR_LOGO_DARK,شعار القائمة الجانبية الداكن,FALSE,FALSE
en,COLOR,Color,FALSE,FALSE
arb,COLOR,لون,FALSE,FALSE
en,NUMBER,Number,FALSE,FALSE
arb,NUMBER,رقم,FALSE,FALSE
en,EXCLUSIVE,Exclusive,FALSE,FALSE
arb,EXCLUSIVE,حصري,FALSE,FALSE
en,INCLUSIVE,Inclusive,FALSE,FALSE
arb,INCLUSIVE,شامل,FALSE,FALSE
en,LOV,Lov,FALSE,FALSE
arb,LOV,قائمة القيم,FALSE,FALSE
en,MICROBIOLOGY,Microbiology,FALSE,FALSE
arb,MICROBIOLOGY,علم الأحياء الدقيقة,FALSE,FALSE
en,UTC,Utc,FALSE,FALSE
arb,UTC,التوقيت العالمي المنسق,FALSE,FALSE
en,EUROPE_BERLIN,Europe Berlin,FALSE,FALSE
arb,EUROPE_BERLIN,توقيت أوروبا/برلين,FALSE,FALSE
en,ASIA_AMMAN,Asia Amman,FALSE,FALSE
arb,ASIA_AMMAN,توقيت آسيا/عمّان,FALSE,FALSE
en,ASIA_RIYADH,Asia Riyadh,FALSE,FALSE
arb,ASIA_RIYADH,توقيت آسيا/الرياض,FALSE,FALSE
en,ASIA_DUBAI,Asia Dubai,FALSE,FALSE
arb,ASIA_DUBAI,توقيت آسيا/دبي,FALSE,FALSE
en,AMERICA_NEW_YORK,America New York,FALSE,FALSE
arb,AMERICA_NEW_YORK,توقيت أمريكا/نيويورك,FALSE,FALSE
en,POINT_IN_TIME,Point In Time,FALSE,FALSE
arb,POINT_IN_TIME,نقطة زمنية محددة,FALSE,FALSE
en,24_HOURS,24 Hours,FALSE,FALSE
arb,24_HOURS,24 ساعة,FALSE,FALSE
en,12_HOURS,12 Hours,FALSE,FALSE
arb,12_HOURS,12 ساعة,FALSE,FALSE
en,QUANTITATIVE_TIME,Quantitative Time,FALSE,FALSE
arb,QUANTITATIVE_TIME,وقت كمي,FALSE,FALSE
en,HR,Hr,FALSE,FALSE
arb,HR,ساعة,FALSE,FALSE
en,ASSIGNED_TO_BED,Assigned To Bed,FALSE,FALSE
arb,ASSIGNED_TO_BED,تم تخصيصه للسرير,FALSE,FALSE
en,TABLET,Tablet,FALSE,FALSE
arb,TABLET,قرص,FALSE,FALSE
en,CAPSULE,Capsule,FALSE,FALSE
arb,CAPSULE,كبسولة,FALSE,FALSE
en,MG,Mg,FALSE,FALSE
arb,MG,مليغرام,FALSE,FALSE
en,AMPOULE,Ampoule,FALSE,FALSE
arb,AMPOULE,أمبولة,FALSE,FALSE
en,BAG,Bag,FALSE,FALSE
arb,BAG,كيس,FALSE,FALSE
en,BLISTER,Blister,FALSE,FALSE
arb,BLISTER,شريط دوائي,FALSE,FALSE
en,BOTTLE,Bottle,FALSE,FALSE
arb,BOTTLE,زجاجة,FALSE,FALSE
en,BOX,Box,FALSE,FALSE
arb,BOX,علبة,FALSE,FALSE
en,BOX_CARTON,Box Carton,FALSE,FALSE
arb,BOX_CARTON,كرتونة,FALSE,FALSE
en,CARTON,Carton,FALSE,FALSE
arb,CARTON,كرتون,FALSE,FALSE
en,CARTRIDGE,Cartridge,FALSE,FALSE
arb,CARTRIDGE,خرطوشة,FALSE,FALSE
en,CM,Cm,FALSE,FALSE
arb,CM,سنتيمتر,FALSE,FALSE
en,DISPENSER,Dispenser,FALSE,FALSE
arb,DISPENSER,موزع,FALSE,FALSE
en,DROP,Drop,FALSE,FALSE
arb,DROP,قطرة,FALSE,FALSE
en,DROPPER_BOTTLE,Dropper Bottle,FALSE,FALSE
arb,DROPPER_BOTTLE,زجاجة قطارة,FALSE,FALSE
en,EXTENDED_RELEASE_CAPSULE,Extended Release Capsule,FALSE,FALSE
arb,EXTENDED_RELEASE_CAPSULE,كبسولة ممتدة المفعول,FALSE,FALSE
en,GALLON,Gallon,FALSE,FALSE
arb,GALLON,غالون,FALSE,FALSE
en,INHALER,Inhaler,FALSE,FALSE
arb,INHALER,بخاخ استنشاق,FALSE,FALSE
en,INTERNATIONAL_UNIT,International Unit,FALSE,FALSE
arb,INTERNATIONAL_UNIT,وحدة دولية,FALSE,FALSE
en,KIT,Kit,FALSE,FALSE
arb,KIT,طقم,FALSE,FALSE
en,MCG,Mcg,FALSE,FALSE
arb,MCG,ميكروغرام,FALSE,FALSE
en,PACKET,Packet,FALSE,FALSE
arb,PACKET,عبوة,FALSE,FALSE
en,PEN_INJECTOR,Pen Injector,FALSE,FALSE
arb,PEN_INJECTOR,قلم حقن,FALSE,FALSE
en,PREFILLED_PEN,Prefilled Pen,FALSE,FALSE
arb,PREFILLED_PEN,قلم معبأ مسبقًا,FALSE,FALSE
en,PUFF,Puff,FALSE,FALSE
arb,PUFF,بخة,FALSE,FALSE
en,ROLL,Roll,FALSE,FALSE
arb,ROLL,لفة,FALSE,FALSE
en,SACHET,Sachet,FALSE,FALSE
arb,SACHET,كيس صغير,FALSE,FALSE
en,SPRAY,Spray,FALSE,FALSE
arb,SPRAY,رذاذ,FALSE,FALSE
en,STICK,Stick,FALSE,FALSE
arb,STICK,عود,FALSE,FALSE
en,STRIPS,Strips,FALSE,FALSE
arb,STRIPS,شرائط,FALSE,FALSE
en,SUPPOSITORY,Suppository,FALSE,FALSE
arb,SUPPOSITORY,تحميلة,FALSE,FALSE
en,SYRINGE,Syringe,FALSE,FALSE
arb,SYRINGE,حقنة,FALSE,FALSE
en,PREFILLED_SYRINGE,Prefilled Syringe,FALSE,FALSE
arb,PREFILLED_SYRINGE,حقنة معبأة مسبقًا,FALSE,FALSE
en,TUBE,Tube,FALSE,FALSE
arb,TUBE,أنبوب,FALSE,FALSE
en,VIAL,Vial,FALSE,FALSE
arb,VIAL,قارورة,FALSE,FALSE
en,PIECE,Piece,FALSE,FALSE
arb,PIECE,قطعة,FALSE,FALSE
en,MG_KG,Mg Kg,FALSE,FALSE
arb,MG_KG,مليغرام/كيلوغرام,FALSE,FALSE
en,MG_KG_DAY,Mg Kg Day,FALSE,FALSE
arb,MG_KG_DAY,مليغرام/كيلوغرام/اليوم,FALSE,FALSE
en,FILM,Film,FALSE,FALSE
arb,FILM,غشاء دوائي,FALSE,FALSE
en,LOZENGE,Lozenge,FALSE,FALSE
arb,LOZENGE,قرص للمص,FALSE,FALSE
en,APPLICATION,Application,FALSE,FALSE
arb,APPLICATION,تطبيق,FALSE,FALSE
en,NEBULE,Nebule,FALSE,FALSE
arb,NEBULE,جرعة استنشاقية,FALSE,FALSE
en,PATCH,Patch,FALSE,FALSE
arb,PATCH,لصقة,FALSE,FALSE
en,APPLICATORFUL,Applicatorful,FALSE,FALSE
arb,APPLICATORFUL,ملء أداة التطبيق,FALSE,FALSE
en,LIVE_ATTENUATED,Live Attenuated,FALSE,FALSE
arb,LIVE_ATTENUATED,حي مُضعّف,FALSE,FALSE
en,INACTIVATED,Inactivated,FALSE,FALSE
arb,INACTIVATED,معطل,FALSE,FALSE
en,MRNA,Mrna,FALSE,FALSE
arb,MRNA,لقاح mRNA,FALSE,FALSE
en,RECOMBINANT,Recombinant,FALSE,FALSE
arb,RECOMBINANT,مؤتلف,FALSE,FALSE
en,CONJUGATE,Conjugate,FALSE,FALSE
arb,CONJUGATE,مقترن,FALSE,FALSE
en,ANTIBIOTIC,Antibiotic,FALSE,FALSE
arb,ANTIBIOTIC,مضاد حيوي,FALSE,FALSE
en,NIGHT,Night,FALSE,FALSE
arb,NIGHT,ليل,FALSE,FALSE
en,WEEKEND,Weekend,FALSE,FALSE
arb,WEEKEND,نهاية الأسبوع,FALSE,FALSE
en,HOLIDAY,Holiday,FALSE,FALSE
arb,HOLIDAY,عطلة,FALSE,FALSE
en,WITHDRAW,Withdraw,FALSE,FALSE
arb,WITHDRAW,سحب,FALSE,FALSE
en,LANGUAGE,Language,FALSE,FALSE
arb,LANGUAGE,اللغة,FALSE,FALSE
en,ENCOUNTER_CLASS,Encounter Class,FALSE,FALSE
arb,ENCOUNTER_CLASS,فئة الزيارة,FALSE,FALSE
en,SERVICE_TYPE,Service Type,FALSE,FALSE
arb,SERVICE_TYPE,نوع الخدمة,FALSE,FALSE
en,ENCOUNTER_BASED_ON,Encounter Based On,FALSE,FALSE
arb,ENCOUNTER_BASED_ON,بناءً على الزيارة,FALSE,FALSE
en,DIET_PREFERENCE,Diet Preference,FALSE,FALSE
arb,DIET_PREFERENCE,تفضيل النظام الغذائي,FALSE,FALSE
en,ENCOUNTER_SPECIAL_COURTESY,Encounter Special Courtesy,FALSE,FALSE
arb,ENCOUNTER_SPECIAL_COURTESY,المجاملة الخاصة للزيارة,FALSE,FALSE
en,LOCATION_TYPE,Location Type,FALSE,FALSE
arb,LOCATION_TYPE,نوع الموقع,FALSE,FALSE
en,PAYER_TYPE,Payer Type,FALSE,FALSE
arb,PAYER_TYPE,نوع الجهة الدافعة,FALSE,FALSE
en,CLINICAL_DOCUMENTATION_TYPES,Clinical Documentation Types,FALSE,FALSE
arb,CLINICAL_DOCUMENTATION_TYPES,أنواع التوثيق السريري,FALSE,FALSE
en,TOOTH_SURFACE,Tooth Surface,FALSE,FALSE
arb,TOOTH_SURFACE,سطح السن,FALSE,FALSE
en,DENTAL_COMPLAINTS,Dental Complains,FALSE,FALSE
arb,DENTAL_COMPLAINTS,شكاوى الأسنان,FALSE,FALSE
en,CDT_TYPES,CDT Types,FALSE,FALSE
arb,CDT_TYPES,أنواع CDT,FALSE,FALSE
en,PHYSICAL_EXAMINATION_AREA_DETAIL,Physical Examination Area Detail,FALSE,FALSE
arb,PHYSICAL_EXAMINATION_AREA_DETAIL,تفاصيل منطقة الفحص السريري,FALSE,FALSE
en,CDT_CLASS,CDT Class,FALSE,FALSE
arb,CDT_CLASS,فئة CDT,FALSE,FALSE
en,SERVICE_CATEGORY,Service Category,FALSE,FALSE
arb,SERVICE_CATEGORY,فئة الخدمة,FALSE,FALSE
en,BODY_SYSTEMS,Body Systems,FALSE,FALSE
arb,BODY_SYSTEMS,أجهزة الجسم,FALSE,FALSE
en,BODY_SYSTEMS_DETAIL,Body Systems Detail,FALSE,FALSE
arb,BODY_SYSTEMS_DETAIL,تفاصيل أجهزة الجسم,FALSE,FALSE
en,SOURCE_OF_INFO,Source of Info,FALSE,FALSE
arb,SOURCE_OF_INFO,مصدر المعلومات,FALSE,FALSE
en,ALLERGY_RESOLUTION_STATUS,Allergy Resolution Status,FALSE,FALSE
arb,ALLERGY_RESOLUTION_STATUS,حالة معالجة الحساسية,FALSE,FALSE
en,RADIOLOGY_REAGENTS,Radiology Reagents,FALSE,FALSE
arb,RADIOLOGY_REAGENTS,كواشف الأشعة,FALSE,FALSE
en,DENTAL_PLANNED_TREATMENT_STATUS,Dental Planned Treatment Status,FALSE,FALSE
arb,DENTAL_PLANNED_TREATMENT_STATUS,حالة خطة علاج الأسنان,FALSE,FALSE
en,PHYSICAL_EXAMINATION_AREA,Physical Examination Area,FALSE,FALSE
arb,PHYSICAL_EXAMINATION_AREA,منطقة الفحص السريري,FALSE,FALSE
en,CONTROLLED_MEDICATIONS_CATEGORIES,Controlled Medications Categories,FALSE,FALSE
arb,CONTROLLED_MEDICATIONS_CATEGORIES,فئات الأدوية الخاضعة للرقابة,FALSE,FALSE
en,SEVERITY_LEVELS,Severity Levels,FALSE,FALSE
arb,SEVERITY_LEVELS,مستويات الشدة,FALSE,FALSE
en,PREGNANCY_CATEGORIES,Pregnancy Categories,FALSE,FALSE
arb,PREGNANCY_CATEGORIES,فئات الحمل,FALSE,FALSE
en,BREASTFEEDING_MEDICATION_CATEGORIZATION,Breastfeeding Medication Categorization,FALSE,FALSE
arb,BREASTFEEDING_MEDICATION_CATEGORIZATION,تصنيف الأدوية أثناء الرضاعة الطبيعية,FALSE,FALSE
en,SPECIAL_POPULATION_GROUPS,Special Population Groups,FALSE,FALSE
arb,SPECIAL_POPULATION_GROUPS,مجموعات السكان الخاصة,FALSE,FALSE
en,MEDICATIONS_ADVERSE_EFFECTS,Medications Adverse Effects,FALSE,FALSE
arb,MEDICATIONS_ADVERSE_EFFECTS,الآثار الجانبية للأدوية,FALSE,FALSE
en,LABORATORY_SPECIMEN_TYPES,Laboratory Specimen Types,FALSE,FALSE
arb,LABORATORY_SPECIMEN_TYPES,أنواع عينات المختبر,FALSE,FALSE
en,LABORATORY_TUBE_TYPES,Laboratory Tube Types,FALSE,FALSE
arb,LABORATORY_TUBE_TYPES,أنواع أنابيب المختبر,FALSE,FALSE
en,DIAGNOSTIC_TEST_TYPES,Diagnostic Test Types,FALSE,FALSE
arb,DIAGNOSTIC_TEST_TYPES,أنواع الفحوصات التشخيصية,FALSE,FALSE
en,GENERIC_MEDICATION_MANUFACTURER,Generic Medication Manufacturer,FALSE,FALSE
arb,GENERIC_MEDICATION_MANUFACTURER,الشركة المصنعة للدواء الجنيس,FALSE,FALSE
en,ROUTE_OF_ADMINISTRATION,Route of Administration,FALSE,FALSE
arb,ROUTE_OF_ADMINISTRATION,طريق إعطاء الدواء,FALSE,FALSE
en,UNITS_OF_MEASUREMENTS,Units of Measurements,FALSE,FALSE
arb,UNITS_OF_MEASUREMENTS,وحدات القياس,FALSE,FALSE
en,DOSAGE_FORMS,Dosage Forms,FALSE,FALSE
arb,DOSAGE_FORMS,أشكال الجرعات,FALSE,FALSE
en,AGE_GROUPS,Age Groups,FALSE,FALSE
arb,AGE_GROUPS,الفئات العمرية,FALSE,FALSE
en,TIME_UNITS,Time Units,FALSE,FALSE
arb,TIME_UNITS,وحدات الزمن,FALSE,FALSE
en,LABORATORY_TESTS_CATEGORIES,Laboratory Tests Categories,FALSE,FALSE
arb,LABORATORY_TESTS_CATEGORIES,فئات فحوصات المختبر,FALSE,FALSE
en,RADIOLOGY_CATEGORIES,Radiology Categories,FALSE,FALSE
arb,RADIOLOGY_CATEGORIES,فئات الأشعة,FALSE,FALSE
en,LABORATORY_REAGENTS,Laboratory Reagents,FALSE,FALSE
arb,LABORATORY_REAGENTS,كواشف المختبر,FALSE,FALSE
en,PATHOLOGY_REAGENTS,Pathology Reagents,FALSE,FALSE
arb,PATHOLOGY_REAGENTS,كواشف علم الأمراض,FALSE,FALSE
en,PROCEDURE_CATEGORY,Procedure Category,FALSE,FALSE
arb,PROCEDURE_CATEGORY,فئة الإجراء,FALSE,FALSE
en,VALUE_UNIT,Value Unit,FALSE,FALSE
arb,VALUE_UNIT,وحدة القيمة,FALSE,FALSE
en,PATIENT_CLASSES,Patient Classes,FALSE,FALSE
arb,PATIENT_CLASSES,فئات المرضى,FALSE,FALSE
en,MEDICAL_ORDER_TYPE,Medical Order Type,FALSE,FALSE
arb,MEDICAL_ORDER_TYPE,نوع الطلب الطبي,FALSE,FALSE
en,ARRHYTHMIAS_TYPES,Arrythmias Types,FALSE,FALSE
arb,ARRHYTHMIAS_TYPES,أنواع اضطرابات نظم القلب,FALSE,FALSE
en,MEDICATION_DOSE_FREQUENCY,Medication Dose Frequency,FALSE,FALSE
arb,MEDICATION_DOSE_FREQUENCY,تكرار جرعة الدواء,FALSE,FALSE
en,INSURANCE_COVERAGE_TYPE,Insurance Coverage Type,FALSE,FALSE
arb,INSURANCE_COVERAGE_TYPE,نوع التغطية التأمينية,FALSE,FALSE
en,COVERAGE_ITEMS,Coverage Items,FALSE,FALSE
arb,COVERAGE_ITEMS,بنود التغطية,FALSE,FALSE
en,PRICE_LIST_TYPE,Price List Type,FALSE,FALSE
arb,PRICE_LIST_TYPE,نوع قائمة الأسعار,FALSE,FALSE
en,ATTACHMENT_TYPE,Attachment Type,FALSE,FALSE
arb,ATTACHMENT_TYPE,نوع المرفق,FALSE,FALSE
en,INTERNATIONAL_CODES,International Codes,FALSE,FALSE
arb,INTERNATIONAL_CODES,الرموز الدولية,FALSE,FALSE
en,ADMINISTRATIVE_WARNINGS,Administrative Warnings,FALSE,FALSE
arb,ADMINISTRATIVE_WARNINGS,التحذيرات الإدارية,FALSE,FALSE
en,PATIENT_ORIGIN,Patient Origin,FALSE,FALSE
arb,PATIENT_ORIGIN,مصدر المريض,FALSE,FALSE
en,BOOKING_VISIT_TYPE,Booking Visit Type,FALSE,FALSE
arb,BOOKING_VISIT_TYPE,نوع زيارة الحجز,FALSE,FALSE
en,BOOKING_RESOURCE_TYPES,Booking Resource Types,FALSE,FALSE
arb,BOOKING_RESOURCE_TYPES,أنواع موارد الحجز,FALSE,FALSE
en,RECURRING_APPOINTMENTS_PATTERN,Recurring Appointments Pattern,FALSE,FALSE
arb,RECURRING_APPOINTMENTS_PATTERN,نمط المواعيد المتكررة,FALSE,FALSE
en,DAYS_OF_THE_WEEK,Days of the Week,FALSE,FALSE
arb,DAYS_OF_THE_WEEK,أيام الأسبوع,FALSE,FALSE
en,ADDRESS_ENTITY_TYPE,Address Entity Type,FALSE,FALSE
arb,ADDRESS_ENTITY_TYPE,نوع كيان العنوان,FALSE,FALSE
en,FAMILY_MEMBER_CATEGORY,Family Member Category,FALSE,FALSE
arb,FAMILY_MEMBER_CATEGORY,فئة أفراد العائلة,FALSE,FALSE
en,DIAGNOSIS_TYPE,Diagnosis Type,FALSE,FALSE
arb,DIAGNOSIS_TYPE,نوع التشخيص,FALSE,FALSE
en,DIAGNOSIS_STATUS,Diagnosis Status,FALSE,FALSE
arb,DIAGNOSIS_STATUS,حالة التشخيص,FALSE,FALSE
en,BOOKING_STATUS,Booking Status,FALSE,FALSE
arb,BOOKING_STATUS,حالة الحجز,FALSE,FALSE
en,PAYMENT_TYPES,Payment Types,FALSE,FALSE
arb,PAYMENT_TYPES,أنواع الدفع,FALSE,FALSE
en,PAYMENT_METHODS,Payment Methods,FALSE,FALSE
arb,PAYMENT_METHODS,طرق الدفع,FALSE,FALSE
en,PACKAGE_ITEMS_TYPES,Package Items Types,FALSE,FALSE
arb,PACKAGE_ITEMS_TYPES,أنواع عناصر الباقة,FALSE,FALSE
en,INSURANCE_PROVIDERS,Insurance Providers,FALSE,FALSE
arb,INSURANCE_PROVIDERS,شركات التأمين,FALSE,FALSE
en,INSURANCE_PLAN_TYPES,Insurance Plan Types,FALSE,FALSE
arb,INSURANCE_PLAN_TYPES,أنواع خطط التأمين,FALSE,FALSE
en,VESSELS,Vessels,FALSE,FALSE
arb,VESSELS,الأوعية الدموية,FALSE,FALSE
en,REMINDER_TYPES,Reminder Types,FALSE,FALSE
arb,REMINDER_TYPES,أنواع التذكيرات,FALSE,FALSE
en,URGENCY_TAGS,Urgency Tags,FALSE,FALSE
arb,URGENCY_TAGS,علامات الاستعجال,FALSE,FALSE
en,ACCOUNT_TYPE,Account Type,FALSE,FALSE
arb,ACCOUNT_TYPE,نوع الحساب,FALSE,FALSE
en,CHARGE_TYPE,Charge Type,FALSE,FALSE
arb,CHARGE_TYPE,نوع الرسوم,FALSE,FALSE
en,EMPLOYEE_CLIENT_TYPE,Employee Client Type,FALSE,FALSE
arb,EMPLOYEE_CLIENT_TYPE,نوع عميل الموظف,FALSE,FALSE
en,EMPLOYEE_POSITION_CATEGORY,Employee Position Category,FALSE,FALSE
arb,EMPLOYEE_POSITION_CATEGORY,فئة منصب الموظف,FALSE,FALSE
en,EMPLOYEE_DEPARTMENT_CATEGORY,Employee Department Category,FALSE,FALSE
arb,EMPLOYEE_DEPARTMENT_CATEGORY,فئة قسم الموظف,FALSE,FALSE
en,EMPLOYEE_CREW_TYPE,Employee Crew Type,FALSE,FALSE
arb,EMPLOYEE_CREW_TYPE,نوع طاقم الموظف,FALSE,FALSE
en,MEDICAL_GENDER_LIST,Medical Gender List,FALSE,FALSE
arb,MEDICAL_GENDER_LIST,قائمة الجنس الطبي,FALSE,FALSE
en,PAIN_PATTERNS,Pain Patterns,FALSE,FALSE
arb,PAIN_PATTERNS,أنماط الألم,FALSE,FALSE
en,BODY_PARTS,Body Parts,FALSE,FALSE
arb,BODY_PARTS,أجزاء الجسم,FALSE,FALSE
en,STATE_PROVINCE_REGION,State Province Region,FALSE,FALSE
arb,STATE_PROVINCE_REGION,الولاية / المحافظة / المنطقة,FALSE,FALSE
en,AGE_UNITS,Age Units,FALSE,FALSE
arb,AGE_UNITS,وحدات العمر,FALSE,FALSE
en,APPOINTMENT_INSTRUCTIONS,Appointment Instructions,FALSE,FALSE
arb,APPOINTMENT_INSTRUCTIONS,تعليمات الموعد,FALSE,FALSE
en,GENERAL_ORDER_STATUS,General Order Status,FALSE,FALSE
arb,GENERAL_ORDER_STATUS,حالة الطلب العامة,FALSE,FALSE
en,APPOINTMENT_DURATION,Appointment Duration,FALSE,FALSE
arb,APPOINTMENT_DURATION,مدة الموعد,FALSE,FALSE
en,ORDER_PRIORITY,Order Priority,FALSE,FALSE
arb,ORDER_PRIORITY,أولوية الطلب,FALSE,FALSE
en,DIAGNOSTIC_ORDER_REASON,Diagnostic Order Reason,FALSE,FALSE
arb,DIAGNOSTIC_ORDER_REASON,سبب الطلب التشخيصي,FALSE,FALSE
en,MEDICATION_DURATION,Medication Duration,FALSE,FALSE
arb,MEDICATION_DURATION,مدة الدواء,FALSE,FALSE
en,PREFIX,Prefix,FALSE,FALSE
arb,PREFIX,اللقب,FALSE,FALSE
en,ATTACHMENT_SOURCE,Attachment Source,FALSE,FALSE
arb,ATTACHMENT_SOURCE,مصدر المرفق,FALSE,FALSE
en,PRESCRIPTION_INSTRUCTIONS_TYPE,Prescription Instructions Type,FALSE,FALSE
arb,PRESCRIPTION_INSTRUCTIONS_TYPE,نوع تعليمات الوصفة الطبية,FALSE,FALSE
en,ALLERGIC_REACTIONS_TYPES,Allergic Reactions Types,FALSE,FALSE
arb,ALLERGIC_REACTIONS_TYPES,أنواع التفاعلات التحسسية,FALSE,FALSE
en,MEDICAL_WARNING_TYPES,Medical Warning Types,FALSE,FALSE
arb,MEDICAL_WARNING_TYPES,أنواع التحذيرات الطبية,FALSE,FALSE
en,APPOINTMENT_CANCELLATION_REASON,Appointment Cancellation Reason,FALSE,FALSE
arb,APPOINTMENT_CANCELLATION_REASON,سبب إلغاء الموعد,FALSE,FALSE
en,APPOINTMENT_NOSHOW_REASON,Appointment NoShow Reason,FALSE,FALSE
arb,APPOINTMENT_NOSHOW_REASON,سبب عدم حضور الموعد,FALSE,FALSE
en,VACCINE_TYPE,Vaccine Type,FALSE,FALSE
arb,VACCINE_TYPE,نوع اللقاح,FALSE,FALSE
en,VISIT_CARE_PLAN_OPTIONS,Visit Care Plan Options,FALSE,FALSE
arb,VISIT_CARE_PLAN_OPTIONS,خيارات خطة رعاية الزيارة,FALSE,FALSE
en,REFILL_INTERVAL,Refill Interval,FALSE,FALSE
arb,REFILL_INTERVAL,فترة إعادة صرف الدواء,FALSE,FALSE
en,PRACTITIONER_SUBSPECIALTY,Practitioner SubSpecialty,FALSE,FALSE
arb,PRACTITIONER_SUBSPECIALTY,التخصص الفرعي للممارس,FALSE,FALSE
en,PRACTITIONER_SPECIALTY,Practitioner Specialty,FALSE,FALSE
arb,PRACTITIONER_SPECIALTY,تخصص الممارس,FALSE,FALSE
en,LABORATORY_TUBES_COLORS,Laboratory Tubes Colors,FALSE,FALSE
arb,LABORATORY_TUBES_COLORS,ألوان أنابيب المختبر,FALSE,FALSE
en,ROLE_OF_ER_CONTACT,Role of ER contact,FALSE,FALSE
arb,ROLE_OF_ER_CONTACT,دور جهة اتصال الطوارئ,FALSE,FALSE
en,CRITICALITY,Criticality,FALSE,FALSE
arb,CRITICALITY,درجة الخطورة,FALSE,FALSE
en,ALLERGY_PROPENSITY,Allergy Propensity,FALSE,FALSE
arb,ALLERGY_PROPENSITY,قابلية الإصابة بالحساسية,FALSE,FALSE
en,ADMINISTRATION_INSTRUCTIONS_OF_DRUG_ORDER,Administration Instructions of Drug Order,FALSE,FALSE
arb,ADMINISTRATION_INSTRUCTIONS_OF_DRUG_ORDER,تعليمات إعطاء طلب الدواء,FALSE,FALSE
en,MEDICATION_ORDER_TYPES,Medication Order Types,FALSE,FALSE
arb,MEDICATION_ORDER_TYPES,أنواع طلبات الأدوية,FALSE,FALSE
en,NUMBERS,Numbers,FALSE,FALSE
arb,NUMBERS,الأرقام,FALSE,FALSE
en,MEDICATION_INDICATION_USE,Medication Indication Use,FALSE,FALSE
arb,MEDICATION_INDICATION_USE,دواعي استخدام الدواء,FALSE,FALSE
en,NUMBER_SERIAL,Number Serial,FALSE,FALSE
arb,NUMBER_SERIAL,الرقم التسلسلي,FALSE,FALSE
en,PROCEDURE_STATUS,Procedure Status,FALSE,FALSE
arb,PROCEDURE_STATUS,حالة الإجراء,FALSE,FALSE
en,SIDES,SIDES,FALSE,FALSE
arb,SIDES,الجهات,FALSE,FALSE
en,CONSENT_FORM_TYPES,Consent Form Types,FALSE,FALSE
arb,CONSENT_FORM_TYPES,أنواع نماذج الموافقة,FALSE,FALSE
en,ANESTHESIA_TYPES,Anesthesia Types,FALSE,FALSE
arb,ANESTHESIA_TYPES,أنواع التخدير,FALSE,FALSE
en,PROCEDURE_COMPLICATIONS,Procedure Complications,FALSE,FALSE
arb,PROCEDURE_COMPLICATIONS,مضاعفات الإجراء,FALSE,FALSE
en,PROCEDURE_OUTCOMES,Procedure Outcomes,FALSE,FALSE
arb,PROCEDURE_OUTCOMES,نتائج الإجراء,FALSE,FALSE
en,CORRECT_INCORRECT,Correct Incorrect,FALSE,FALSE
arb,CORRECT_INCORRECT,صحيح / غير صحيح,FALSE,FALSE
en,POST_PROCEDURE_INSTRUCTIONS,Post Procedure Instructions,FALSE,FALSE
arb,POST_PROCEDURE_INSTRUCTIONS,تعليمات ما بعد الإجراء,FALSE,FALSE
en,INTERACTION_FOOD,Interaction Food,FALSE,FALSE
arb,INTERACTION_FOOD,التفاعل مع الطعام,FALSE,FALSE
en,CPT_CATEGORIES,CPT Categories,FALSE,FALSE
arb,CPT_CATEGORIES,فئات CPT,FALSE,FALSE
en,LOINC_ORDER_OBSERVATION,LOINC order_observation,FALSE,FALSE
arb,LOINC_ORDER_OBSERVATION,طلب / ملاحظة LOINC,FALSE,FALSE
en,LABORATORY_SAMPLE_CONTAINER,Laboratory Sample Container,FALSE,FALSE
arb,LABORATORY_SAMPLE_CONTAINER,حاوية عينة المختبر,FALSE,FALSE
en,ORDER_STATUS_IN_LAB_AND_RAD,Order Status in Lab and Rad,FALSE,FALSE
arb,ORDER_STATUS_IN_LAB_AND_RAD,حالة الطلب في المختبر والأشعة,FALSE,FALSE
en,TEST_RESULT_TYPE,Test Result Type,FALSE,FALSE
arb,TEST_RESULT_TYPE,نوع نتيجة الفحص,FALSE,FALSE
en,POSITIVE_NEGATIVE,Positive Negative,FALSE,FALSE
arb,POSITIVE_NEGATIVE,إيجابي / سلبي,FALSE,FALSE
en,NORMAL_RANGE_CONDITIONS,Normal Range Conditions,FALSE,FALSE
arb,NORMAL_RANGE_CONDITIONS,شروط المجال الطبيعي,FALSE,FALSE
en,NORMAL_RANGE_VALUE_TYPE,Normal Range Value Type,FALSE,FALSE
arb,NORMAL_RANGE_VALUE_TYPE,نوع قيمة المجال الطبيعي,FALSE,FALSE
en,TESTS_STATUS_LAB_RAD,Tests Status Lab Rad,FALSE,FALSE
arb,TESTS_STATUS_LAB_RAD,حالة الفحوصات في المختبر والأشعة,FALSE,FALSE
en,MARKERS_LIST,Markers List,FALSE,FALSE
arb,MARKERS_LIST,قائمة المؤشرات,FALSE,FALSE
en,PSYCHOLOGICAL_TEST_TYPES,Psychological Test Types,FALSE,FALSE
arb,PSYCHOLOGICAL_TEST_TYPES,أنواع الاختبارات النفسية,FALSE,FALSE
en,HEARING_LOSS_FINDINGS,Hearing Loss Findings,FALSE,FALSE
arb,HEARING_LOSS_FINDINGS,نتائج فقدان السمع,FALSE,FALSE
en,EYE_MEDICAL_HISTORY,Eye Medical History,FALSE,FALSE
arb,EYE_MEDICAL_HISTORY,التاريخ الطبي للعين,FALSE,FALSE
en,EYE_VISUAL_ACUITY,Eye Visual Acuity,FALSE,FALSE
arb,EYE_VISUAL_ACUITY,حدة البصر,FALSE,FALSE
en,IMPROVEMENTS_STATUS,Improvements Status,FALSE,FALSE
arb,IMPROVEMENTS_STATUS,حالة التحسن,FALSE,FALSE
en,COLOR_BLINDNESS_TEST,Color Blindness Test,FALSE,FALSE
arb,COLOR_BLINDNESS_TEST,اختبار عمى الألوان,FALSE,FALSE
en,LOW_MODERATE_HIGH,Low Moderate High,FALSE,FALSE
arb,LOW_MODERATE_HIGH,منخفض / متوسط / مرتفع,FALSE,FALSE
en,CARDIAC_ECG_FINDINGS,Cardiac ECG Findings,FALSE,FALSE
arb,CARDIAC_ECG_FINDINGS,نتائج تخطيط القلب,FALSE,FALSE
en,CARDIAC_ST_CHANGES,Cardiac ST Changes,FALSE,FALSE
arb,CARDIAC_ST_CHANGES,تغيرات مقطع ST القلبية,FALSE,FALSE
en,TREADMILL_TEST_OUTCOMES,Treadmill Test Outcomes,FALSE,FALSE
arb,TREADMILL_TEST_OUTCOMES,نتائج اختبار جهاز المشي,FALSE,FALSE
en,BLOOD_GROUPS,Blood Groups,FALSE,FALSE
arb,BLOOD_GROUPS,فصائل الدم,FALSE,FALSE
en,END_PREGNANCY_REASONS,End Pregnancy Reasons,FALSE,FALSE
arb,END_PREGNANCY_REASONS,أسباب انتهاء الحمل,FALSE,FALSE
en,BIRTH_METHODS,Birth Methods,FALSE,FALSE
arb,BIRTH_METHODS,طرق الولادة,FALSE,FALSE
en,BLOOD_PRODUCTS,Blood Products,FALSE,FALSE
arb,BLOOD_PRODUCTS,منتجات الدم,FALSE,FALSE
en,BLOOD_TRANSFUSION_SOURCE,Blood Transfusion Source,FALSE,FALSE
arb,BLOOD_TRANSFUSION_SOURCE,مصدر نقل الدم,FALSE,FALSE
en,FREQUENCY_OF_USAGE,Frequency of Usage,FALSE,FALSE
arb,FREQUENCY_OF_USAGE,تكرار الاستخدام,FALSE,FALSE
en,PHYSICAL_LIMITATION,Physical Limitation,FALSE,FALSE
arb,PHYSICAL_LIMITATION,القيود الجسدية,FALSE,FALSE
en,EATING_DISORDERS,Eating Disorders,FALSE,FALSE
arb,EATING_DISORDERS,اضطرابات الأكل,FALSE,FALSE
en,BED_STATUS,Bed Status,FALSE,FALSE
arb,BED_STATUS,حالة السرير,FALSE,FALSE
en,PRODUCT_TYPES,Product Types,FALSE,FALSE
arb,PRODUCT_TYPES,أنواع المنتجات,FALSE,FALSE
en,LOT_SERIAL,Lot_Serial,FALSE,FALSE
arb,LOT_SERIAL,الدفعة / الرقم التسلسلي,FALSE,FALSE
en,NOT,Not,FALSE,FALSE
arb,NOT,لا,FALSE,FALSE
en,SYSTEM_LANGUAGE,System Language,FALSE,FALSE
arb,SYSTEM_LANGUAGE,لغة النظام,FALSE,FALSE
en,BED_TYPES,Bed Types,FALSE,FALSE
arb,BED_TYPES,أنواع الأسرة,FALSE,FALSE
en,ROOM_TYPES,Room Types,FALSE,FALSE
arb,ROOM_TYPES,أنواع الغرف,FALSE,FALSE
en,INTERNAL_EXTERNAL,Internal External,FALSE,FALSE
arb,INTERNAL_EXTERNAL,داخلي / خارجي,FALSE,FALSE
en,REFERRAL_REASONS,Referral Reasons,FALSE,FALSE
arb,REFERRAL_REASONS,أسباب الإحالة,FALSE,FALSE
en,PROCEDURE_STAGES,Procedure Stages,FALSE,FALSE
arb,PROCEDURE_STAGES,مراحل الإجراء,FALSE,FALSE
en,ASA_SCORE,ASA Score,FALSE,FALSE
arb,ASA_SCORE,درجة ASA,FALSE,FALSE
en,ALDRETE_ACTIVITY,Aldrete Activity,FALSE,FALSE
arb,ALDRETE_ACTIVITY,نشاط ألدريت,FALSE,FALSE
en,ALDRETE_RESPIRATION,Aldrete Respiration,FALSE,FALSE
arb,ALDRETE_RESPIRATION,التنفس وفق ألدريت,FALSE,FALSE
en,ALDRETE_CIRCULATION,Aldrete Circulation,FALSE,FALSE
arb,ALDRETE_CIRCULATION,الدورة الدموية وفق ألدريت,FALSE,FALSE
en,ALDRETE_CONSCIOUSNESS,Aldrete Consciousness,FALSE,FALSE
arb,ALDRETE_CONSCIOUSNESS,الوعي وفق ألدريت,FALSE,FALSE
en,ALDRETE_OXYGEN_SATURATION,Aldrete Oxygen Saturation,FALSE,FALSE
arb,ALDRETE_OXYGEN_SATURATION,تشبع الأكسجين وفق ألدريت,FALSE,FALSE
en,OPERATION_ORDER_TYPE,Operation Order Type,FALSE,FALSE
arb,OPERATION_ORDER_TYPE,نوع طلب العملية,FALSE,FALSE
en,BODY_MOVEMENT,Body Movement,FALSE,FALSE
arb,BODY_MOVEMENT,حركة الجسم,FALSE,FALSE
en,SPEECH_ASSESSMENT,Speech Assessment,FALSE,FALSE
arb,SPEECH_ASSESSMENT,تقييم الكلام,FALSE,FALSE
en,MOOD_AND_BEHAVIOR,Mood and Behavior,FALSE,FALSE
arb,MOOD_AND_BEHAVIOR,المزاج والسلوك,FALSE,FALSE
en,PHARMACY_ORDER_STATUS,Pharmacy Order Status,FALSE,FALSE
arb,PHARMACY_ORDER_STATUS,حالة طلب الصيدلية,FALSE,FALSE
en,TEMPORARY_DISCHARGE_TYPES,Temporary Discharge Types,FALSE,FALSE
arb,TEMPORARY_DISCHARGE_TYPES,أنواع الخروج المؤقت,FALSE,FALSE
en,SHIFTS,Shifts,FALSE,FALSE
arb,SHIFTS,المناوبات,FALSE,FALSE
en,NURSE_NOTE_TYPES,Nurse Note Types,FALSE,FALSE
arb,NURSE_NOTE_TYPES,أنواع ملاحظات التمريض,FALSE,FALSE
en,STOCK_TRANSACTIONS_TYPE,Stock Transactions Type,FALSE,FALSE
arb,STOCK_TRANSACTIONS_TYPE,نوع معاملات المخزون,FALSE,FALSE
en,FLUID_INTAKE_TYPES,Fluid Intake Types,FALSE,FALSE
arb,FLUID_INTAKE_TYPES,أنواع مدخلات السوائل,FALSE,FALSE
en,FLUID_OUTPUT_TYPES,Fluid Output Types,FALSE,FALSE
arb,FLUID_OUTPUT_TYPES,أنواع مخرجات السوائل,FALSE,FALSE
en,PATIENT_OPERATION_POSITION,Patient Operation Position,FALSE,FALSE
arb,PATIENT_OPERATION_POSITION,وضعية المريض أثناء العملية,FALSE,FALSE
en,BP_MEASUREMENT_SITE,BP Measurement Site,FALSE,FALSE
arb,BP_MEASUREMENT_SITE,موقع قياس ضغط الدم,FALSE,FALSE
en,SIZE,Size,FALSE,FALSE
arb,SIZE,الحجم,FALSE,FALSE
en,SHORT_TERM_LONGTERM,Short Term LongTerm,FALSE,FALSE
arb,SHORT_TERM_LONGTERM,قصير المدى / طويل المدى,FALSE,FALSE
en,STOCK_OUT_REASONS,Stock-out Reasons,FALSE,FALSE
arb,STOCK_OUT_REASONS,أسباب نفاد المخزون,FALSE,FALSE
en,STOCK_IN_REASONS,Stock-in Reasons,FALSE,FALSE
arb,STOCK_IN_REASONS,أسباب إدخال المخزون,FALSE,FALSE
en,DISCHARGE_TYPES,Discharge Types,FALSE,FALSE
arb,DISCHARGE_TYPES,أنواع الخروج,FALSE,FALSE
en,IV_FREQUENCY,IV Frequency,FALSE,FALSE
arb,IV_FREQUENCY,تكرار السوائل الوريدية,FALSE,FALSE
en,INFUSION_DEVICES,Infusion Devices,FALSE,FALSE
arb,INFUSION_DEVICES,أجهزة التسريب,FALSE,FALSE
en,FLUID_ROUTE,Fluid Route,FALSE,FALSE
arb,FLUID_ROUTE,طريق إعطاء السوائل,FALSE,FALSE
en,PURCHASE_TYPES,Purchase Types,FALSE,FALSE
arb,PURCHASE_TYPES,أنواع المشتريات,FALSE,FALSE
en,EMERGENCY_TRIAGE_DESTINATION,Emergency Triage Destination,FALSE,FALSE
arb,EMERGENCY_TRIAGE_DESTINATION,وجهة فرز حالات الطوارئ,FALSE,FALSE
en,PURCHASE_ITEMS_CATEGORIES,Purchase Items Categories,FALSE,FALSE
arb,PURCHASE_ITEMS_CATEGORIES,فئات عناصر المشتريات,FALSE,FALSE
en,BRADEN_SENSORY_PERCEPTION,Braden Sensory Perception,FALSE,FALSE
arb,BRADEN_SENSORY_PERCEPTION,الإدراك الحسي وفق برادن,FALSE,FALSE
en,BRADEN_MOISTURE,Braden Moisture,FALSE,FALSE
arb,BRADEN_MOISTURE,الرطوبة وفق برادن,FALSE,FALSE
en,BRADEN_ACTIVITY,Braden Activity,FALSE,FALSE
arb,BRADEN_ACTIVITY,النشاط وفق برادن,FALSE,FALSE
en,BRADEN_MOBILITY,Braden Mobility,FALSE,FALSE
arb,BRADEN_MOBILITY,الحركة وفق برادن,FALSE,FALSE
en,BRADEN_NUTRITION,Braden Nutrition,FALSE,FALSE
arb,BRADEN_NUTRITION,التغذية وفق برادن,FALSE,FALSE
en,BRADEN_FRICTION_SHEAR,Braden Friction Shear,FALSE,FALSE
arb,BRADEN_FRICTION_SHEAR,الاحتكاك والقص وفق برادن,FALSE,FALSE
en,BRADEN_RISK_LEVELS,Braden Risk Levels,FALSE,FALSE
arb,BRADEN_RISK_LEVELS,مستويات الخطورة وفق برادن,FALSE,FALSE
en,OPERATION_MATERIALS_TYPES,Operation Materials Types,FALSE,FALSE
arb,OPERATION_MATERIALS_TYPES,أنواع مواد العمليات,FALSE,FALSE
en,GCS_EYE_OPENING,GCS Eye Opening,FALSE,FALSE
arb,GCS_EYE_OPENING,فتح العين وفق مقياس غلاسكو,FALSE,FALSE
en,GCS_VERBAL_RESPONSE,GCS Verbal Response,FALSE,FALSE
arb,GCS_VERBAL_RESPONSE,الاستجابة اللفظية وفق مقياس غلاسكو,FALSE,FALSE
en,CAPRINI_2_POINTS,2 Points Caprini,FALSE,FALSE
arb,CAPRINI_2_POINTS,نقطتان وفق مقياس كابريني,FALSE,FALSE
en,GCS_MOTOR_RESPONSE,GCS Motor Response,FALSE,FALSE
arb,GCS_MOTOR_RESPONSE,الاستجابة الحركية وفق مقياس غلاسكو,FALSE,FALSE
en,MAR_DOSE_STATUS,MAR Dose Status,FALSE,FALSE
arb,MAR_DOSE_STATUS,حالة جرعة MAR,FALSE,FALSE
en,INVENTORY_PRODUCT_STATUS,Inventory Product Status,FALSE,FALSE
arb,INVENTORY_PRODUCT_STATUS,حالة منتج المخزون,FALSE,FALSE
en,MEDICATION_COST_CATEGORIES,Medication Cost Categories,FALSE,FALSE
arb,MEDICATION_COST_CATEGORIES,فئات تكلفة الأدوية,FALSE,FALSE
en,CAPRINI_3_POINTS,3 Points Caprini,FALSE,FALSE
arb,CAPRINI_3_POINTS,3 نقاط وفق مقياس كابريني,FALSE,FALSE
en,CAPRINI_5_POINTS,5 Point Caprini,FALSE,FALSE
arb,CAPRINI_5_POINTS,5 نقاط وفق مقياس كابريني,FALSE,FALSE
en,CAPRINI_1_POINT,I Point Caprini,FALSE,FALSE
arb,CAPRINI_1_POINT,نقطة واحدة وفق مقياس كابريني,FALSE,FALSE
en,CAPRINI_RECOMMENDED_ACTION,Caprini Recommended Action,FALSE,FALSE
arb,CAPRINI_RECOMMENDED_ACTION,الإجراء الموصى به وفق كابريني,FALSE,FALSE
en,SMALL_MEDIUM_LARGE,Small Medium Large,FALSE,FALSE
arb,SMALL_MEDIUM_LARGE,صغير / متوسط / كبير,FALSE,FALSE
en,PHYSIOTHERAPY_PLAN_TYPES,Physiotherapy Plan Types,FALSE,FALSE
arb,PHYSIOTHERAPY_PLAN_TYPES,أنواع خطط العلاج الطبيعي,FALSE,FALSE
en,THERAPEUTIC_DIET_CATEGORY,Therapeutic Diet Category,FALSE,FALSE
arb,THERAPEUTIC_DIET_CATEGORY,فئة النظام الغذائي العلاجي,FALSE,FALSE
en,OT_INTERVENTION_TYPES,OT Intervention Types,FALSE,FALSE
arb,OT_INTERVENTION_TYPES,أنواع تدخلات العلاج الوظيفي,FALSE,FALSE
en,COMMUNICATION_MODE,Communication Mode,FALSE,FALSE
arb,COMMUNICATION_MODE,نمط التواصل,FALSE,FALSE
en,SPEECH_INTELLIGIBILITY,Speech Intelligibility,FALSE,FALSE
arb,SPEECH_INTELLIGIBILITY,وضوح الكلام,FALSE,FALSE
en,SPEECH_VOICE_QUALITY,Speech Voice Quality,FALSE,FALSE
arb,SPEECH_VOICE_QUALITY,جودة الصوت والكلام,FALSE,FALSE
en,SPEECH_FLUENCY,Speech Fluency,FALSE,FALSE
arb,SPEECH_FLUENCY,طلاقة الكلام,FALSE,FALSE
en,ECHO_DOPPLER_INDICATIONS,Echo Doppler Indications,FALSE,FALSE
arb,ECHO_DOPPLER_INDICATIONS,دواعي تخطيط صدى القلب بالدوبلر,FALSE,FALSE
en,ECHO_DOPPLER_TYPES,Echo Doppler Types,FALSE,FALSE
arb,ECHO_DOPPLER_TYPES,أنواع تخطيط صدى القلب بالدوبلر,FALSE,FALSE
en,MEDICATION_ORDER_FREQUENCY,Medication Order Frequency,FALSE,FALSE
arb,MEDICATION_ORDER_FREQUENCY,تكرار طلب الدواء,FALSE,FALSE
en,SERVICE_LINKED_ITEM_TYPES,Service Linked Item Types,FALSE,FALSE
arb,SERVICE_LINKED_ITEM_TYPES,أنواع العناصر المرتبطة بالخدمة,FALSE,FALSE
en,CLINICAL_JOB_ROLES,Clinical Job Roles,FALSE,FALSE
arb,CLINICAL_JOB_ROLES,الأدوار الوظيفية السريرية,FALSE,FALSE
en,DIALYSIS_TYPES,Dialysis Types,FALSE,FALSE
arb,DIALYSIS_TYPES,أنواع غسيل الكلى,FALSE,FALSE
en,DIALYSIS_FREQUENCY,Dialysis Frequency,FALSE,FALSE
arb,DIALYSIS_FREQUENCY,تكرار غسيل الكلى,FALSE,FALSE
en,RASS_SCORE,RASS Score,FALSE,FALSE
arb,RASS_SCORE,درجة RASS,FALSE,FALSE
en,VENTILATION_MODE,Ventilation Mode,FALSE,FALSE
arb,VENTILATION_MODE,نمط التهوية,FALSE,FALSE
en,ICU_PROBLEMS,ICU Problems,FALSE,FALSE
arb,ICU_PROBLEMS,مشكلات وحدة العناية المركزة,FALSE,FALSE
en,ISOLATION_PRECAUTION,Isolation Precaution,FALSE,FALSE
arb,ISOLATION_PRECAUTION,احتياطات العزل,FALSE,FALSE
en,INVASIVE_DEVICE_TYPE,Invasive Device Type,FALSE,FALSE
arb,INVASIVE_DEVICE_TYPE,نوع الجهاز الغازي,FALSE,FALSE
en,INVASIVE_DEVICE_SITE,Invasive Device Site,FALSE,FALSE
arb,INVASIVE_DEVICE_SITE,موقع الجهاز الغازي,FALSE,FALSE
en,PATHOLOGY_CATEGORY,Pathology Category,FALSE,FALSE
arb,PATHOLOGY_CATEGORY,فئة علم الأمراض,FALSE,FALSE
en,MICROBIOLOGY_CATEGORY,Microbiology Category,FALSE,FALSE
arb,MICROBIOLOGY_CATEGORY,فئة الأحياء الدقيقة,FALSE,FALSE
en,PATHOLOGY_ANALYSIS_PROCEDURES,Pathology Analysis Procedures,FALSE,FALSE
arb,PATHOLOGY_ANALYSIS_PROCEDURES,إجراءات تحليل علم الأمراض,FALSE,FALSE
en,MED_ROUTE_OF_ELIMINATION,Med Rout of Elimination,FALSE,FALSE
arb,MED_ROUTE_OF_ELIMINATION,طريق التخلص من الدواء,FALSE,FALSE
en,PRODUCT_SERVICE_CATEGORY,Product_Service_Category,FALSE,FALSE
arb,PRODUCT_SERVICE_CATEGORY,فئة المنتج / الخدمة,FALSE,FALSE
en,INVOICE_STATUS,Invoice Status,FALSE,FALSE
arb,INVOICE_STATUS,حالة الفاتورة,FALSE,FALSE
en,VENDORS,Vendors,FALSE,FALSE
arb,VENDORS,الموردون,FALSE,FALSE
en,SEND_TO_EXTERNAL_LAB_REASONS,Send to External Lab Reasons,FALSE,FALSE
arb,SEND_TO_EXTERNAL_LAB_REASONS,أسباب إرسال الفحص إلى مختبر خارجي,FALSE,FALSE
en,TESTPA,TestPa,FALSE,FALSE
arb,TESTPA,TestPa,FALSE,FALSE
en,SAMPLE_SOURCE,Sample Source,FALSE,FALSE
arb,SAMPLE_SOURCE,مصدر العينة,FALSE,FALSE
en,URIN_COLOR,Urin Color,FALSE,FALSE
arb,URIN_COLOR,لون البول,FALSE,FALSE
en,MARRIED,Married,FALSE,FALSE
arb,MARRIED,متزوج,FALSE,FALSE
en,SINGLE,Single,FALSE,FALSE
arb,SINGLE,أعزب,FALSE,FALSE
en,DIVORCED,Divorced,FALSE,FALSE
arb,DIVORCED,مطلق,FALSE,FALSE
en,WIDOWED,Widowed,FALSE,FALSE
arb,WIDOWED,أرمل,FALSE,FALSE
en,CHRISTIAN,Christian,FALSE,FALSE
arb,CHRISTIAN,مسيحي,FALSE,FALSE
en,JEWISH,Jewish,FALSE,FALSE
arb,JEWISH,يهودي,FALSE,FALSE
en,MUSLIM,Muslim,FALSE,FALSE
arb,MUSLIM,مسلم,FALSE,FALSE
en,ATHIEST,Athiest,FALSE,FALSE
arb,ATHIEST,ملحد,FALSE,FALSE
en,ASIAN,Asian,FALSE,FALSE
arb,ASIAN,آسيوي,FALSE,FALSE
en,ENGINEER,Engineer,FALSE,FALSE
arb,ENGINEER,مهندس,FALSE,FALSE
en,GENERIC,Generic,FALSE,FALSE
arb,GENERIC,عام,FALSE,FALSE
en,CARNIVORE,Carnivore,FALSE,FALSE
arb,CARNIVORE,آكل اللحوم,FALSE,FALSE
en,VEGETARIAN,Vegetarian,FALSE,FALSE
arb,VEGETARIAN,نباتي,FALSE,FALSE
en,VEGAN,Vegan,FALSE,FALSE
arb,VEGAN,نباتي صرف,FALSE,FALSE
en,SELF_REFERRAL,Self Referral,FALSE,FALSE
arb,SELF_REFERRAL,إحالة ذاتية,FALSE,FALSE
en,REFERRED_BY_DOCTOR,Referred by Doctor,FALSE,FALSE
arb,REFERRED_BY_DOCTOR,مُحال من طبيب,FALSE,FALSE
en,SHARP_OR_THROBBING_PAIN_IN_A_SPECIFIC_TOOTH_OR_TEETH,Sharp or throbbing pain in a specific tooth or teeth,FALSE,FALSE
arb,SHARP_OR_THROBBING_PAIN_IN_A_SPECIFIC_TOOTH_OR_TEETH,ألم حاد أو نابض في سن أو أسنان محددة,FALSE,FALSE
en,O,O,FALSE,FALSE
arb,O,O,FALSE,FALSE
en,M,M,FALSE,FALSE
arb,M,M,FALSE,FALSE
en,D,D,FALSE,FALSE
arb,D,D,FALSE,FALSE
en,B,B,FALSE,FALSE
arb,B,B,FALSE,FALSE
en,F,F,FALSE,FALSE
arb,F,F,FALSE,FALSE
en,L,L,FALSE,FALSE
arb,L,L,FALSE,FALSE
en,I,I,FALSE,FALSE
arb,I,I,FALSE,FALSE
en,C,C,FALSE,FALSE
arb,C,C,FALSE,FALSE
en,I_M,I-M,FALSE,FALSE
arb,I_M,I-M,FALSE,FALSE
en,I_D,I-D,FALSE,FALSE
arb,I_D,I-D,FALSE,FALSE
en,MOD,MOD,FALSE,FALSE
arb,MOD,MOD,FALSE,FALSE
en,MOB,MOB,FALSE,FALSE
arb,MOB,MOB,FALSE,FALSE
en,DO,DO,FALSE,FALSE
arb,DO,DO,FALSE,FALSE
en,UR,UR,FALSE,FALSE
arb,UR,UR,FALSE,FALSE
en,UL,UL,FALSE,FALSE
arb,UL,UL,FALSE,FALSE
en,LR,LR,FALSE,FALSE
arb,LR,LR,FALSE,FALSE
en,LL,LL,FALSE,FALSE
arb,LL,LL,FALSE,FALSE
en,AFRICAN,African,FALSE,FALSE
arb,AFRICAN,أفريقي,FALSE,FALSE
en,HISPANIC_LATINO,Hispanic\Latino,FALSE,FALSE
arb,HISPANIC_LATINO,من أصل إسباني / لاتيني,FALSE,FALSE
en,CHRONIC_CASE_MANAGEMENT,Chronic Case Management,FALSE,FALSE
arb,CHRONIC_CASE_MANAGEMENT,إدارة الحالات المزمنة,FALSE,FALSE
en,SWOLLEN_OR_BLEEDING_GUMS,Swollen or bleeding gums,FALSE,FALSE
arb,SWOLLEN_OR_BLEEDING_GUMS,تورم أو نزيف اللثة,FALSE,FALSE
en,RECEDING_GUMS,Receding gums,FALSE,FALSE
arb,RECEDING_GUMS,تراجع اللثة,FALSE,FALSE
en,ENGLISH,English,FALSE,FALSE
arb,ENGLISH,الإنجليزية,FALSE,FALSE
en,ARABIC,Arabic,FALSE,FALSE
arb,ARABIC,العربية,FALSE,FALSE
en,NICOSIA,Nicosia,FALSE,FALSE
arb,NICOSIA,نيقوسيا,FALSE,FALSE
en,TOOTH_SENSITIVITY_TO_HOT_OR_COLD_TEMPERATURES,Tooth sensitivity to hot or cold temperatures,FALSE,FALSE
arb,TOOTH_SENSITIVITY_TO_HOT_OR_COLD_TEMPERATURES,حساسية الأسنان تجاه درجات الحرارة الساخنة أو الباردة,FALSE,FALSE
en,SENSITIVITY_TO_SWEET_OR_ACIDIC_FOODS,Sensitivity to sweet or acidic foods,FALSE,FALSE
arb,SENSITIVITY_TO_SWEET_OR_ACIDIC_FOODS,الحساسية تجاه الأطعمة الحلوة أو الحمضية,FALSE,FALSE
en,GUM_PAIN_OR_DISCOMFORT,Gum pain or discomfort,FALSE,FALSE
arb,GUM_PAIN_OR_DISCOMFORT,ألم أو انزعاج في اللثة,FALSE,FALSE
en,CANKER_SORES_OR_MOUTH_ULCERS,Canker sores or mouth ulcers,FALSE,FALSE
arb,CANKER_SORES_OR_MOUTH_ULCERS,تقرحات الفم أو القروح الفموية,FALSE,FALSE
en,LESIONS_ON_THE_LIPS_TONGUE_OR_INSIDE_THE_CHEEKS,"Lesions on the lips, tongue, or inside the cheeks",FALSE,FALSE
arb,LESIONS_ON_THE_LIPS_TONGUE_OR_INSIDE_THE_CHEEKS,آفات على الشفاه أو اللسان أو داخل الخدين,FALSE,FALSE
en,DENTAL_PROGRESS_NOTE,Dental Progress Note,FALSE,FALSE
arb,DENTAL_PROGRESS_NOTE,ملاحظة تقدم علاج الأسنان,FALSE,FALSE
en,JAW_PAIN,Jaw pain,FALSE,FALSE
arb,JAW_PAIN,ألم الفك,FALSE,FALSE
en,CLICKING_OR_POPPING_SOUNDS_IN_THE_JAW,Clicking or popping sounds in the jaw,FALSE,FALSE
arb,CLICKING_OR_POPPING_SOUNDS_IN_THE_JAW,أصوات طقطقة أو فرقعة في الفك,FALSE,FALSE
en,DIFFICULTY_OPENING_OR_CLOSING_THE_MOUTH,Difficulty opening or closing the mouth,FALSE,FALSE
arb,DIFFICULTY_OPENING_OR_CLOSING_THE_MOUTH,صعوبة فتح أو إغلاق الفم,FALSE,FALSE
en,INJURY_TO_THE_TEETH_OR_SURROUNDING_STRUCTURES,Injury to the teeth or surrounding structures,FALSE,FALSE
arb,INJURY_TO_THE_TEETH_OR_SURROUNDING_STRUCTURES,إصابة الأسنان أو الأنسجة المحيطة بها,FALSE,FALSE
en,CHIPPED_OR_BROKEN_TEETH,Chipped or broken teeth,FALSE,FALSE
arb,CHIPPED_OR_BROKEN_TEETH,أسنان متشققة أو مكسورة,FALSE,FALSE
en,LOOSE_PERMANENT_TEETH,Loose permanent teeth,FALSE,FALSE
arb,LOOSE_PERMANENT_TEETH,أسنان دائمة متخلخلة,FALSE,FALSE
en,LOOSE_DENTAL_RESTORATIONS_CROWNS_BRIDGES,"Loose dental restorations (crowns, bridges)",FALSE,FALSE
arb,LOOSE_DENTAL_RESTORATIONS_CROWNS_BRIDGES,"ترميمات أسنان متخلخلة (تيجان، جسور)",FALSE,FALSE
en,BAD_BREATH_HALITOSIS,Bad breath (halitosis),FALSE,FALSE
arb,BAD_BREATH_HALITOSIS,رائحة الفم الكريهة,FALSE,FALSE
en,CHANGES_IN_TASTE,Changes in taste,FALSE,FALSE
arb,CHANGES_IN_TASTE,تغيرات في التذوق,FALSE,FALSE
en,CONCERNS_ABOUT_ORAL_HYGIENE_PRACTICES,Concerns about oral hygiene practices,FALSE,FALSE
arb,CONCERNS_ABOUT_ORAL_HYGIENE_PRACTICES,مخاوف بشأن ممارسات نظافة الفم,FALSE,FALSE
en,DISCOMFORT_OR_PAIN_FROM_BRACES_OR_ORTHODONTIC_APPLIANCES,Discomfort or pain from braces or orthodontic appliances,FALSE,FALSE
arb,DISCOMFORT_OR_PAIN_FROM_BRACES_OR_ORTHODONTIC_APPLIANCES,انزعاج أو ألم بسبب تقويم الأسنان أو أجهزة تقويم الأسنان,FALSE,FALSE
en,BROKEN_ORTHODONTIC_APPLIANCES,Broken orthodontic appliances,FALSE,FALSE
arb,BROKEN_ORTHODONTIC_APPLIANCES,أجهزة تقويم أسنان مكسورة,FALSE,FALSE
en,DISCOMFORT_OR_PAIN_RELATED_TO_DENTURES,Discomfort or pain related to dentures,FALSE,FALSE
arb,DISCOMFORT_OR_PAIN_RELATED_TO_DENTURES,انزعاج أو ألم متعلق بأطقم الأسنان,FALSE,FALSE
en,ILL_FITTING_DENTURES,Ill-fitting dentures,FALSE,FALSE
arb,ILL_FITTING_DENTURES,أطقم أسنان غير ملائمة,FALSE,FALSE
en,PERSISTENT_DRYNESS_IN_THE_MOUTH,Persistent dryness in the mouth,FALSE,FALSE
arb,PERSISTENT_DRYNESS_IN_THE_MOUTH,جفاف مستمر في الفم,FALSE,FALSE
en,FEELING_OF_SOMETHING_STUCK_BETWEEN_TEETH_OR_IN_THE_THROAT,Feeling of something stuck between teeth or in the throat,FALSE,FALSE
arb,FEELING_OF_SOMETHING_STUCK_BETWEEN_TEETH_OR_IN_THE_THROAT,الشعور بوجود شيء عالق بين الأسنان أو في الحلق,FALSE,FALSE
en,PAIN_OR_DIFFICULTY_WHEN_CHEWING_OR_SWALLOWING,Pain or difficulty when chewing or swallowing,FALSE,FALSE
arb,PAIN_OR_DIFFICULTY_WHEN_CHEWING_OR_SWALLOWING,ألم أو صعوبة عند المضغ أو البلع,FALSE,FALSE
en,TEETH_GRINDING_BRUXISM_DURING_SLEEP,Teeth grinding (bruxism) during sleep,FALSE,FALSE
arb,TEETH_GRINDING_BRUXISM_DURING_SLEEP,صرير الأسنان أثناء النوم,FALSE,FALSE
en,SNORING_OR_SLEEP_APNEA_CONCERNS,Snoring or sleep apnea concerns,FALSE,FALSE
arb,SNORING_OR_SLEEP_APNEA_CONCERNS,مخاوف بشأن الشخير أو انقطاع النفس أثناء النوم,FALSE,FALSE
en,DISCOLORATION_OF_TEETH,Discoloration of teeth,FALSE,FALSE
arb,DISCOLORATION_OF_TEETH,تغير لون الأسنان,FALSE,FALSE
en,UNEVEN_OR_MISSHAPEN_TEETH,Uneven or misshapen teeth,FALSE,FALSE
arb,UNEVEN_OR_MISSHAPEN_TEETH,أسنان غير متساوية أو مشوهة الشكل,FALSE,FALSE
en,DISCOMFORT_OR_PAIN_AFTER_PREVIOUS_DENTAL_PROCEDURES,Discomfort or pain after previous dental procedures,FALSE,FALSE
arb,DISCOMFORT_OR_PAIN_AFTER_PREVIOUS_DENTAL_PROCEDURES,انزعاج أو ألم بعد إجراءات الأسنان السابقة,FALSE,FALSE
en,ISSUES_WITH_DENTAL_FILLINGS_CROWNS_OR_OTHER_RESTORATIONS,"Issues with dental fillings, crowns, or other restorations",FALSE,FALSE
arb,ISSUES_WITH_DENTAL_FILLINGS_CROWNS_OR_OTHER_RESTORATIONS,مشكلات في حشوات الأسنان أو التيجان أو الترميمات الأخرى,FALSE,FALSE
en,TANGIBLE,Tangible,FALSE,FALSE
arb,TANGIBLE,ملموس,FALSE,FALSE
en,INTANGIBLE,Intangible,FALSE,FALSE
arb,INTANGIBLE,غير ملموس,FALSE,FALSE
en,ILS,ILS,FALSE,FALSE
arb,ILS,ILS,FALSE,FALSE
en,H_E_E_N_T,H.E.E.N.T,FALSE,FALSE
arb,H_E_E_N_T,H.E.E.N.T,FALSE,FALSE
en,GENITOURINARY,Genitourinary,FALSE,FALSE
arb,GENITOURINARY,الجهاز البولي التناسلي,FALSE,FALSE
en,HEMATOLOGIC_LYMPHATIC,Hematologic/Lymphatic,FALSE,FALSE
arb,HEMATOLOGIC_LYMPHATIC,الجهاز الدموي / اللمفاوي,FALSE,FALSE
en,UNSPECIFIED,Unspecified,FALSE,FALSE
arb,UNSPECIFIED,غير محدد,FALSE,FALSE
en,USA,USA,FALSE,FALSE
arb,USA,الولايات المتحدة الأمريكية,FALSE,FALSE
en,PLANNED,Planned,FALSE,FALSE
arb,PLANNED,مخطط,FALSE,FALSE
en,OUT_OF_POCKET_CASH,Out of Pocket / Cash,FALSE,FALSE
arb,OUT_OF_POCKET_CASH,الدفع من الجيب / نقدًا,FALSE,FALSE
en,WHEEZING,Wheezing,FALSE,FALSE
arb,WHEEZING,أزيز,FALSE,FALSE
en,EXTERMITES,Extermites,FALSE,FALSE
arb,EXTERMITES,النمل الأبيض,FALSE,FALSE
en,OBSTETRIC,Obstetric,FALSE,FALSE
arb,OBSTETRIC,توليدي,FALSE,FALSE
en,ABDOMEN,Abdomen,FALSE,FALSE
arb,ABDOMEN,البطن,FALSE,FALSE
en,HEAD_AND_NECK,Head and Neck,FALSE,FALSE
arb,HEAD_AND_NECK,الرأس والرقبة,FALSE,FALSE
en,CHEST_PAIN,Chest pain,FALSE,FALSE
arb,CHEST_PAIN,ألم الصدر,FALSE,FALSE
en,SPUTUM_PRODUCTION,Sputum Production,FALSE,FALSE
arb,SPUTUM_PRODUCTION,إنتاج البلغم,FALSE,FALSE
en,HEMOPTYSIS,Hemoptysis,FALSE,FALSE
arb,HEMOPTYSIS,نفث الدم,FALSE,FALSE
en,WEIGHT_CHANGES,Weight Changes,FALSE,FALSE
arb,WEIGHT_CHANGES,تغيرات الوزن,FALSE,FALSE
en,APPETITE_CHANGES,Appetite Changes,FALSE,FALSE
arb,APPETITE_CHANGES,تغيرات الشهية,FALSE,FALSE
en,NIGHT_SWEATS,Night Sweats,FALSE,FALSE
arb,NIGHT_SWEATS,التعرق الليلي,FALSE,FALSE
en,HEADACHES,Headaches,FALSE,FALSE
arb,HEADACHES,الصداع,FALSE,FALSE
en,EAR_PAIN_OR_DISCHARGE,Ear Pain or Discharge,FALSE,FALSE
arb,EAR_PAIN_OR_DISCHARGE,ألم الأذن أو إفرازات الأذن,FALSE,FALSE
en,EYE_PAIN,Eye Pain,FALSE,FALSE
arb,EYE_PAIN,ألم العين,FALSE,FALSE
en,NASAL_CONGESTION,Nasal Congestion,FALSE,FALSE
arb,NASAL_CONGESTION,احتقان الأنف,FALSE,FALSE
en,DENTAL_PROBLEMS,Dental Problems,FALSE,FALSE
arb,DENTAL_PROBLEMS,مشكلات الأسنان,FALSE,FALSE
en,HEART,Heart,FALSE,FALSE
arb,HEART,القلب,FALSE,FALSE
en,EYE,Eye,FALSE,FALSE
arb,EYE,العين,FALSE,FALSE
en,NECK,Neck,FALSE,FALSE
arb,NECK,الرقبة,FALSE,FALSE
en,NOSE_AND_SINUSES,Nose and Sinuses,FALSE,FALSE
arb,NOSE_AND_SINUSES,الأنف والجيوب الأنفية,FALSE,FALSE
en,LUNGS,Lungs,FALSE,FALSE
arb,LUNGS,الرئتان,FALSE,FALSE
en,UK,UK,FALSE,FALSE
arb,UK,المملكة المتحدة,FALSE,FALSE
en,EAR,EAR,FALSE,FALSE
arb,EAR,الأذن,FALSE,FALSE
en,EDEMA,Edema,FALSE,FALSE
arb,EDEMA,الوذمة,FALSE,FALSE
en,CHEST,Chest,FALSE,FALSE
arb,CHEST,الصدر,FALSE,FALSE
en,SKIN,Skin,FALSE,FALSE
arb,SKIN,الجلد,FALSE,FALSE
en,SHORTNESS_OF_BREATH,Shortness of breath,FALSE,FALSE
arb,SHORTNESS_OF_BREATH,ضيق التنفس,FALSE,FALSE
en,VISION_CHANGES,Vision Changes,FALSE,FALSE
arb,VISION_CHANGES,تغيرات الرؤية,FALSE,FALSE
en,PALPITATIONS,Palpitations,FALSE,FALSE
arb,PALPITATIONS,خفقان القلب,FALSE,FALSE
en,SHORTNESS_OF_BREATH_ON_EXERTION,Shortness of Breath on Exertion,FALSE,FALSE
arb,SHORTNESS_OF_BREATH_ON_EXERTION,ضيق التنفس عند بذل الجهد,FALSE,FALSE
en,SYNCOPE,Syncope,FALSE,FALSE
arb,SYNCOPE,الإغماء,FALSE,FALSE
en,CHANGES_IN_BOWEL_HABITS,Changes in Bowel Habits,FALSE,FALSE
arb,CHANGES_IN_BOWEL_HABITS,تغيرات في عادات الأمعاء,FALSE,FALSE
en,HEMATEMESIS,Hematemesis,FALSE,FALSE
arb,HEMATEMESIS,القيء الدموي,FALSE,FALSE
en,DYSURIA,Dysuria,FALSE,FALSE
arb,DYSURIA,عسر التبول,FALSE,FALSE
en,URINARY_URGENCY,Urinary Urgency,FALSE,FALSE
arb,URINARY_URGENCY,الإلحاح البولي,FALSE,FALSE
en,HEMATURIA,Hematuria,FALSE,FALSE
arb,HEMATURIA,دم في البول,FALSE,FALSE
en,NOCTURIA,Nocturia,FALSE,FALSE
arb,NOCTURIA,التبول الليلي,FALSE,FALSE
en,CHANGES_IN_MENSTRUATION_FEMALES_ONLY,Changes in Menstruation (females only),FALSE,FALSE
arb,CHANGES_IN_MENSTRUATION_FEMALES_ONLY,تغيرات الدورة الشهرية (للإناث فقط),FALSE,FALSE
en,JOINT_PAIN,Joint pain,FALSE,FALSE
arb,JOINT_PAIN,ألم المفاصل,FALSE,FALSE
en,MUSCLE_PAIN,Muscle Pain,FALSE,FALSE
arb,MUSCLE_PAIN,ألم العضلات,FALSE,FALSE
en,STIFFNESS,Stiffness,FALSE,FALSE
arb,STIFFNESS,تيبس,FALSE,FALSE
en,SWELLING,Swelling,FALSE,FALSE
arb,SWELLING,تورم,FALSE,FALSE
en,MUSCLE_WEAKNESS,Muscle Weakness,FALSE,FALSE
arb,MUSCLE_WEAKNESS,ضعف العضلات,FALSE,FALSE
en,SKIN_RASH,Skin Rash,FALSE,FALSE
arb,SKIN_RASH,طفح جلدي,FALSE,FALSE
en,LESIONS,Lesions,FALSE,FALSE
arb,LESIONS,آفات,FALSE,FALSE
en,CHANGES_IN_SKIN_COLOR_OR_TEXTURE,Changes in Skin Color or Texture,FALSE,FALSE
arb,CHANGES_IN_SKIN_COLOR_OR_TEXTURE,تغيرات في لون الجلد أو ملمسه,FALSE,FALSE
en,NAIL_CHANGES,Nail Changes,FALSE,FALSE
arb,NAIL_CHANGES,تغيرات الأظافر,FALSE,FALSE
en,HAIR_LOSS,Hair Loss,FALSE,FALSE
arb,HAIR_LOSS,تساقط الشعر,FALSE,FALSE
en,NUMBNESS_OR_TINGLING,Numbness or Tingling,FALSE,FALSE
arb,NUMBNESS_OR_TINGLING,خدر أو وخز,FALSE,FALSE
en,WEAKNESS,Weakness,FALSE,FALSE
arb,WEAKNESS,ضعف,FALSE,FALSE
en,CHANGES_IN_COORDINATION,Changes in Coordination,FALSE,FALSE
arb,CHANGES_IN_COORDINATION,تغيرات في التناسق الحركي,FALSE,FALSE
en,CHANGES_IN_SPEECH_OR_LANGUAGE,Changes in Speech or Language,FALSE,FALSE
arb,CHANGES_IN_SPEECH_OR_LANGUAGE,تغيرات في الكلام أو اللغة,FALSE,FALSE
en,CHANGES_IN_APPETITE,Changes in Appetite,FALSE,FALSE
arb,CHANGES_IN_APPETITE,تغيرات الشهية,FALSE,FALSE
en,MEMORY_CHANGES,Memory Changes,FALSE,FALSE
arb,MEMORY_CHANGES,تغيرات الذاكرة,FALSE,FALSE
en,SUICIDAL_THOUGHTS,Suicidal Thoughts,FALSE,FALSE
arb,SUICIDAL_THOUGHTS,أفكار انتحارية,FALSE,FALSE
en,SORE_THROAT,Sore Throat,FALSE,FALSE
arb,SORE_THROAT,التهاب الحلق,FALSE,FALSE
en,CYANOSIS,Cyanosis,FALSE,FALSE
arb,CYANOSIS,الزرقة,FALSE,FALSE
en,URINARY_FREQUENCY,Urinary Frequency,FALSE,FALSE
arb,URINARY_FREQUENCY,تكرار التبول,FALSE,FALSE
en,LIMITED_RANGE_OF_MOTION,Limited Range of Motion,FALSE,FALSE
arb,LIMITED_RANGE_OF_MOTION,محدودية نطاق الحركة,FALSE,FALSE
en,SLEEP_DISTURBANCES,Sleep Disturbances,FALSE,FALSE
arb,SLEEP_DISTURBANCES,اضطرابات النوم,FALSE,FALSE
en,MOUTH_AND_THROAT,Mouth and Throat,FALSE,FALSE
arb,MOUTH_AND_THROAT,الفم والحلق,FALSE,FALSE
en,ARMS_AND_LEGS,Arms and Legs,FALSE,FALSE
arb,ARMS_AND_LEGS,الذراعان والساقان,FALSE,FALSE
en,JOINTS,Joints,FALSE,FALSE
arb,JOINTS,المفاصل,FALSE,FALSE
en,SPINE,Spine,FALSE,FALSE
arb,SPINE,العمود الفقري,FALSE,FALSE
en,KIDNEYS,Kidneys,FALSE,FALSE
arb,KIDNEYS,الكلى,FALSE,FALSE
en,MALE_EXAMINATION,Male Examination,FALSE,FALSE
arb,MALE_EXAMINATION,فحص الذكور,FALSE,FALSE
en,FEMALE_EXAMINATION,Female Examination,FALSE,FALSE
arb,FEMALE_EXAMINATION,فحص الإناث,FALSE,FALSE
en,URINARY_FUNCTION,Urinary Function,FALSE,FALSE
arb,URINARY_FUNCTION,وظيفة الجهاز البولي,FALSE,FALSE
en,DIAGNOSED,Diagnosed,FALSE,FALSE
arb,DIAGNOSED,تم التشخيص,FALSE,FALSE
en,ANTACIDS,Antacids,FALSE,FALSE
arb,ANTACIDS,مضادات الحموضة,FALSE,FALSE
en,MIDDLE_EASTERN,Middle Eastern,FALSE,FALSE
arb,MIDDLE_EASTERN,الشرق الأوسط,FALSE,FALSE
en,MIXED_ETHNICITY,Mixed Ethnicity,FALSE,FALSE
arb,MIXED_ETHNICITY,أصل عرقي مختلط,FALSE,FALSE
en,PACIFIC_ISLANDER,Pacific Islander,FALSE,FALSE
arb,PACIFIC_ISLANDER,سكان جزر المحيط الهادئ,FALSE,FALSE
en,ANALGESICS,Analgesics,FALSE,FALSE
arb,ANALGESICS,مسكنات الألم,FALSE,FALSE
en,ANESTHETICS,Anesthetics,FALSE,FALSE
arb,ANESTHETICS,أدوية التخدير,FALSE,FALSE
en,ANTIBIOTICS,Antibiotics,FALSE,FALSE
arb,ANTIBIOTICS,المضادات الحيوية,FALSE,FALSE
en,ANTIFUNGALS,Antifungals,FALSE,FALSE
arb,ANTIFUNGALS,مضادات الفطريات,FALSE,FALSE
en,ANTIVIRALS,Antivirals,FALSE,FALSE
arb,ANTIVIRALS,مضادات الفيروسات,FALSE,FALSE
en,ANTIPARASITICS,Antiparasitics,FALSE,FALSE
arb,ANTIPARASITICS,مضادات الطفيليات,FALSE,FALSE
en,CARDIOVASCULAR_MEDICATIONS,Cardiovascular Medications,FALSE,FALSE
arb,CARDIOVASCULAR_MEDICATIONS,أدوية القلب والأوعية الدموية,FALSE,FALSE
en,DIABETES_MEDICATIONS,Diabetes Medications,FALSE,FALSE
arb,DIABETES_MEDICATIONS,أدوية السكري,FALSE,FALSE
en,GASTROINTESTINAL_MEDICATIONS,Gastrointestinal Medications,FALSE,FALSE
arb,GASTROINTESTINAL_MEDICATIONS,أدوية الجهاز الهضمي,FALSE,FALSE
en,RESPIRATORY_MEDICATIONS,Respiratory Medications,FALSE,FALSE
arb,RESPIRATORY_MEDICATIONS,أدوية الجهاز التنفسي,FALSE,FALSE
en,PSYCHIATRIC_MEDICATIONS,Psychiatric Medications,FALSE,FALSE
arb,PSYCHIATRIC_MEDICATIONS,الأدوية النفسية,FALSE,FALSE
en,HORMONAL_MEDICATIONS,Hormonal Medications,FALSE,FALSE
arb,HORMONAL_MEDICATIONS,الأدوية الهرمونية,FALSE,FALSE
en,ALASKA_NATIVE,Alaska Native,FALSE,FALSE
arb,ALASKA_NATIVE,سكان ألاسكا الأصليون,FALSE,FALSE
en,TECHNICIAN,Technician,FALSE,FALSE
arb,TECHNICIAN,فني,FALSE,FALSE
en,SOFTWARE_DEVELOPER,Software Developer,FALSE,FALSE
arb,SOFTWARE_DEVELOPER,مطور برمجيات,FALSE,FALSE
en,EDUCATION_FIELD,Education Field,FALSE,FALSE
arb,EDUCATION_FIELD,مجال التعليم,FALSE,FALSE
en,FINANCE,Finance,FALSE,FALSE
arb,FINANCE,المالية,FALSE,FALSE
en,TRADES,Trades,FALSE,FALSE
arb,TRADES,الحرف,FALSE,FALSE
en,RETAIL,Retail,FALSE,FALSE
arb,RETAIL,التجزئة,FALSE,FALSE
en,ARTS,Arts,FALSE,FALSE
arb,ARTS,الفنون,FALSE,FALSE
en,PUBLIC_SERVICE,Public Service,FALSE,FALSE
arb,PUBLIC_SERVICE,الخدمة العامة,FALSE,FALSE
en,VITAMINS_AND_SUPPLEMENTS,Vitamins and Supplements,FALSE,FALSE
arb,VITAMINS_AND_SUPPLEMENTS,الفيتامينات والمكملات الغذائية,FALSE,FALSE
en,MISCELLANEOUS_MEDICATIONS,Miscellaneous Medications,FALSE,FALSE
arb,MISCELLANEOUS_MEDICATIONS,أدوية متنوعة,FALSE,FALSE
en,AZOLES_ANTIFUNGALS,Azoles Antifungals,FALSE,FALSE
arb,AZOLES_ANTIFUNGALS,مضادات الفطريات من مجموعة الآزول,FALSE,FALSE
en,ECHINOCANDINS_ANTIFUNGALS,Echinocandins Antifungals,FALSE,FALSE
arb,ECHINOCANDINS_ANTIFUNGALS,مضادات الفطريات من مجموعة الإيكينوكاندين,FALSE,FALSE
en,POLYENE_ANTIFUNGALS,Polyene Antifungals,FALSE,FALSE
arb,POLYENE_ANTIFUNGALS,مضادات الفطريات من مجموعة البولين,FALSE,FALSE
en,ANTIHYPERTENSIVES,Antihypertensives,FALSE,FALSE
arb,ANTIHYPERTENSIVES,خافضات ضغط الدم,FALSE,FALSE
en,ANTIARRHYTHMICS,Antiarrhythmics,FALSE,FALSE
arb,ANTIARRHYTHMICS,مضادات اضطراب نظم القلب,FALSE,FALSE
en,ANTICOAGULANTS,Anticoagulants,FALSE,FALSE
arb,ANTICOAGULANTS,مضادات التخثر,FALSE,FALSE
en,ANTIPLATELET_AGENTS,Antiplatelet Agents,FALSE,FALSE
arb,ANTIPLATELET_AGENTS,مضادات الصفائح الدموية,FALSE,FALSE
en,LIPID_LOWERING_AGENTS,Lipid-Lowering Agents,FALSE,FALSE
arb,LIPID_LOWERING_AGENTS,أدوية خفض الدهون,FALSE,FALSE
en,BIGUANIDES,Biguanides,FALSE,FALSE
arb,BIGUANIDES,البيغوانيدات,FALSE,FALSE
en,INSULINS,Insulins,FALSE,FALSE
arb,INSULINS,الإنسولين,FALSE,FALSE
en,THYROID_HORMONES,Thyroid Hormones,FALSE,FALSE
arb,THYROID_HORMONES,هرمونات الغدة الدرقية,FALSE,FALSE
en,MULTIVITAMINS,Multivitamins,FALSE,FALSE
arb,MULTIVITAMINS,الفيتامينات المتعددة,FALSE,FALSE
en,SEX_HORMONES,Sex Hormones,FALSE,FALSE
arb,SEX_HORMONES,الهرمونات الجنسية,FALSE,FALSE
en,SUPPLEMENTS,Supplements,FALSE,FALSE
arb,SUPPLEMENTS,المكملات الغذائية,FALSE,FALSE
en,HORMONAL_CORTICOSTEROIDS,Hormonal Corticosteroids,FALSE,FALSE
arb,HORMONAL_CORTICOSTEROIDS,الكورتيكوستيرويدات الهرمونية,FALSE,FALSE
en,BRONCHODILATORS,Bronchodilators,FALSE,FALSE
arb,BRONCHODILATORS,موسعات الشعب الهوائية,FALSE,FALSE
en,ANTIEMETICS,Antiemetics,FALSE,FALSE
arb,ANTIEMETICS,مضادات القيء,FALSE,FALSE
en,MACROLIDES,Macrolides,FALSE,FALSE
arb,MACROLIDES,الماكروليدات,FALSE,FALSE
en,PENICILLINS,Penicillins,FALSE,FALSE
arb,PENICILLINS,البنسلينات,FALSE,FALSE
en,LAXATIVES,Laxatives,FALSE,FALSE
arb,LAXATIVES,الملينات,FALSE,FALSE
en,ANXIOLYTICS,Anxiolytics,FALSE,FALSE
arb,ANXIOLYTICS,مضادات القلق,FALSE,FALSE
en,PROTON_PUMP_INHIBITORS,Proton Pump Inhibitors,FALSE,FALSE
arb,PROTON_PUMP_INHIBITORS,مثبطات مضخة البروتون,FALSE,FALSE
en,IMMUNOSUPPRESSANTS,Immunosuppressants,FALSE,FALSE
arb,IMMUNOSUPPRESSANTS,مثبطات المناعة,FALSE,FALSE
en,DPP_4_INHIBITORS,DPP-4 Inhibitors,FALSE,FALSE
arb,DPP_4_INHIBITORS,مثبطات DPP-4,FALSE,FALSE
en,ANTIDIARRHEALS,Antidiarrheals,FALSE,FALSE
arb,ANTIDIARRHEALS,مضادات الإسهال,FALSE,FALSE
en,ORAL_HYPOGLYCEMICS,Oral Hypoglycemics,FALSE,FALSE
arb,ORAL_HYPOGLYCEMICS,أدوية خفض سكر الدم الفموية,FALSE,FALSE
en,MOOD_STABILIZERS,Mood Stabilizers,FALSE,FALSE
arb,MOOD_STABILIZERS,مثبتات المزاج,FALSE,FALSE
en,NON_OPIOID_ANALGESICS,Non-Opioid Analgesics,FALSE,FALSE
arb,NON_OPIOID_ANALGESICS,مسكنات غير أفيونية,FALSE,FALSE
en,OPIOID_ANALGESICS,Opioid Analgesics,FALSE,FALSE
arb,OPIOID_ANALGESICS,مسكنات أفيونية,FALSE,FALSE
en,OSTEOPOROSIS_MEDICATIONS,Osteoporosis Medications,FALSE,FALSE
arb,OSTEOPOROSIS_MEDICATIONS,أدوية هشاشة العظام,FALSE,FALSE
en,H2_RECEPTOR_ANTAGONISTS,H2 Receptor Antagonists,FALSE,FALSE
arb,H2_RECEPTOR_ANTAGONISTS,مضادات مستقبلات H2,FALSE,FALSE
en,ANTIPSYCHOTICS,Antipsychotics,FALSE,FALSE
arb,ANTIPSYCHOTICS,مضادات الذهان,FALSE,FALSE
en,ANTIDEPRESSANTS,Antidepressants,FALSE,FALSE
arb,ANTIDEPRESSANTS,مضادات الاكتئاب,FALSE,FALSE
en,GENERAL_ANESTHETICS,General Anesthetics,FALSE,FALSE
arb,GENERAL_ANESTHETICS,أدوية التخدير العام,FALSE,FALSE
en,LOCAL_ANESTHETICS,Local Anesthetics,FALSE,FALSE
arb,LOCAL_ANESTHETICS,أدوية التخدير الموضعي,FALSE,FALSE
en,CEPHALOSPORINS,Cephalosporins,FALSE,FALSE
arb,CEPHALOSPORINS,السيفالوسبورينات,FALSE,FALSE
en,TETRACYCLINES,Tetracyclines,FALSE,FALSE
arb,TETRACYCLINES,التتراسيكلينات,FALSE,FALSE
en,FLUOROQUINOLONES,Fluoroquinolones,FALSE,FALSE
arb,FLUOROQUINOLONES,الفلوروكينولونات,FALSE,FALSE
en,RESPIRATORY_CORTICOSTEROIDS,Respiratory Corticosteroids,FALSE,FALSE
arb,RESPIRATORY_CORTICOSTEROIDS,الكورتيكوستيرويدات التنفسية,FALSE,FALSE
en,ANTIHISTAMINES,Antihistamines,FALSE,FALSE
arb,ANTIHISTAMINES,مضادات الهيستامين,FALSE,FALSE
en,NON_STEROIDAL_ANTI_INFLAMMATORY_DRUGS_NSAIDS,Non-Steroidal Anti-Inflammatory Drugs (NSAIDs),FALSE,FALSE
arb,NON_STEROIDAL_ANTI_INFLAMMATORY_DRUGS_NSAIDS,مضادات الالتهاب غير الستيرويدية (NSAIDs),FALSE,FALSE
en,AMINOGLYCOSIDES,Aminoglycosides,FALSE,FALSE
arb,AMINOGLYCOSIDES,الأمينوغليكوزيدات,FALSE,FALSE
en,SEROTONIN_NOREPINEPHRINE_REUPTAKE_INHIBITORS_SNRIS,Serotonin-Norepinephrine Reuptake Inhibitors (SNRIs),FALSE,FALSE
arb,SEROTONIN_NOREPINEPHRINE_REUPTAKE_INHIBITORS_SNRIS,مثبطات إعادة امتصاص السيروتونين والنورإبينفرين (SNRIs),FALSE,FALSE
en,SELECTIVE_SEROTONIN_REUPTAKE_INHIBITORS_SSRIS,Selective Serotonin Reuptake Inhibitors (SSRIs),FALSE,FALSE
arb,SELECTIVE_SEROTONIN_REUPTAKE_INHIBITORS_SSRIS,مثبطات إعادة امتصاص السيروتونين الانتقائية (SSRIs),FALSE,FALSE
en,TRICYCLIC_ANTIDEPRESSANTS_TCAS,Tricyclic Antidepressants (TCAs),FALSE,FALSE
arb,TRICYCLIC_ANTIDEPRESSANTS_TCAS,مضادات الاكتئاب ثلاثية الحلقات (TCAs),FALSE,FALSE
en,MONOAMINE_OXIDASE_INHIBITORS_MAOIS,Monoamine Oxidase Inhibitors (MAOIs),FALSE,FALSE
arb,MONOAMINE_OXIDASE_INHIBITORS_MAOIS,مثبطات أوكسيداز أحادي الأمين (MAOIs),FALSE,FALSE
en,SULFONYLUREAS,Sulfonylureas,FALSE,FALSE
arb,SULFONYLUREAS,السلفونيل يوريا,FALSE,FALSE
en,GLP_1_RECEPTOR_AGONISTS,GLP-1 Receptor Agonists,FALSE,FALSE
arb,GLP_1_RECEPTOR_AGONISTS,ناهضات مستقبلات GLP-1,FALSE,FALSE
en,LONG_ACTING_INSULIN,Long-Acting Insulin,FALSE,FALSE
arb,LONG_ACTING_INSULIN,الإنسولين طويل المفعول,FALSE,FALSE
en,SHORT_ACTING_INSULIN,Short-Acting Insulin,FALSE,FALSE
arb,SHORT_ACTING_INSULIN,الإنسولين قصير المفعول,FALSE,FALSE
en,RAPID_ACTING_INSULIN,Rapid-Acting Insulin,FALSE,FALSE
arb,RAPID_ACTING_INSULIN,الإنسولين سريع المفعول,FALSE,FALSE
en,INTERMEDIATE_ACTING_INSULIN,Intermediate-Acting Insulin,FALSE,FALSE
arb,INTERMEDIATE_ACTING_INSULIN,الإنسولين متوسط المفعول,FALSE,FALSE
en,ANGIOTENSIN_CONVERTING_ENZYME_ACE_INHIBITORS,Angiotensin-Converting Enzyme (ACE) Inhibitors,FALSE,FALSE
arb,ANGIOTENSIN_CONVERTING_ENZYME_ACE_INHIBITORS,مثبطات الإنزيم المحول للأنجيوتنسين (ACE),FALSE,FALSE
en,ANGIOTENSIN_II_RECEPTOR_BLOCKERS_ARBS,Angiotensin II Receptor Blockers (ARBs),FALSE,FALSE
arb,ANGIOTENSIN_II_RECEPTOR_BLOCKERS_ARBS,حاصرات مستقبلات الأنجيوتنسين II (ARBs),FALSE,FALSE
en,CALCIUM_CHANNEL_BLOCKERS,Calcium Channel Blockers,FALSE,FALSE
arb,CALCIUM_CHANNEL_BLOCKERS,حاصرات قنوات الكالسيوم,FALSE,FALSE
en,BETA_BLOCKERS,Beta Blockers,FALSE,FALSE
arb,BETA_BLOCKERS,حاصرات بيتا,FALSE,FALSE
en,DIURETICS,Diuretics,FALSE,FALSE
arb,DIURETICS,مدرات البول,FALSE,FALSE
en,THIAZIDE_DIURETICS,Thiazide Diuretics,FALSE,FALSE
arb,THIAZIDE_DIURETICS,مدرات البول الثيازيدية,FALSE,FALSE
en,LOOP_DIURETICS,Loop Diuretics,FALSE,FALSE
arb,LOOP_DIURETICS,مدرات البول العروية,FALSE,FALSE
en,POTASSIUM_SPARING_DIURETICS,Potassium-Sparing Diuretics,FALSE,FALSE
arb,POTASSIUM_SPARING_DIURETICS,مدرات البول الحافظة للبوتاسيوم,FALSE,FALSE
en,STATINS,Statins,FALSE,FALSE
arb,STATINS,الستاتينات,FALSE,FALSE
en,FIBRATES,Fibrates,FALSE,FALSE
arb,FIBRATES,الفايبريتات,FALSE,FALSE
en,BILE_ACID_SEQUESTRANTS,Bile Acid Sequestrants,FALSE,FALSE
arb,BILE_ACID_SEQUESTRANTS,راتنجات الأحماض الصفراوية,FALSE,FALSE
en,VITAMIN_K_ANTAGONISTS,Vitamin K Antagonists,FALSE,FALSE
arb,VITAMIN_K_ANTAGONISTS,مضادات فيتامين K,FALSE,FALSE
en,DIRECT_ORAL_ANTICOAGULANTS_DOACS,Direct Oral Anticoagulants (DOACs),FALSE,FALSE
arb,DIRECT_ORAL_ANTICOAGULANTS_DOACS,مضادات التخثر الفموية المباشرة (DOACs),FALSE,FALSE
en,UNFRACTIONATED_HEPARINS_UFH,Unfractionated  Heparins (UFH),FALSE,FALSE
arb,UNFRACTIONATED_HEPARINS_UFH,الهيبارينات غير المجزأة (UFH),FALSE,FALSE
en,LOW_MOLECULAR_WEIGHT_HEPARIN_LMWH,Low Molecular Weight Heparin (LMWH),FALSE,FALSE
arb,LOW_MOLECULAR_WEIGHT_HEPARIN_LMWH,الهيبارين منخفض الوزن الجزيئي (LMWH),FALSE,FALSE
en,COX_INHIBITORS,COX Inhibitors,FALSE,FALSE
arb,COX_INHIBITORS,مثبطات COX,FALSE,FALSE
en,P2Y12_INHIBITORS,P2Y12 Inhibitors,FALSE,FALSE
arb,P2Y12_INHIBITORS,مثبطات P2Y12,FALSE,FALSE
en,CLASS_I_SODIUM_CHANNEL_BLOCKERS,Class I (Sodium Channel Blockers),FALSE,FALSE
arb,CLASS_I_SODIUM_CHANNEL_BLOCKERS,الفئة الأولى (حاصرات قنوات الصوديوم),FALSE,FALSE
en,CLASS_II_BETA_BLOCKERS,Class II (Beta Blockers),FALSE,FALSE
arb,CLASS_II_BETA_BLOCKERS,الفئة الثانية (حاصرات بيتا),FALSE,FALSE
en,CLASS_III_POTASSIUM_CHANNEL_BLOCKERS,Class III (Potassium Channel Blockers,FALSE,FALSE
arb,CLASS_III_POTASSIUM_CHANNEL_BLOCKERS,الفئة الثالثة (حاصرات قنوات البوتاسيوم),FALSE,FALSE
en,CLASS_IV_CALCIUM_CHANNEL_BLOCKERS,Class IV (Calcium Channel Blockers),FALSE,FALSE
arb,CLASS_IV_CALCIUM_CHANNEL_BLOCKERS,الفئة الرابعة (حاصرات قنوات الكالسيوم),FALSE,FALSE
en,SCHEDULE_I_C_I,Schedule I (C-I),FALSE,FALSE
arb,SCHEDULE_I_C_I,الجدول الأول (C-I),FALSE,FALSE
en,CATEGORY_X,Category X,FALSE,FALSE
arb,CATEGORY_X,الفئة X,FALSE,FALSE
en,SCHEDULE_III_C_III,Schedule III (C-III),FALSE,FALSE
arb,SCHEDULE_III_C_III,الجدول الثالث (C-III),FALSE,FALSE
en,SCHEDULE_II_C_II,Schedule II (C-II),FALSE,FALSE
arb,SCHEDULE_II_C_II,الجدول الثاني (C-II),FALSE,FALSE
en,SCHEDULE_IV_C_IV,Schedule IV (C-IV),FALSE,FALSE
arb,SCHEDULE_IV_C_IV,الجدول الرابع (C-IV),FALSE,FALSE
en,SCHEDULE_V_C_V,Schedule V (C-V),FALSE,FALSE
arb,SCHEDULE_V_C_V,الجدول الخامس (C-V),FALSE,FALSE
en,CATEGORY_A,Category A,FALSE,FALSE
arb,CATEGORY_A,الفئة A,FALSE,FALSE
en,CATEGORY_B,Category B,FALSE,FALSE
arb,CATEGORY_B,الفئة B,FALSE,FALSE
en,CATEGORY_C,Category C,FALSE,FALSE
arb,CATEGORY_C,الفئة C,FALSE,FALSE
en,CATEGORY_D,Category D,FALSE,FALSE
arb,CATEGORY_D,الفئة D,FALSE,FALSE
en,COMPATIBLE_WITH_BREASTFEEDING,Compatible with Breastfeeding,FALSE,FALSE
arb,COMPATIBLE_WITH_BREASTFEEDING,متوافق مع الرضاعة الطبيعية,FALSE,FALSE
en,POTENTIALLY_COMPATIBLE,Potentially Compatible,FALSE,FALSE
arb,POTENTIALLY_COMPATIBLE,متوافق محتملًا,FALSE,FALSE
en,USE_WITH_CAUTION,Use with Caution,FALSE,FALSE
arb,USE_WITH_CAUTION,يُستخدم بحذر,FALSE,FALSE
en,CONTRAINDICATED,Contraindicated,FALSE,FALSE
arb,CONTRAINDICATED,ممنوع استخدامه,FALSE,FALSE
en,PREGNANT_WOMEN,Pregnant Women,FALSE,FALSE
arb,PREGNANT_WOMEN,النساء الحوامل,FALSE,FALSE
en,LACTATING_BREASTFEEDING_WOMEN,Lactating (Breastfeeding) Women,FALSE,FALSE
arb,LACTATING_BREASTFEEDING_WOMEN,النساء المرضعات,FALSE,FALSE
en,PEDIATRIC_PATIENTS,Pediatric Patients,FALSE,FALSE
arb,PEDIATRIC_PATIENTS,مرضى الأطفال,FALSE,FALSE
en,GERIATRIC_PATIENTS,Geriatric Patients,FALSE,FALSE
arb,GERIATRIC_PATIENTS,مرضى كبار السن,FALSE,FALSE
en,PATIENTS_WITH_RENAL_IMPAIRMENT,Patients with Renal Impairment,FALSE,FALSE
arb,PATIENTS_WITH_RENAL_IMPAIRMENT,المرضى المصابون بقصور كلوي,FALSE,FALSE
en,PATIENTS_WITH_HEPATIC_IMPAIRMENT,Patients with Hepatic Impairment,FALSE,FALSE
arb,PATIENTS_WITH_HEPATIC_IMPAIRMENT,المرضى المصابون بقصور كبدي,FALSE,FALSE
en,GENETIC_VARIANTS,Genetic Variants,FALSE,FALSE
arb,GENETIC_VARIANTS,المتغيرات الجينية,FALSE,FALSE
en,PATIENTS_WITH_CHRONIC_DISEASES,Patients with Chronic Diseases,FALSE,FALSE
arb,PATIENTS_WITH_CHRONIC_DISEASES,المرضى المصابون بأمراض مزمنة,FALSE,FALSE
en,PATIENTS_WITH_MENTAL_HEALTH_CONDITIONS,Patients with Mental Health Conditions,FALSE,FALSE
arb,PATIENTS_WITH_MENTAL_HEALTH_CONDITIONS,المرضى المصابون بحالات صحية نفسية,FALSE,FALSE
en,IMMUNOCOMPROMISED_PATIENTS,Immunocompromised Patients,FALSE,FALSE
arb,IMMUNOCOMPROMISED_PATIENTS,المرضى ضعيفو المناعة,FALSE,FALSE
en,PATIENTS_WITH_ALLERGIES,Patients with Allergies,FALSE,FALSE
arb,PATIENTS_WITH_ALLERGIES,المرضى المصابون بالحساسية,FALSE,FALSE
en,OBESE_PATIENTS,Obese Patients,FALSE,FALSE
arb,OBESE_PATIENTS,المرضى الذين يعانون من السمنة,FALSE,FALSE
en,PALLIATIVE_CARE_PATIENTS,Palliative Care Patients,FALSE,FALSE
arb,PALLIATIVE_CARE_PATIENTS,مرضى الرعاية التلطيفية,FALSE,FALSE
en,ETHNIC_AND_RACIAL_GROUPS,Ethnic and Racial Groups,FALSE,FALSE
arb,ETHNIC_AND_RACIAL_GROUPS,المجموعات العرقية,FALSE,FALSE
en,PATIENTS_WITH_SPECIFIC_DIETARY_RESTRICTIONS,Patients with Specific Dietary Restrictions,FALSE,FALSE
arb,PATIENTS_WITH_SPECIFIC_DIETARY_RESTRICTIONS,المرضى الذين لديهم قيود غذائية محددة,FALSE,FALSE
en,TRANSPLANT_RECIPIENTS,Transplant Recipients,FALSE,FALSE
arb,TRANSPLANT_RECIPIENTS,متلقو زراعة الأعضاء,FALSE,FALSE
en,SEROTONIN_5_HT3_RECEPTOR_ANTAGONISTS,Serotonin 5-HT3 Receptor Antagonists,FALSE,FALSE
arb,SEROTONIN_5_HT3_RECEPTOR_ANTAGONISTS,مضادات مستقبلات السيروتونين 5-HT3,FALSE,FALSE
en,DOPAMINE_ANTAGONISTS,Dopamine Antagonists,FALSE,FALSE
arb,DOPAMINE_ANTAGONISTS,مضادات الدوبامين,FALSE,FALSE
en,ANTIPARKINSONIAN_AGENTS,Antiparkinsonian Agents,FALSE,FALSE
arb,ANTIPARKINSONIAN_AGENTS,أدوية مضادة لمرض باركنسون,FALSE,FALSE
en,DOPAMINE_PRECURSORS,Dopamine Precursors,FALSE,FALSE
arb,DOPAMINE_PRECURSORS,مقدمات الدوبامين,FALSE,FALSE
en,DOPAMINE_AGONISTS,Dopamine Agonists,FALSE,FALSE
arb,DOPAMINE_AGONISTS,ناهضات الدوبامين,FALSE,FALSE
en,MAO_B_INHIBITORS,MAO-B Inhibitors,FALSE,FALSE
arb,MAO_B_INHIBITORS,مثبطات MAO-B,FALSE,FALSE
en,CALCINEURIN_INHIBITORS,Calcineurin Inhibitors,FALSE,FALSE
arb,CALCINEURIN_INHIBITORS,مثبطات الكالسينيورين,FALSE,FALSE
en,MTOR_INHIBITORS,mTOR Inhibitors,FALSE,FALSE
arb,MTOR_INHIBITORS,مثبطات mTOR,FALSE,FALSE
en,ANTIMETABOLITES,Antimetabolites,FALSE,FALSE
arb,ANTIMETABOLITES,مضادات الأيض,FALSE,FALSE
en,MUSCLE_RELAXANTS,Muscle Relaxants,FALSE,FALSE
arb,MUSCLE_RELAXANTS,مرخيات العضلات,FALSE,FALSE
en,BISPHOSPHONATES,Bisphosphonates,FALSE,FALSE
arb,BISPHOSPHONATES,البيسفوسفونات,FALSE,FALSE
en,SELECTIVE_ESTROGEN_RECEPTOR_MODULATORS_SERMS,Selective Estrogen Receptor Modulators (SERMs),FALSE,FALSE
arb,SELECTIVE_ESTROGEN_RECEPTOR_MODULATORS_SERMS,معدلات مستقبلات الإستروجين الانتقائية (SERMs),FALSE,FALSE
en,ANTIMYCOBACTERIALS,Antimycobacterials,FALSE,FALSE
arb,ANTIMYCOBACTERIALS,مضادات المتفطرات,FALSE,FALSE
en,ANTIMALARIALS,Antimalarials,FALSE,FALSE
arb,ANTIMALARIALS,مضادات الملاريا,FALSE,FALSE
en,ANTHELMINTICS,Anthelmintics,FALSE,FALSE
arb,ANTHELMINTICS,مضادات الديدان,FALSE,FALSE
en,ANTINEOPLASTICS,Antineoplastics,FALSE,FALSE
arb,ANTINEOPLASTICS,مضادات الأورام,FALSE,FALSE
en,ALKYLATING_AGENTS,Alkylating Agents,FALSE,FALSE
arb,ALKYLATING_AGENTS,العوامل المؤلكلة,FALSE,FALSE
en,MITOTIC_INHIBITORS,Mitotic Inhibitors,FALSE,FALSE
arb,MITOTIC_INHIBITORS,مثبطات الانقسام المتساوي,FALSE,FALSE
en,TOPOISOMERASE_INHIBITORS,Topoisomerase Inhibitors,FALSE,FALSE
arb,TOPOISOMERASE_INHIBITORS,مثبطات التوبويزوميراز,FALSE,FALSE
en,ANTITHYROID_AGENTS,Antithyroid Agents,FALSE,FALSE
arb,ANTITHYROID_AGENTS,مضادات الغدة الدرقية,FALSE,FALSE
en,CORTICOSTEROIDS,Corticosteroids,FALSE,FALSE
arb,CORTICOSTEROIDS,الكورتيكوستيرويدات,FALSE,FALSE
en,CONTRACEPTIVES,Contraceptives,FALSE,FALSE
arb,CONTRACEPTIVES,موانع الحمل,FALSE,FALSE
en,SALIVA,Saliva,FALSE,FALSE
arb,SALIVA,اللعاب,FALSE,FALSE
en,STOOL,Stool,FALSE,FALSE
arb,STOOL,البراز,FALSE,FALSE
en,CEREBROSPINAL_FLUID_CSF,Cerebrospinal Fluid (CSF),FALSE,FALSE
arb,CEREBROSPINAL_FLUID_CSF,السائل الدماغي الشوكي (CSF),FALSE,FALSE
en,SPUTUM,Sputum,FALSE,FALSE
arb,SPUTUM,البلغم,FALSE,FALSE
en,BODY_FLUIDS,Body Fluids,FALSE,FALSE
arb,BODY_FLUIDS,سوائل الجسم,FALSE,FALSE
en,SWABS,Swabs,FALSE,FALSE
arb,SWABS,المسحات,FALSE,FALSE
en,HAIR,Hair,FALSE,FALSE
arb,HAIR,الشعر,FALSE,FALSE
en,NAIL_CLIPPINGS,Nail Clippings,FALSE,FALSE
arb,NAIL_CLIPPINGS,قصاصات الأظافر,FALSE,FALSE
en,BIOPSIES,Biopsies,FALSE,FALSE
arb,BIOPSIES,الخزعات,FALSE,FALSE
en,VACUUM_BLOOD_COLLECTION_TUBES,Vacuum Blood Collection Tubes,FALSE,FALSE
arb,VACUUM_BLOOD_COLLECTION_TUBES,أنابيب جمع الدم بالتفريغ,FALSE,FALSE
en,URINE_COLLECTION_TUBES,Urine Collection Tubes,FALSE,FALSE
arb,URINE_COLLECTION_TUBES,أنابيب جمع البول,FALSE,FALSE
en,STERILE_CULTURE_TUBES,Sterile Culture Tubes,FALSE,FALSE
arb,STERILE_CULTURE_TUBES,أنابيب زراعة معقمة,FALSE,FALSE
en,CRYOGENIC_TUBES,Cryogenic Tubes:,FALSE,FALSE
arb,CRYOGENIC_TUBES,أنابيب مبردة,FALSE,FALSE
en,CENTRIFUGE_TUBES,Centrifuge Tubes,FALSE,FALSE
arb,CENTRIFUGE_TUBES,أنابيب الطرد المركزي,FALSE,FALSE
en,SERUM_SEPARATOR_TUBES_SST,Serum Separator Tubes (SST),FALSE,FALSE
arb,SERUM_SEPARATOR_TUBES_SST,أنابيب فصل المصل (SST),FALSE,FALSE
en,PLASMA_SEPARATOR_TUBES_PST,Plasma Separator Tubes (PST),FALSE,FALSE
arb,PLASMA_SEPARATOR_TUBES_PST,أنابيب فصل البلازما (PST),FALSE,FALSE
en,CAPILLARY_TUBES,Capillary Tubes,FALSE,FALSE
arb,CAPILLARY_TUBES,الأنابيب الشعرية,FALSE,FALSE
en,TRANSPORT_TUBES,Transport Tubes,FALSE,FALSE
arb,TRANSPORT_TUBES,أنابيب النقل,FALSE,FALSE
en,GENETICS,Genetics,FALSE,FALSE
arb,GENETICS,الوراثة,FALSE,FALSE
en,EYE_EXAM,Eye Exam,FALSE,FALSE
arb,EYE_EXAM,فحص العين,FALSE,FALSE
en,GLAXOSMITHKLINE,GlaxoSmithKline,FALSE,FALSE
arb,GLAXOSMITHKLINE,جلاكسو سميث كلاين,FALSE,FALSE
en,PFIZER,Pfizer,FALSE,FALSE
arb,PFIZER,فايزر,FALSE,FALSE
en,NOVARTIS_AG,Novartis AG,FALSE,FALSE
arb,NOVARTIS_AG,نوفارتس AG,FALSE,FALSE
en,MSD,MSD,FALSE,FALSE
arb,MSD,MSD,FALSE,FALSE
en,ABBVIE,AbbVie,FALSE,FALSE
arb,ABBVIE,أبفي,FALSE,FALSE
en,SANOFI,Sanofi,FALSE,FALSE
arb,SANOFI,سانوفي,FALSE,FALSE
en,ASTRAZENECA,AstraZeneca,FALSE,FALSE
arb,ASTRAZENECA,أسترازينيكا,FALSE,FALSE
en,BAYER,Bayer,FALSE,FALSE
arb,BAYER,باير,FALSE,FALSE
en,BRISTOL_MYERS_SQUIBB,Bristol-Myers Squibb,FALSE,FALSE
arb,BRISTOL_MYERS_SQUIBB,بريستول-مايرز سكويب,FALSE,FALSE
en,ELI_LILLY,Eli Lilly,FALSE,FALSE
arb,ELI_LILLY,إيلي ليلي,FALSE,FALSE
en,TAKEDA_PHARMACEUTICAL_COMPANY_LIMITED,Takeda Pharmaceutical Company Limited,FALSE,FALSE
arb,TAKEDA_PHARMACEUTICAL_COMPANY_LIMITED,شركة تاكيدا للصناعات الدوائية المحدودة,FALSE,FALSE
en,VERTEX_PHARMACEUTICALS_INCORPORATED,Vertex Pharmaceuticals Incorporated,FALSE,FALSE
arb,VERTEX_PHARMACEUTICALS_INCORPORATED,شركة فيرتكس للصناعات الدوائية,FALSE,FALSE
en,SYRUP,Syrup,FALSE,FALSE
arb,SYRUP,شراب,FALSE,FALSE
en,SUSPENSION,Suspension,FALSE,FALSE
arb,SUSPENSION,معلق,FALSE,FALSE
en,EMULSION,Emulsion,FALSE,FALSE
arb,EMULSION,مستحلب,FALSE,FALSE
en,ELIXIR,Elixir,FALSE,FALSE
arb,ELIXIR,إكسير,FALSE,FALSE
en,CREAM,Cream,FALSE,FALSE
arb,CREAM,كريم,FALSE,FALSE
en,OINTMENT,Ointment,FALSE,FALSE
arb,OINTMENT,مرهم,FALSE,FALSE
en,GEL,Gel,FALSE,FALSE
arb,GEL,جل,FALSE,FALSE
en,INTRAVENOUS_IV,Intravenous (IV),FALSE,FALSE
arb,INTRAVENOUS_IV,وريدي (IV),FALSE,FALSE
en,INTRAMUSCULAR_IM,Intramuscular (IM),FALSE,FALSE
arb,INTRAMUSCULAR_IM,عضلي (IM),FALSE,FALSE
en,SUBCUTANEOUS_SC,Subcutaneous (SC),FALSE,FALSE
arb,SUBCUTANEOUS_SC,تحت الجلد (SC),FALSE,FALSE
en,METERED_DOSE_INHALERS_MDIS,Metered-Dose Inhalers (MDIs),FALSE,FALSE
arb,METERED_DOSE_INHALERS_MDIS,أجهزة الاستنشاق بالجرعات المقننة (MDIs),FALSE,FALSE
en,DRY_POWDER_INHALERS_DPIS,Dry Powder Inhalers (DPIs),FALSE,FALSE
arb,DRY_POWDER_INHALERS_DPIS,أجهزة الاستنشاق بالمسحوق الجاف (DPIs),FALSE,FALSE
en,NEBULIZER,Nebulizer,FALSE,FALSE
arb,NEBULIZER,جهاز الاستنشاق بالرذاذ,FALSE,FALSE
en,FOAM,Foam,FALSE,FALSE
arb,FOAM,رغوة,FALSE,FALSE
en,POWDER,Powder,FALSE,FALSE
arb,POWDER,مسحوق,FALSE,FALSE
en,GRANULES,Granules,FALSE,FALSE
arb,GRANULES,حبيبات,FALSE,FALSE
en,CHEWABLE_TABLET,Chewable Tablet,FALSE,FALSE
arb,CHEWABLE_TABLET,قرص قابل للمضغ,FALSE,FALSE
en,SUBLINGUAL_TABLETS,Sublingual Tablets,FALSE,FALSE
arb,SUBLINGUAL_TABLETS,أقراص تحت اللسان,FALSE,FALSE
en,EFFERVESCENT,Effervescent,FALSE,FALSE
arb,EFFERVESCENT,فوار,FALSE,FALSE
en,AEROSOLS,Aerosols,FALSE,FALSE
arb,AEROSOLS,رذاذات,FALSE,FALSE
en,EUROPEAN,European,FALSE,FALSE
arb,EUROPEAN,أوروبي,FALSE,FALSE
en,COMPUTED_TOMOGRAPHY_CT,Computed Tomography (CT),FALSE,FALSE
arb,COMPUTED_TOMOGRAPHY_CT,التصوير المقطعي المحوسب (CT),FALSE,FALSE
en,MAGNETIC_RESONANCE_IMAGING_MRI,Magnetic Resonance Imaging (MRI),FALSE,FALSE
arb,MAGNETIC_RESONANCE_IMAGING_MRI,التصوير بالرنين المغناطيسي (MRI),FALSE,FALSE
en,ULTRASOUND,Ultrasound,FALSE,FALSE
arb,ULTRASOUND,الموجات فوق الصوتية,FALSE,FALSE
en,X_RAYS,X-Rays,FALSE,FALSE
arb,X_RAYS,الأشعة السينية,FALSE,FALSE
en,ANGIOGRAPHY,Angiography,FALSE,FALSE
arb,ANGIOGRAPHY,تصوير الأوعية,FALSE,FALSE
en,RADIATION_THERAPY,Radiation Therapy,FALSE,FALSE
arb,RADIATION_THERAPY,العلاج الإشعاعي,FALSE,FALSE
en,NUCLEAR_MEDICINE_IMAGING,Nuclear Medicine Imaging,FALSE,FALSE
arb,NUCLEAR_MEDICINE_IMAGING,التصوير بالطب النووي,FALSE,FALSE
en,MAMMOGRAPHY,Mammography,FALSE,FALSE
arb,MAMMOGRAPHY,تصوير الثدي,FALSE,FALSE
en,FLUOROSCOPY,Fluoroscopy,FALSE,FALSE
arb,FLUOROSCOPY,التنظير التألقي,FALSE,FALSE
en,CLINICAL_CHEMISTRY,Clinical Chemistry,FALSE,FALSE
arb,CLINICAL_CHEMISTRY,الكيمياء السريرية,FALSE,FALSE
en,HEMATOLOGY,Hematology,FALSE,FALSE
arb,HEMATOLOGY,أمراض الدم,FALSE,FALSE
en,SEROLOGY,Serology,FALSE,FALSE
arb,SEROLOGY,علم الأمصال,FALSE,FALSE
en,TOXICOLOGY,Toxicology,FALSE,FALSE
arb,TOXICOLOGY,علم السموم,FALSE,FALSE
en,HORMONS,Hormons,FALSE,FALSE
arb,HORMONS,الهرمونات,FALSE,FALSE
en,DRUG_TESTING,Drug Testing,FALSE,FALSE
arb,DRUG_TESTING,اختبار الأدوية,FALSE,FALSE
en,BUFFER_SOLUTIONS,Buffer Solutions,FALSE,FALSE
arb,BUFFER_SOLUTIONS,محاليل منظمة,FALSE,FALSE
en,INDICATOR,Indicator,FALSE,FALSE
arb,INDICATOR,مؤشر,FALSE,FALSE
en,ENZYMES,Enzymes,FALSE,FALSE
arb,ENZYMES,إنزيمات,FALSE,FALSE
en,ANTIBODIES_AND_ANTIGENS,Antibodies and Antigens,FALSE,FALSE
arb,ANTIBODIES_AND_ANTIGENS,الأجسام المضادة والمستضدات,FALSE,FALSE
en,CULTURE_MEDIA,Culture Media,FALSE,FALSE
arb,CULTURE_MEDIA,أوساط الزراعة,FALSE,FALSE
en,SOLVENTS,Solvents,FALSE,FALSE
arb,SOLVENTS,مذيبات,FALSE,FALSE
en,STAINS,Stains,FALSE,FALSE
arb,STAINS,صبغات,FALSE,FALSE
en,PRECIPITATING_AGENTS,Precipitating Agents,FALSE,FALSE
arb,PRECIPITATING_AGENTS,عوامل الترسيب,FALSE,FALSE
en,FIXATIVES,Fixatives,FALSE,FALSE
arb,FIXATIVES,مثبتات,FALSE,FALSE
en,REDOX_REAGENTS,Redox Reagents,FALSE,FALSE
arb,REDOX_REAGENTS,كواشف الأكسدة والاختزال,FALSE,FALSE
en,CONTRAST_AGENTS,Contrast Agents,FALSE,FALSE
arb,CONTRAST_AGENTS,عوامل التباين,FALSE,FALSE
en,RADIOACTIVE_TRACERS,Radioactive Tracers,FALSE,FALSE
arb,RADIOACTIVE_TRACERS,المتتبعات المشعة,FALSE,FALSE
en,FILM_DEVELOPERS_AND_FIXERS,Film Developers and Fixers,FALSE,FALSE
arb,FILM_DEVELOPERS_AND_FIXERS,محاليل إظهار وتثبيت الأفلام,FALSE,FALSE
en,CLEANING_SOLUTIONS,Cleaning Solutions,FALSE,FALSE
arb,CLEANING_SOLUTIONS,محاليل التنظيف,FALSE,FALSE
en,HISTOLOGICAL_STAINS,Histological Stains,FALSE,FALSE
arb,HISTOLOGICAL_STAINS,الصبغات النسيجية,FALSE,FALSE
en,IMMUNOHISTOCHEMISTRY_REAGENTS,Immunohistochemistry Reagents,FALSE,FALSE
arb,IMMUNOHISTOCHEMISTRY_REAGENTS,كواشف الكيمياء المناعية النسيجية,FALSE,FALSE
en,CYTOLOGY_FIXATIVES,Cytology Fixatives,FALSE,FALSE
arb,CYTOLOGY_FIXATIVES,مثبتات علم الخلايا,FALSE,FALSE
en,ANTIBODIES,Antibodies,FALSE,FALSE
arb,ANTIBODIES,الأجسام المضادة,FALSE,FALSE
en,1,1,FALSE,FALSE
arb,1,1,FALSE,FALSE
en,2,2,FALSE,FALSE
arb,2,2,FALSE,FALSE
en,3,3,FALSE,FALSE
arb,3,3,FALSE,FALSE
en,4,4,FALSE,FALSE
arb,4,4,FALSE,FALSE
en,5,5,FALSE,FALSE
arb,5,5,FALSE,FALSE
en,DOCTORATE_DEGREE_PHD,Doctorate Degree (PhD),FALSE,FALSE
arb,DOCTORATE_DEGREE_PHD,درجة الدكتوراه (PhD),FALSE,FALSE
en,HOSPITALITY_AND_FOOD_SERVICE,Hospitality and Food Service,FALSE,FALSE
arb,HOSPITALITY_AND_FOOD_SERVICE,الضيافة وخدمات الطعام,FALSE,FALSE
en,AGRICULTURE,Agriculture,FALSE,FALSE
arb,AGRICULTURE,الزراعة,FALSE,FALSE
en,DOCTOR_OF_PHARMACY,Doctor of Pharmacy,FALSE,FALSE
arb,DOCTOR_OF_PHARMACY,دكتور صيدلة,FALSE,FALSE
en,EMPLOYED_NURSE,Employed Nurse,FALSE,FALSE
arb,EMPLOYED_NURSE,ممرض موظف,FALSE,FALSE
en,NO_FORMAL_EDUCATION,No Formal Education,FALSE,FALSE
arb,NO_FORMAL_EDUCATION,بدون تعليم رسمي,FALSE,FALSE
en,PRIMARY_EDUCATION,Primary Education,FALSE,FALSE
arb,PRIMARY_EDUCATION,التعليم الابتدائي,FALSE,FALSE
en,SECONDARY_EDUCATION,Secondary Education,FALSE,FALSE
arb,SECONDARY_EDUCATION,التعليم الثانوي,FALSE,FALSE
en,TECHNICAL_EDUCATION,Technical Education,FALSE,FALSE
arb,TECHNICAL_EDUCATION,التعليم التقني,FALSE,FALSE
en,ROUTINE_CHECK_UP,Routine Check-up,FALSE,FALSE
arb,ROUTINE_CHECK_UP,فحص روتيني,FALSE,FALSE
en,OBSTETRIC_AND_GYNECOLOGIC_PROCEDURES,Obstetric and Gynecologic Procedures,FALSE,FALSE
arb,OBSTETRIC_AND_GYNECOLOGIC_PROCEDURES,إجراءات التوليد وأمراض النساء,FALSE,FALSE
en,LABORATORY_TEST,Laboratory Test,FALSE,FALSE
arb,LABORATORY_TEST,فحص مخبري,FALSE,FALSE
en,RADIOLOGY_IMAGE,Radiology Image,FALSE,FALSE
arb,RADIOLOGY_IMAGE,صورة أشعة,FALSE,FALSE
en,PATHOLOGY_TEST,Pathology Test,FALSE,FALSE
arb,PATHOLOGY_TEST,فحص علم الأمراض,FALSE,FALSE
en,MADA,Mada,FALSE,FALSE
arb,MADA,مدى,FALSE,FALSE
en,LOWER_CLASS,Lower Class,FALSE,FALSE
arb,LOWER_CLASS,الطبقة الدنيا,FALSE,FALSE
en,MIDDLE_CLASS,Middle Class,FALSE,FALSE
arb,MIDDLE_CLASS,الطبقة الوسطى,FALSE,FALSE
en,UPPER_CLASS,Upper Class,FALSE,FALSE
arb,UPPER_CLASS,الطبقة العليا,FALSE,FALSE
en,MASTER_GRADUATE_EDUCATION,Master\Graduate Education,FALSE,FALSE
arb,MASTER_GRADUATE_EDUCATION,درجة الماجستير / الدراسات العليا,FALSE,FALSE
en,GENETIC_TEST,Genetic Test,FALSE,FALSE
arb,GENETIC_TEST,فحص جيني,FALSE,FALSE
en,SNOMED,SNOMED,FALSE,FALSE
arb,SNOMED,SNOMED,FALSE,FALSE
en,ICD_11,ICD-11,FALSE,FALSE
arb,ICD_11,ICD-11,FALSE,FALSE
en,HCPCS,HCPCS,FALSE,FALSE
arb,HCPCS,HCPCS,FALSE,FALSE
en,RXNORM,RxNorm,FALSE,FALSE
arb,RXNORM,RxNorm,FALSE,FALSE
en,ORALLY_PO,Orally PO,FALSE,FALSE
arb,ORALLY_PO,عن طريق الفم PO,FALSE,FALSE
en,DISSEMINATED_INTRAVASCULAR_COAGULATION_DIC,Disseminated Intravascular Coagulation (DIC),FALSE,FALSE
arb,DISSEMINATED_INTRAVASCULAR_COAGULATION_DIC,التخثر المنتشر داخل الأوعية (DIC),FALSE,FALSE
en,CUSHINGS_SYNDROME,Cushingï¿½s Syndrome,FALSE,FALSE
arb,CUSHINGS_SYNDROME,متلازمة كوشينغ,FALSE,FALSE
en,MENIERES_DISEASE,Meniereï¿½s Disease,FALSE,FALSE
arb,MENIERES_DISEASE,داء منيير,FALSE,FALSE
en,ADMINISTRATIVE,Administrative,FALSE,FALSE
arb,ADMINISTRATIVE,إداري,FALSE,FALSE
en,MEDICAL_FILE,Medical File,FALSE,FALSE
arb,MEDICAL_FILE,الملف الطبي,FALSE,FALSE
en,CONSENT,Consent,FALSE,FALSE
arb,CONSENT,موافقة,FALSE,FALSE
en,SOCIAL_CASE,Social Case,FALSE,FALSE
arb,SOCIAL_CASE,حالة اجتماعية,FALSE,FALSE
en,HAS_DEBITS,Has Debits,FALSE,FALSE
arb,HAS_DEBITS,عليه ديون,FALSE,FALSE
en,OUT_OF_POCKET,Out-of-Pocket,FALSE,FALSE
arb,OUT_OF_POCKET,دفع من الجيب,FALSE,FALSE
en,INSURANCE_COVERAGE,Insurance Coverage,FALSE,FALSE
arb,INSURANCE_COVERAGE,تغطية تأمينية,FALSE,FALSE
en,CREDIT_DEBIT_CARD,Credit\Debit Card,FALSE,FALSE
arb,CREDIT_DEBIT_CARD,بطاقة ائتمان / خصم,FALSE,FALSE
en,NO_PAIN,No Pain,FALSE,FALSE
arb,NO_PAIN,بدون ألم,FALSE,FALSE
en,DENTAL_EXAM,Dental Exam,FALSE,FALSE
arb,DENTAL_EXAM,فحص الأسنان,FALSE,FALSE
en,EYE_EXAM_OPTOMETRIC,Eye Exam (Optometric),FALSE,FALSE
arb,EYE_EXAM_OPTOMETRIC,فحص العين (البصري),FALSE,FALSE
en,BLUE_CROSS_BLUE_SHIELD,Blue Cross Blue Shield,FALSE,FALSE
arb,BLUE_CROSS_BLUE_SHIELD,بلو كروس بلو شيلد,FALSE,FALSE
en,UNITED_HEALTHCARE,United Healthcare,FALSE,FALSE
arb,UNITED_HEALTHCARE,يونايتد هيلث كير,FALSE,FALSE
en,CIGNA,Cigna,FALSE,FALSE
arb,CIGNA,سيغنا,FALSE,FALSE
en,KAISER_PERMANENTE,Kaiser Permanente,FALSE,FALSE
arb,KAISER_PERMANENTE,كايسر بيرماننتي,FALSE,FALSE
en,MEDICA,Medica,FALSE,FALSE
arb,MEDICA,ميديكا,FALSE,FALSE
en,PPO,PPO,FALSE,FALSE
arb,PPO,PPO,FALSE,FALSE
en,HMO,HMO,FALSE,FALSE
arb,HMO,HMO,FALSE,FALSE
en,EPO,EPO,FALSE,FALSE
arb,EPO,EPO,FALSE,FALSE
en,POS,POS,FALSE,FALSE
arb,POS,POS,FALSE,FALSE
en,HDHP,HDHP,FALSE,FALSE
arb,HDHP,HDHP,FALSE,FALSE
en,MEDICARE,Medicare,FALSE,FALSE
arb,MEDICARE,ميديكير,FALSE,FALSE
en,MEDICAID,Medicaid,FALSE,FALSE
arb,MEDICAID,ميديكيد,FALSE,FALSE
en,AETCMPI,AETCMPI,FALSE,FALSE
arb,AETCMPI,AETCMPI,FALSE,FALSE
en,BOSKALIS,BOSKALIS,FALSE,FALSE
arb,BOSKALIS,BOSKALIS,FALSE,FALSE
en,DREDGING,DREDGING,FALSE,FALSE
arb,DREDGING,DREDGING,FALSE,FALSE
en,RUSH,Rush,FALSE,FALSE
arb,RUSH,عاجل جدًا,FALSE,FALSE
en,FASTING,Fasting,FALSE,FALSE
arb,FASTING,صائم,FALSE,FALSE
en,PRINCIPAL,Principal,FALSE,FALSE
arb,PRINCIPAL,رئيسي,FALSE,FALSE
en,PAY_FIRST,Pay First,FALSE,FALSE
arb,PAY_FIRST,ادفع أولًا,FALSE,FALSE
en,PAY_LATER,Pay Later,FALSE,FALSE
arb,PAY_LATER,ادفع لاحقًا,FALSE,FALSE
en,MARITIME,Maritime,FALSE,FALSE
arb,MARITIME,بحري,FALSE,FALSE
en,SHARP,Sharp,FALSE,FALSE
arb,SHARP,حاد,FALSE,FALSE
en,BURNING,Burning,FALSE,FALSE
arb,BURNING,حارق,FALSE,FALSE
en,DECK,Deck,FALSE,FALSE
arb,DECK,سطح السفينة,FALSE,FALSE
en,ENGINE,Engine,FALSE,FALSE
arb,ENGINE,المحرك,FALSE,FALSE
en,STEWARD,Steward,FALSE,FALSE
arb,STEWARD,مضيف,FALSE,FALSE
en,NEW_HIRE,New Hire,FALSE,FALSE
arb,NEW_HIRE,موظف جديد,FALSE,FALSE
en,EX_CREW,Ex Crew,FALSE,FALSE
arb,EX_CREW,عضو سابق في الطاقم,FALSE,FALSE
en,DULL,Dull,FALSE,FALSE
arb,DULL,خفيف / غير حاد,FALSE,FALSE
en,ACHING,Aching,FALSE,FALSE
arb,ACHING,مؤلم,FALSE,FALSE
en,STABBING,Stabbing,FALSE,FALSE
arb,STABBING,طاعن,FALSE,FALSE
en,THROBBING,Throbbing,FALSE,FALSE
arb,THROBBING,نابض,FALSE,FALSE
en,CRAMPING,Cramping,FALSE,FALSE
arb,CRAMPING,مغص,FALSE,FALSE
en,RADIATING,Radiating,FALSE,FALSE
arb,RADIATING,منتشر,FALSE,FALSE
en,TINGLING,Tingling,FALSE,FALSE
arb,TINGLING,وخز,FALSE,FALSE
en,SHOOTING,Shooting,FALSE,FALSE
arb,SHOOTING,إطلاق نار,FALSE,FALSE
en,SHOCK_LIKE,Shock-like,FALSE,FALSE
arb,SHOCK_LIKE,شبيه بالصدمة,FALSE,FALSE
en,PRESSURE_LIKE,Pressure-like,FALSE,FALSE
arb,PRESSURE_LIKE,شبيه بالضغط,FALSE,FALSE
en,FRENCH,French,FALSE,FALSE
arb,FRENCH,الفرنسية,FALSE,FALSE
en,SPANISH,Spanish,FALSE,FALSE
arb,SPANISH,الإسبانية,FALSE,FALSE
en,RUSSIAN,Russian,FALSE,FALSE
arb,RUSSIAN,الروسية,FALSE,FALSE
en,PORTUGUESE,Portuguese,FALSE,FALSE
arb,PORTUGUESE,البرتغالية,FALSE,FALSE
en,TURKISH,Turkish,FALSE,FALSE
arb,TURKISH,التركية,FALSE,FALSE
en,PLEASE_ARRIVE_15_MINUTES_EARLY_TO_COMPLETE_ANY_NECESSARY_UNFINISHED_WORK,Please arrive 15 minutes early to complete any necessary unfinished work,FALSE,FALSE
arb,PLEASE_ARRIVE_15_MINUTES_EARLY_TO_COMPLETE_ANY_NECESSARY_UNFINISHED_WORK,يرجى الحضور قبل 15 دقيقة لإكمال أي أعمال ضرورية غير مكتملة,FALSE,FALSE
en,PELVIS,Pelvis,FALSE,FALSE
arb,PELVIS,الحوض,FALSE,FALSE
en,HIP,Hip,FALSE,FALSE
arb,HIP,الورك,FALSE,FALSE
en,ARRANGE_FOR_TRANSPORTATION_IF_YOU_WILL_BE_SEDATED_OR_RECEIVING_ANESTHESIA,Arrange for transportation if you will be sedated or receiving anesthesia,FALSE,FALSE
arb,ARRANGE_FOR_TRANSPORTATION_IF_YOU_WILL_BE_SEDATED_OR_RECEIVING_ANESTHESIA,رتّب وسيلة نقل إذا كنت ستخضع للتهدئة أو التخدير,FALSE,FALSE
en,PLEASE_WEAR_COMFORTABLE_LOOSE_FITTING_CLOTHING_FOR_EASY_ACCESS_TO_THE_EXAMINATION_AREA,"Please wear comfortable, loose-fitting clothing for easy access to the examination area.",FALSE,FALSE
arb,PLEASE_WEAR_COMFORTABLE_LOOSE_FITTING_CLOTHING_FOR_EASY_ACCESS_TO_THE_EXAMINATION_AREA,يرجى ارتداء ملابس مريحة وفضفاضة لتسهيل الوصول إلى منطقة الفحص,FALSE,FALSE
en,NO_FOOD_OR_DRINK_EXCEPT_WATER_12_HOURS_BEFORE_YOUR_BLOOD_TEST,No food or drink (except water) 12 hours before your blood test,FALSE,FALSE
arb,NO_FOOD_OR_DRINK_EXCEPT_WATER_12_HOURS_BEFORE_YOUR_BLOOD_TEST,لا تتناول أي طعام أو شراب (باستثناء الماء) لمدة 12 ساعة قبل فحص الدم,FALSE,FALSE
en,REMOVE_ALL_METALLIC_ITEMS_JEWELRY_HAIRPINS_BEFORE_THE_SCAN,"Remove all metallic items (jewelry, hairpins) before the scan.",FALSE,FALSE
arb,REMOVE_ALL_METALLIC_ITEMS_JEWELRY_HAIRPINS_BEFORE_THE_SCAN,أزل جميع الأشياء المعدنية (المجوهرات ودبابيس الشعر) قبل الفحص,FALSE,FALSE
en,REMEMBER_TO_BRING_A_VALID_PHOTO_ID_AND_INSURANCE_CARD,Remember to bring a valid photo ID and insurance card,FALSE,FALSE
arb,REMEMBER_TO_BRING_A_VALID_PHOTO_ID_AND_INSURANCE_CARD,تذكّر إحضار بطاقة هوية سارية تحمل صورة وبطاقة التأمين,FALSE,FALSE
en,DO_NOT_EAT_OR_DRINK_ANYTHING_FOR_AT_LEAST_10_HOURS_BEFORE_YOUR_APPOINTMENT,Do not eat or drink anything for at least 10 hours before your appointment,FALSE,FALSE
arb,DO_NOT_EAT_OR_DRINK_ANYTHING_FOR_AT_LEAST_10_HOURS_BEFORE_YOUR_APPOINTMENT,لا تأكل أو تشرب أي شيء لمدة 10 ساعات على الأقل قبل موعدك,FALSE,FALSE
en,NURSING_HOME,Nursing Home,FALSE,FALSE
arb,NURSING_HOME,دار رعاية المسنين,FALSE,FALSE
en,HEAD,Head,FALSE,FALSE
arb,HEAD,الرأس,FALSE,FALSE
en,SHOULDER,Shoulder,FALSE,FALSE
arb,SHOULDER,الكتف,FALSE,FALSE
en,FOREARM,Forearm,FALSE,FALSE
arb,FOREARM,الساعد,FALSE,FALSE
en,UPPER_ARM,Upper Arm,FALSE,FALSE
arb,UPPER_ARM,الجزء العلوي من الذراع,FALSE,FALSE
en,ELBOW,Elbow,FALSE,FALSE
arb,ELBOW,المرفق,FALSE,FALSE
en,WRIST,Wrist,FALSE,FALSE
arb,WRIST,المعصم,FALSE,FALSE
en,PALM,Palm,FALSE,FALSE
arb,PALM,راحة اليد,FALSE,FALSE
en,FINGERS,Fingers,FALSE,FALSE
arb,FINGERS,الأصابع,FALSE,FALSE
en,THIGH,Thigh,FALSE,FALSE
arb,THIGH,الفخذ,FALSE,FALSE
en,KNEE,Knee,FALSE,FALSE
arb,KNEE,الركبة,FALSE,FALSE
en,LOWER_LEG,Lower Leg,FALSE,FALSE
arb,LOWER_LEG,أسفل الساق,FALSE,FALSE
en,ANKLE,Ankle,FALSE,FALSE
arb,ANKLE,الكاحل,FALSE,FALSE
en,FOOT,Foot,FALSE,FALSE
arb,FOOT,القدم,FALSE,FALSE
en,TOENAILS,Toenails,FALSE,FALSE
arb,TOENAILS,أظافر القدم,FALSE,FALSE
en,ROUTINE_HEALTH_CHECK_UP,Routine Health Check-up,FALSE,FALSE
arb,ROUTINE_HEALTH_CHECK_UP,فحص صحي روتيني,FALSE,FALSE
en,FOLLOW_UP_OF_PREVIOUSLY_DIAGNOSED_CONDITION,Follow-up of Previously Diagnosed Condition,FALSE,FALSE
arb,FOLLOW_UP_OF_PREVIOUSLY_DIAGNOSED_CONDITION,متابعة حالة تم تشخيصها مسبقًا,FALSE,FALSE
en,PRE_OPERATIVE_EVALUATION,Pre-Operative Evaluation,FALSE,FALSE
arb,PRE_OPERATIVE_EVALUATION,تقييم ما قبل العملية,FALSE,FALSE
en,MONITORING_CHRONIC_CONDITION,Monitoring Chronic Condition,FALSE,FALSE
arb,MONITORING_CHRONIC_CONDITION,مراقبة حالة مزمنة,FALSE,FALSE
en,UNEXPLAINED_SYMPTOMS,Unexplained Symptoms,FALSE,FALSE
arb,UNEXPLAINED_SYMPTOMS,أعراض غير مفسرة,FALSE,FALSE
en,POST_OPERATIVE_MONITORING,Post-Operative Monitoring,FALSE,FALSE
arb,POST_OPERATIVE_MONITORING,مراقبة ما بعد العملية,FALSE,FALSE
en,SCREENING_FOR_RISK_FACTORS,Screening for Risk Factors,FALSE,FALSE
arb,SCREENING_FOR_RISK_FACTORS,الفحص للكشف عن عوامل الخطورة,FALSE,FALSE
en,CONFIRMING_DIAGNOSIS,Confirming Diagnosis,FALSE,FALSE
arb,CONFIRMING_DIAGNOSIS,تأكيد التشخيص,FALSE,FALSE
en,TREATMENT_RESPONSE_MONITORING,Treatment Response Monitoring,FALSE,FALSE
arb,TREATMENT_RESPONSE_MONITORING,مراقبة الاستجابة للعلاج,FALSE,FALSE
en,SUSPECTED_INFECTION,Suspected Infection,FALSE,FALSE
arb,SUSPECTED_INFECTION,اشتباه بوجود عدوى,FALSE,FALSE
en,PATIENT_REQUEST_SELF_INITIATED,Patient Request (self-initiated),FALSE,FALSE
arb,PATIENT_REQUEST_SELF_INITIATED,طلب المريض (بمبادرة ذاتية),FALSE,FALSE
en,OTHER_REASON,Other Reason,FALSE,FALSE
arb,OTHER_REASON,سبب آخر,FALSE,FALSE
en,DEDUCT_FROM_FREEBALANCE,Deduct From FreeBalance,FALSE,FALSE
arb,DEDUCT_FROM_FREEBALANCE,الخصم من الرصيد المجاني,FALSE,FALSE
en,FAMAGUSTA,Famagusta,FALSE,FALSE
arb,FAMAGUSTA,فاماغوستا,FALSE,FALSE
en,LARNACA,Larnaca,FALSE,FALSE
arb,LARNACA,لارنكا,FALSE,FALSE
en,60_MIN,60 Min,FALSE,FALSE
arb,60_MIN,60 دقيقة,FALSE,FALSE
en,30_MIN,30 Min,FALSE,FALSE
arb,30_MIN,30 دقيقة,FALSE,FALSE
en,TAKE_ON_EMPTY_STOMACH,Take on empty stomach,FALSE,FALSE
arb,TAKE_ON_EMPTY_STOMACH,تناول على معدة فارغة,FALSE,FALSE
en,DO_NOT_CRUSH,Do not crush,FALSE,FALSE
arb,DO_NOT_CRUSH,لا تسحق,FALSE,FALSE
en,TAKE_AFTER_MEAL,Take after meal,FALSE,FALSE
arb,TAKE_AFTER_MEAL,تناول بعد الوجبة,FALSE,FALSE
en,AVOID_MILK_FOR_2_HOURS,Avoid milk for 2 hours,FALSE,FALSE
arb,AVOID_MILK_FOR_2_HOURS,تجنب الحليب لمدة ساعتين,FALSE,FALSE
en,TELEHEALTH,Telehealth,FALSE,FALSE
arb,TELEHEALTH,طب عن بُعد,FALSE,FALSE
en,WRITTEN_CONSULTATION,Written Consultation,FALSE,FALSE
arb,WRITTEN_CONSULTATION,استشارة كتابية,FALSE,FALSE
en,IN_PERSON,In-person,FALSE,FALSE
arb,IN_PERSON,حضوري,FALSE,FALSE
en,URTICARIA_HIVES,Urticaria (Hives),FALSE,FALSE
arb,URTICARIA_HIVES,الشرى,FALSE,FALSE
en,ITCHING_PRURITUS,Itching (Pruritus),FALSE,FALSE
arb,ITCHING_PRURITUS,الحكة,FALSE,FALSE
en,SNEEZING,Sneezing,FALSE,FALSE
arb,SNEEZING,العطاس,FALSE,FALSE
en,RUNNY_NOSE_RHINORRHEA,Runny Nose (Rhinorrhea),FALSE,FALSE
arb,RUNNY_NOSE_RHINORRHEA,سيلان الأنف,FALSE,FALSE
en,CHEST_TIGHTNESS,Chest Tightness,FALSE,FALSE
arb,CHEST_TIGHTNESS,ضيق الصدر,FALSE,FALSE
en,FLUSHING,Flushing,FALSE,FALSE
arb,FLUSHING,الاحمرار,FALSE,FALSE
en,IMMEDIATE,Immediate,FALSE,FALSE
arb,IMMEDIATE,فوري,FALSE,FALSE
en,WITHIN_HOURS,Within Hours,FALSE,FALSE
arb,WITHIN_HOURS,خلال ساعات,FALSE,FALSE
en,INFECTIOUS_DISEASE_PRECAUTION,Infectious Disease Precaution,FALSE,FALSE
arb,INFECTIOUS_DISEASE_PRECAUTION,احتياطات الأمراض المعدية,FALSE,FALSE
en,FALL_RISK,Fall Risk,FALSE,FALSE
arb,FALL_RISK,خطر السقوط,FALSE,FALSE
en,BEHAVIORAL_CONSIDERATIONS,Behavioral Considerations,FALSE,FALSE
arb,BEHAVIORAL_CONSIDERATIONS,اعتبارات سلوكية,FALSE,FALSE
en,COMMUNICATION_BARRIERS,Communication Barriers,FALSE,FALSE
arb,COMMUNICATION_BARRIERS,عوائق التواصل,FALSE,FALSE
en,IMMUNOSUPPRESSED_PATIENT,Immunosuppressed Patient,FALSE,FALSE
arb,IMMUNOSUPPRESSED_PATIENT,مريض مثبط المناعة,FALSE,FALSE
en,ANTICOAGULATION_THERAPY_ALERT,Anticoagulation Therapy Alert,FALSE,FALSE
arb,ANTICOAGULATION_THERAPY_ALERT,تنبيه العلاج بمضادات التخثر,FALSE,FALSE
en,END_OF_LIFE_CARE,End-of-Life Care,FALSE,FALSE
arb,END_OF_LIFE_CARE,رعاية نهاية الحياة,FALSE,FALSE
en,DO_NOT_RESUSCITATE,Do Not Resuscitate,FALSE,FALSE
arb,DO_NOT_RESUSCITATE,عدم الإنعاش,FALSE,FALSE
en,HIGH_RISK_PREGNANCY,High-Risk Pregnancy,FALSE,FALSE
arb,HIGH_RISK_PREGNANCY,حمل عالي الخطورة,FALSE,FALSE
en,MEDICAL_DEVICE_DEPENDENCY,Medical Device Dependency,FALSE,FALSE
arb,MEDICAL_DEVICE_DEPENDENCY,الاعتماد على جهاز طبي,FALSE,FALSE
en,ORGAN_TRANSPLANT_RECIPIENT,Organ Transplant Recipient,FALSE,FALSE
arb,ORGAN_TRANSPLANT_RECIPIENT,متلقي زراعة الأعضاء,FALSE,FALSE
en,INTRADERMAL_ID,Intradermal ID,FALSE,FALSE
arb,INTRADERMAL_ID,داخل الأدمة ID,FALSE,FALSE
en,NASAL_IN,Nasal IN,FALSE,FALSE
arb,NASAL_IN,أنفي IN,FALSE,FALSE
en,AVOIDANCE,Avoidance,FALSE,FALSE
arb,AVOIDANCE,تجنب,FALSE,FALSE
en,FORGOT_THE_APPOINTMENT,Forgot the Appointment,FALSE,FALSE
arb,FORGOT_THE_APPOINTMENT,نسي الموعد,FALSE,FALSE
en,FOLLOW_UP_REQUIRED,Follow-up required,FALSE,FALSE
arb,FOLLOW_UP_REQUIRED,تتطلب متابعة,FALSE,FALSE
en,MEDICATION_PRESCRIBED,Medication Prescribed,FALSE,FALSE
arb,MEDICATION_PRESCRIBED,تم وصف الدواء,FALSE,FALSE
en,RED,Red,FALSE,FALSE
arb,RED,أحمر,FALSE,FALSE
en,GOLD_SST,Gold (SST),FALSE,FALSE
arb,GOLD_SST,ذهبي (SST),FALSE,FALSE
en,LIGHT_GREEN,Light Green,FALSE,FALSE
arb,LIGHT_GREEN,أخضر فاتح,FALSE,FALSE
en,DARK_GREEN,Dark Green,FALSE,FALSE
arb,DARK_GREEN,أخضر داكن,FALSE,FALSE
en,LAVENDER_PURPLE,Lavender (Purple),FALSE,FALSE
arb,LAVENDER_PURPLE,بنفسجي فاتح,FALSE,FALSE
en,LIGHT_BLUE,Light Blue,FALSE,FALSE
arb,LIGHT_BLUE,أزرق فاتح,FALSE,FALSE
en,GRAY,Gray,FALSE,FALSE
arb,GRAY,رمادي,FALSE,FALSE
en,PINK,Pink,FALSE,FALSE
arb,PINK,وردي,FALSE,FALSE
en,BLACK,Black,FALSE,FALSE
arb,BLACK,أسود,FALSE,FALSE
en,ORANGE,Orange,FALSE,FALSE
arb,ORANGE,برتقالي,FALSE,FALSE
en,ROYAL_BLUE,Royal Blue,FALSE,FALSE
arb,ROYAL_BLUE,أزرق ملكي,FALSE,FALSE
en,YELLOW,Yellow,FALSE,FALSE
arb,YELLOW,أصفر,FALSE,FALSE
en,TRANSPARENT_WHITE,Transparent/White,FALSE,FALSE
arb,TRANSPARENT_WHITE,شفاف / أبيض,FALSE,FALSE
en,WHITE_PPT,White (PPT),FALSE,FALSE
arb,WHITE_PPT,أبيض (PPT),FALSE,FALSE
en,DARK_BLUE,Dark Blue,FALSE,FALSE
arb,DARK_BLUE,أزرق داكن,FALSE,FALSE
en,LEGAL_GUARDIAN,Legal Guardian,FALSE,FALSE
arb,LEGAL_GUARDIAN,الوصي القانوني,FALSE,FALSE
en,OTHER_PERSON,Other Person,FALSE,FALSE
arb,OTHER_PERSON,شخص آخر,FALSE,FALSE
en,HIGH_CRITICALITY,High Criticality,FALSE,FALSE
arb,HIGH_CRITICALITY,خطورة عالية,FALSE,FALSE
en,ALLERGY,Allergy,FALSE,FALSE
arb,ALLERGY,حساسية,FALSE,FALSE
en,NON_ALLERGY_INTOLERANCE,Non-allergy Intolerance,FALSE,FALSE
arb,NON_ALLERGY_INTOLERANCE,عدم تحمل غير تحسسي,FALSE,FALSE
en,UNKNOWN_IF_ALLERGY_OR_INTOLERANCE,Unknown if Allergy or Intolerance,FALSE,FALSE
arb,UNKNOWN_IF_ALLERGY_OR_INTOLERANCE,غير معروف ما إذا كان حساسية أو عدم تحمل,FALSE,FALSE
en,6,6,FALSE,FALSE
arb,6,6,FALSE,FALSE
en,LOW_CRITICALITY,Low Criticality,FALSE,FALSE
arb,LOW_CRITICALITY,خطورة منخفضة,FALSE,FALSE
en,DILUTE_WITH_NORMAL_SALINE,Dilute with Normal Saline,FALSE,FALSE
arb,DILUTE_WITH_NORMAL_SALINE,يُخفف بمحلول ملحي طبيعي,FALSE,FALSE
en,DILUTE_WITH_DEXTROSE,Dilute with Dextrose,FALSE,FALSE
arb,DILUTE_WITH_DEXTROSE,يُخفف بالدكستروز,FALSE,FALSE
en,AVOID_RAPID_INFUSION,Avoid rapid infusion,FALSE,FALSE
arb,AVOID_RAPID_INFUSION,تجنب التسريب السريع,FALSE,FALSE
en,7,7,FALSE,FALSE
arb,7,7,FALSE,FALSE
en,8,8,FALSE,FALSE
arb,8,8,FALSE,FALSE
en,9,9,FALSE,FALSE
arb,9,9,FALSE,FALSE
en,10,10,FALSE,FALSE
arb,10,10,FALSE,FALSE
en,PREVENTION,Prevention,FALSE,FALSE
arb,PREVENTION,وقاية,FALSE,FALSE
en,1ST,1st,FALSE,FALSE
arb,1ST,الأول,FALSE,FALSE
en,2ND,2nd,FALSE,FALSE
arb,2ND,الثاني,FALSE,FALSE
en,3RD,3rd,FALSE,FALSE
arb,3RD,الثالث,FALSE,FALSE
en,4TH,4th,FALSE,FALSE
arb,4TH,الرابع,FALSE,FALSE
en,5TH,5th,FALSE,FALSE
arb,5TH,الخامس,FALSE,FALSE
en,6TH,6th,FALSE,FALSE
arb,6TH,السادس,FALSE,FALSE
en,7TH,7th,FALSE,FALSE
arb,7TH,السابع,FALSE,FALSE
en,8TH,8th,FALSE,FALSE
arb,8TH,الثامن,FALSE,FALSE
en,10TH,10th,FALSE,FALSE
arb,10TH,العاشر,FALSE,FALSE
en,9TH,9th,FALSE,FALSE
arb,9TH,التاسع,FALSE,FALSE
en,LEFT,Left,FALSE,FALSE
arb,LEFT,يسار,FALSE,FALSE
en,RIGHT,Right,FALSE,FALSE
arb,RIGHT,يمين,FALSE,FALSE
en,SIGNED,Signed,FALSE,FALSE
arb,SIGNED,موقّع,FALSE,FALSE
en,GA,GA,FALSE,FALSE
arb,GA,تخدير عام (GA),FALSE,FALSE
en,LA,LA,FALSE,FALSE
arb,LA,تخدير موضعي (LA),FALSE,FALSE
en,REGIONAL,Regional,FALSE,FALSE
arb,REGIONAL,تخدير إقليمي,FALSE,FALSE
en,EPIDURAL,Epidural,FALSE,FALSE
arb,EPIDURAL,تخدير فوق الجافية,FALSE,FALSE
en,BLEEDING,Bleeding,FALSE,FALSE
arb,BLEEDING,نزيف,FALSE,FALSE
en,ARRHYTHMIA,Arrhythmia,FALSE,FALSE
arb,ARRHYTHMIA,اضطراب نظم القلب,FALSE,FALSE
en,RESPIRATORY_DISTRESS,Respiratory Distress,FALSE,FALSE
arb,RESPIRATORY_DISTRESS,ضائقة تنفسية,FALSE,FALSE
en,DELAYED_RECOVERY_FROM_ANESTHESIA,Delayed Recovery from Anesthesia,FALSE,FALSE
arb,DELAYED_RECOVERY_FROM_ANESTHESIA,تأخر التعافي من التخدير,FALSE,FALSE
en,ORGAN_PERFORATION_OR_INJURY,Organ Perforation or Injury,FALSE,FALSE
arb,ORGAN_PERFORATION_OR_INJURY,ثقب أو إصابة في أحد الأعضاء,FALSE,FALSE
en,SUCCESSFUL,Successful,FALSE,FALSE
arb,SUCCESSFUL,ناجح,FALSE,FALSE
en,POSTPONED,Postponed,FALSE,FALSE
arb,POSTPONED,مؤجل,FALSE,FALSE
en,INCORRECT,Incorrect,FALSE,FALSE
arb,INCORRECT,غير صحيح,FALSE,FALSE
en,CORRECT,Correct,FALSE,FALSE
arb,CORRECT,صحيح,FALSE,FALSE
en,AVOID_STRENUOUS_ACTIVITIES_HEAVY_LIFTING_OR_INTENSE_EXERCISE,"Avoid strenuous activities, heavy lifting, or intense exercise",FALSE,FALSE
arb,AVOID_STRENUOUS_ACTIVITIES_HEAVY_LIFTING_OR_INTENSE_EXERCISE,تجنب الأنشطة الشاقة ورفع الأوزان الثقيلة أو ممارسة التمارين المكثفة,FALSE,FALSE
en,FOLLOW_A_SOFT_EASY_TO_DIGEST_DIET_FOR_X_DAYS_AVOID_SPICY_GREASY_OR_ACIDIC_FOODS,"Follow a soft, easy-to-digest diet for [X days]. Avoid spicy, greasy, or acidic foods",FALSE,FALSE
arb,FOLLOW_A_SOFT_EASY_TO_DIGEST_DIET_FOR_X_DAYS_AVOID_SPICY_GREASY_OR_ACIDIC_FOODS,اتبع نظامًا غذائيًا طريًا وسهل الهضم لمدة [X أيام]. تجنب الأطعمة الحارة والدسمة أو الحمضية,FALSE,FALSE
en,ENSURE_THE_DRESSING_REMAINS_DRY_AND_CLEAN,Ensure the dressing remains dry and clean,FALSE,FALSE
arb,ENSURE_THE_DRESSING_REMAINS_DRY_AND_CLEAN,تأكد من بقاء الضمادة جافة ونظيفة,FALSE,FALSE
en,CLEAN_THE_WOUND_GENTLY_DAILY,Clean the wound gently daily,FALSE,FALSE
arb,CLEAN_THE_WOUND_GENTLY_DAILY,نظف الجرح بلطف يوميًا,FALSE,FALSE
en,MONITOR_FOR_REDNESS_SWELLING_EXCESSIVE_PAIN_WARMTH_OR_DISCHARGE_FROM_THE_WOUND,"Monitor for redness, swelling, excessive pain, warmth, or discharge from the wound.",FALSE,FALSE
arb,MONITOR_FOR_REDNESS_SWELLING_EXCESSIVE_PAIN_WARMTH_OR_DISCHARGE_FROM_THE_WOUND,راقب الاحمرار والتورم والألم الشديد والدفء أو الإفرازات من الجرح,FALSE,FALSE
en,LIMIT_WALKING_OR_STANDING_FOR_PROLONGED_PERIODS,Limit walking or standing for prolonged periods.,FALSE,FALSE
arb,LIMIT_WALKING_OR_STANDING_FOR_PROLONGED_PERIODS,قلل المشي أو الوقوف لفترات طويلة,FALSE,FALSE
en,COMPLETE_THE_FULL_COURSE_OF_ANTIBIOTICS_AS_PRESCRIBED_EVEN_IF_YOU_FEEL_BETTER,"Complete the full course of antibiotics as prescribed, even if you feel better",FALSE,FALSE
arb,COMPLETE_THE_FULL_COURSE_OF_ANTIBIOTICS_AS_PRESCRIBED_EVEN_IF_YOU_FEEL_BETTER,"أكمل دورة المضادات الحيوية كاملة كما وُصفت، حتى إذا شعرت بتحسن",FALSE,FALSE
en,MERCK_CO_INC,"Merck & Co., Inc.",FALSE,FALSE
arb,MERCK_CO_INC,ميرك وشركاه,FALSE,FALSE
en,LACK_OF_TRANSPORTATION,Lack of Transportation,FALSE,FALSE
arb,LACK_OF_TRANSPORTATION,عدم توفر وسيلة نقل,FALSE,FALSE
en,FINANCIAL_CONSTRAINTS,Financial Constraints,FALSE,FALSE
arb,FINANCIAL_CONSTRAINTS,قيود مالية,FALSE,FALSE
en,PERSONAL_COMMITMENTS,Personal Commitments,FALSE,FALSE
arb,PERSONAL_COMMITMENTS,التزامات شخصية,FALSE,FALSE
en,FEAR_OR_ANXIETY,Fear or Anxiety,FALSE,FALSE
arb,FEAR_OR_ANXIETY,الخوف أو القلق,FALSE,FALSE
en,FEELING_BETTER,Feeling Better,FALSE,FALSE
arb,FEELING_BETTER,الشعور بالتحسن,FALSE,FALSE
en,MISCOMMUNICATION,Miscommunication,FALSE,FALSE
arb,MISCOMMUNICATION,سوء التواصل,FALSE,FALSE
en,APPOINTMENT_OVERLAP,Appointment Overlap,FALSE,FALSE
arb,APPOINTMENT_OVERLAP,تعارض المواعيد,FALSE,FALSE
en,LONG_WAIT_TIMES,Long Wait Times,FALSE,FALSE
arb,LONG_WAIT_TIMES,طول فترة الانتظار,FALSE,FALSE
en,WEATHER_CONDITIONS,Weather Conditions,FALSE,FALSE
arb,WEATHER_CONDITIONS,الظروف الجوية,FALSE,FALSE
en,UNEXPECTED_EVENTS,Unexpected Events,FALSE,FALSE
arb,UNEXPECTED_EVENTS,أحداث غير متوقعة,FALSE,FALSE
en,DISSATISFACTION_WITH_SERVICE,Dissatisfaction with Service,FALSE,FALSE
arb,DISSATISFACTION_WITH_SERVICE,عدم الرضا عن الخدمة,FALSE,FALSE
en,LACK_OF_TRUST_IN_PROVIDER,Lack of Trust in Provider,FALSE,FALSE
arb,LACK_OF_TRUST_IN_PROVIDER,عدم الثقة بمقدم الخدمة,FALSE,FALSE
en,SCHEDULE_CONFLICT,Schedule Conflict,FALSE,FALSE
arb,SCHEDULE_CONFLICT,تعارض في الجدول,FALSE,FALSE
en,FINANCIAL_ISSUES,Financial Issues,FALSE,FALSE
arb,FINANCIAL_ISSUES,مشكلات مالية,FALSE,FALSE
en,RESCHEDULED_BY_FACILITY,Rescheduled by Facility,FALSE,FALSE
arb,RESCHEDULED_BY_FACILITY,إعادة جدولة من قبل المنشأة,FALSE,FALSE
en,PROVIDER_UNAVAILABILITY,Provider Unavailability:,FALSE,FALSE
arb,PROVIDER_UNAVAILABILITY,عدم توفر مقدم الخدمة,FALSE,FALSE
en,SERVICE_ISSUES,Service Issues,FALSE,FALSE
arb,SERVICE_ISSUES,مشكلات الخدمة,FALSE,FALSE
en,INCORRECT_SCHEDULING,Incorrect Scheduling,FALSE,FALSE
arb,INCORRECT_SCHEDULING,جدولة غير صحيحة,FALSE,FALSE
en,DOUBLE_BOOKING,Double Booking,FALSE,FALSE
arb,DOUBLE_BOOKING,حجز مزدوج,FALSE,FALSE
en,EMERGENCY_OR_ACCIDENT,Emergency or Accident,FALSE,FALSE
arb,EMERGENCY_OR_ACCIDENT,حالة طارئة أو حادث,FALSE,FALSE
en,TRAVEL_ISSUES,Travel Issues,FALSE,FALSE
arb,TRAVEL_ISSUES,مشكلات السفر,FALSE,FALSE
en,NO_REMINDER_SENT,No Reminder Sent,FALSE,FALSE
arb,NO_REMINDER_SENT,لم يتم إرسال تذكير,FALSE,FALSE
en,BONAIRE_SINT_EUSTATIUS_AND_SABA,"Bonaire, Sint Eustatius, and Saba",FALSE,FALSE
arb,BONAIRE_SINT_EUSTATIUS_AND_SABA,بونير وسينت أوستاتيوس وسابا,FALSE,FALSE
en,BOSNIA_HERZEGOVINA,Bosnia-Herzegovina,FALSE,FALSE
arb,BOSNIA_HERZEGOVINA,البوسنة والهرسك,FALSE,FALSE
en,COTE_DIVOIRE,Cote d'Ivoire,FALSE,FALSE
arb,COTE_DIVOIRE,ساحل العاج,FALSE,FALSE
en,GEORGIA_REPUBLIC_OF,"Georgia, Republic of",FALSE,FALSE
arb,GEORGIA_REPUBLIC_OF,جورجيا,FALSE,FALSE
en,HONDURAS,Honduras,FALSE,FALSE
arb,HONDURAS,هندوراس,FALSE,FALSE
en,KOREA_DEMOCRATIC_PEOPLES_REPUBLIC_OF_NORTH_KOREA,"Korea, Democratic Peoples Republic of (North Korea)",FALSE,FALSE
arb,KOREA_DEMOCRATIC_PEOPLES_REPUBLIC_OF_NORTH_KOREA,جمهورية كوريا الديمقراطية الشعبية (كوريا الشمالية),FALSE,FALSE
en,KOREA_REPUBLIC_OF_SOUTH_KOREA,"Korea, Republic of (South Korea)",FALSE,FALSE
arb,KOREA_REPUBLIC_OF_SOUTH_KOREA,جمهورية كوريا (كوريا الجنوبية),FALSE,FALSE
en,KOSOVO_REPUBLIC_OF,"Kosovo, Republic of",FALSE,FALSE
arb,KOSOVO_REPUBLIC_OF,جمهورية كوسوفو,FALSE,FALSE
en,NORTH_MACEDONIA_REPUBLIC_OF,"North Macedonia, Republic of",FALSE,FALSE
arb,NORTH_MACEDONIA_REPUBLIC_OF,جمهورية مقدونيا الشمالية,FALSE,FALSE
en,SERBIA_REPUBLIC_OF,"Serbia, Republic of",FALSE,FALSE
arb,SERBIA_REPUBLIC_OF,جمهورية صربيا,FALSE,FALSE
en,SLOVAK_REPUBLIC_SLOVAKIA,Slovak Republic (Slovakia),FALSE,FALSE
arb,SLOVAK_REPUBLIC_SLOVAKIA,جمهورية سلوفاكيا (سلوفاكيا),FALSE,FALSE
en,SOUTH_SUDAN_REPUBLIC_OF,"South Sudan, Republic of",FALSE,FALSE
arb,SOUTH_SUDAN_REPUBLIC_OF,جمهورية جنوب السودان,FALSE,FALSE
en,SYRIAN_ARAB_REPUBLIC_SYRIA,Syrian Arab Republic (Syria),FALSE,FALSE
arb,SYRIAN_ARAB_REPUBLIC_SYRIA,الجمهورية العربية السورية (سوريا),FALSE,FALSE
en,TIMOR_LESTE_DEMOCRATIC_REPUBLIC_OF,"Timor-Leste, Democratic Republic of",FALSE,FALSE
arb,TIMOR_LESTE_DEMOCRATIC_REPUBLIC_OF,جمهورية تيمور الشرقية الديمقراطية,FALSE,FALSE
en,TURKIYE_REPUBLIC_OF_TURKMENISTAN,Turkiye Republic of Turkmenistan,FALSE,FALSE
arb,TURKIYE_REPUBLIC_OF_TURKMENISTAN,جمهورية تركيا وتركمانستان,FALSE,FALSE
en,UNITED_KINGDOM_OF_GREAT_BRITAIN_AND_NORTHERN_IRELAND,United Kingdom of Great Britain and Northern Ireland,FALSE,FALSE
arb,UNITED_KINGDOM_OF_GREAT_BRITAIN_AND_NORTHERN_IRELAND,المملكة المتحدة لبريطانيا العظمى وأيرلندا الشمالية,FALSE,FALSE
en,TECHNICAL_ERRORS,Technical Errors,FALSE,FALSE
arb,TECHNICAL_ERRORS,أخطاء تقنية,FALSE,FALSE
en,STERILE_URINE_CUP,Sterile Urine Cup,FALSE,FALSE
arb,STERILE_URINE_CUP,كوب بول معقم,FALSE,FALSE
en,STERILE_STOOL_CONTAINER,Sterile Stool Container,FALSE,FALSE
arb,STERILE_STOOL_CONTAINER,حاوية براز معقمة,FALSE,FALSE
en,OCCULT_BLOOD_TEST_CARD,Occult Blood Test Card,FALSE,FALSE
arb,OCCULT_BLOOD_TEST_CARD,بطاقة اختبار الدم الخفي,FALSE,FALSE
en,STERILE_SWAB_WITH_TRANSPORT_MEDIUM,Sterile Swab with Transport Medium,FALSE,FALSE
arb,STERILE_SWAB_WITH_TRANSPORT_MEDIUM,مسحة معقمة مع وسط نقل,FALSE,FALSE
en,FORMALIN_FILLED_JAR,Formalin-Filled Jar,FALSE,FALSE
arb,FORMALIN_FILLED_JAR,وعاء مملوء بالفورمالين,FALSE,FALSE
en,CYTOLOGY_FIXATIVE_VIAL,Cytology Fixative Vial,FALSE,FALSE
arb,CYTOLOGY_FIXATIVE_VIAL,قارورة مثبت للخلايا,FALSE,FALSE
en,STOOL_CULTURE_CONTAINER,Stool Culture Container,FALSE,FALSE
arb,STOOL_CULTURE_CONTAINER,حاوية زراعة البراز,FALSE,FALSE
en,CSF_COLLECTION_TUBES,CSF Collection Tubes,FALSE,FALSE
arb,CSF_COLLECTION_TUBES,أنابيب جمع السائل الدماغي الشوكي (CSF),FALSE,FALSE
en,SPUTUM_COLLECTION_CONTAINER,Sputum Collection Container,FALSE,FALSE
arb,SPUTUM_COLLECTION_CONTAINER,حاوية جمع البلغم,FALSE,FALSE
en,EDTA,EDTA,FALSE,FALSE
arb,EDTA,EDTA,FALSE,FALSE
en,EDTA_TUBE,EDTA Tube,FALSE,FALSE
arb,EDTA_TUBE,أنبوب EDTA,FALSE,FALSE
en,VACUTAINER,Vacutainer,FALSE,FALSE
arb,VACUTAINER,فاكيتيونر,FALSE,FALSE
en,GLUCOSE_OXIDASE,Glucose Oxidase,FALSE,FALSE
arb,GLUCOSE_OXIDASE,أوكسيداز الجلوكوز,FALSE,FALSE
en,FLUORIDE_OXALATE_TUBE,Fluoride Oxalate Tube,FALSE,FALSE
arb,FLUORIDE_OXALATE_TUBE,أنبوب فلوريد الأوكسالات,FALSE,FALSE
en,SPECIALIST_CONSULTATION_REQUESTED,Specialist Consultation Requested,FALSE,FALSE
arb,SPECIALIST_CONSULTATION_REQUESTED,طلب استشارة أخصائي,FALSE,FALSE
en,FAMILY_MEDICINE,Family Medicine,FALSE,FALSE
arb,FAMILY_MEDICINE,طب الأسرة,FALSE,FALSE
en,INTERNAL_MEDICINE,Internal Medicine,FALSE,FALSE
arb,INTERNAL_MEDICINE,الطب الباطني,FALSE,FALSE
en,PEDIATRICS,Pediatrics,FALSE,FALSE
arb,PEDIATRICS,طب الأطفال,FALSE,FALSE
en,GERIATRICS,Geriatrics,FALSE,FALSE
arb,GERIATRICS,طب الشيخوخة,FALSE,FALSE
en,GENERAL_SURGERY,General Surgery,FALSE,FALSE
arb,GENERAL_SURGERY,الجراحة العامة,FALSE,FALSE
en,CARDIOTHORACIC_SURGERY,Cardiothoracic Surgery,FALSE,FALSE
arb,CARDIOTHORACIC_SURGERY,جراحة القلب والصدر,FALSE,FALSE
en,NEUROSURGERY,Neurosurgery,FALSE,FALSE
arb,NEUROSURGERY,جراحة الأعصاب,FALSE,FALSE
en,ORTHOPEDIC_SURGERY,Orthopedic Surgery,FALSE,FALSE
arb,ORTHOPEDIC_SURGERY,جراحة العظام,FALSE,FALSE
en,PLASTIC_AND_RECONSTRUCTIVE_SURGERY,Plastic and Reconstructive Surgery,FALSE,FALSE
arb,PLASTIC_AND_RECONSTRUCTIVE_SURGERY,جراحة التجميل والترميم,FALSE,FALSE
en,VASCULAR_SURGERY,Vascular Surgery,FALSE,FALSE
arb,VASCULAR_SURGERY,جراحة الأوعية الدموية,FALSE,FALSE
en,UROLOGY,Urology,FALSE,FALSE
arb,UROLOGY,المسالك البولية,FALSE,FALSE
en,OTOLARYNGOLOGY_ENT,Otolaryngology (ENT),FALSE,FALSE
arb,OTOLARYNGOLOGY_ENT,طب الأنف والأذن والحنجرة (ENT),FALSE,FALSE
en,ORAL_AND_MAXILLOFACIAL_SURGERY,Oral and Maxillofacial Surgery,FALSE,FALSE
arb,ORAL_AND_MAXILLOFACIAL_SURGERY,جراحة الفم والوجه والفكين,FALSE,FALSE
en,ENDOCRINOLOGY,Endocrinology,FALSE,FALSE
arb,ENDOCRINOLOGY,الغدد الصماء,FALSE,FALSE
en,GASTROENTEROLOGY,Gastroenterology,FALSE,FALSE
arb,GASTROENTEROLOGY,أمراض الجهاز الهضمي,FALSE,FALSE
en,INFECTIOUS_DISEASE,Infectious Disease,FALSE,FALSE
arb,INFECTIOUS_DISEASE,الأمراض المعدية,FALSE,FALSE
en,NEPHROLOGY,Nephrology,FALSE,FALSE
arb,NEPHROLOGY,أمراض الكلى,FALSE,FALSE
en,NEUROLOGY,Neurology,FALSE,FALSE
arb,NEUROLOGY,طب الأعصاب,FALSE,FALSE
en,ONCOLOGY,Oncology,FALSE,FALSE
arb,ONCOLOGY,الأورام,FALSE,FALSE
en,PULMONOLOGY,Pulmonology,FALSE,FALSE
arb,PULMONOLOGY,أمراض الرئة,FALSE,FALSE
en,RHEUMATOLOGY,Rheumatology,FALSE,FALSE
arb,RHEUMATOLOGY,أمراض الروماتيزم,FALSE,FALSE
en,PHYSICAL_MEDICINE_AND_REHABILITATION_PM_R,Physical Medicine and Rehabilitation (PM&R),FALSE,FALSE
arb,PHYSICAL_MEDICINE_AND_REHABILITATION_PM_R,الطب الطبيعي وإعادة التأهيل (PM&R),FALSE,FALSE
en,PAIN_MEDICINE,Pain Medicine,FALSE,FALSE
arb,PAIN_MEDICINE,طب الألم,FALSE,FALSE
en,OBSTETRICS_AND_GYNECOLOGY_OB_GYN,Obstetrics and Gynecology (OB/GYN),FALSE,FALSE
arb,OBSTETRICS_AND_GYNECOLOGY_OB_GYN,أمراض النساء والتوليد (OB/GYN),FALSE,FALSE
en,MATERNAL_FETAL_MEDICINE,Maternal-Fetal Medicine,FALSE,FALSE
arb,MATERNAL_FETAL_MEDICINE,طب الأم والجنين,FALSE,FALSE
en,GENERAL_PRACTITIONER_GP,General Practitioner (GP),FALSE,FALSE
arb,GENERAL_PRACTITIONER_GP,طبيب عام (GP),FALSE,FALSE
en,NUCLEAR_MEDICINE,Nuclear Medicine,FALSE,FALSE
arb,NUCLEAR_MEDICINE,الطب النووي,FALSE,FALSE
en,CLINICAL_LABORATORY_MEDICINE,Clinical Laboratory Medicine,FALSE,FALSE
arb,CLINICAL_LABORATORY_MEDICINE,طب المختبرات السريرية,FALSE,FALSE
en,EMERGENCY_MEDICINE,Emergency Medicine,FALSE,FALSE
arb,EMERGENCY_MEDICINE,طب الطوارئ,FALSE,FALSE
en,CRITICAL_CARE_MEDICINE,Critical Care Medicine,FALSE,FALSE
arb,CRITICAL_CARE_MEDICINE,طب العناية الحرجة,FALSE,FALSE
en,TRAUMA_SURGERY,Trauma Surgery,FALSE,FALSE
arb,TRAUMA_SURGERY,جراحة الإصابات,FALSE,FALSE
en,PSYCHIATRY,Psychiatry,FALSE,FALSE
arb,PSYCHIATRY,الطب النفسي,FALSE,FALSE
en,CHILD_AND_ADOLESCENT_PSYCHIATRY,Child and Adolescent Psychiatry,FALSE,FALSE
arb,CHILD_AND_ADOLESCENT_PSYCHIATRY,طب نفس الأطفال والمراهقين,FALSE,FALSE
en,FORENSIC_PSYCHIATRY,Forensic Psychiatry,FALSE,FALSE
arb,FORENSIC_PSYCHIATRY,الطب النفسي الشرعي,FALSE,FALSE
en,REPRODUCTIVE_ENDOCRINOLOGY_AND_INFERTILITY,Reproductive Endocrinology and Infertility,FALSE,FALSE
arb,REPRODUCTIVE_ENDOCRINOLOGY_AND_INFERTILITY,الغدد الصماء التناسلية والعقم,FALSE,FALSE
en,GYNECOLOGIC_ONCOLOGY,Gynecologic Oncology,FALSE,FALSE
arb,GYNECOLOGIC_ONCOLOGY,أورام النساء,FALSE,FALSE
en,PEDIATRIC_CARDIOLOGY,Pediatric Cardiology,FALSE,FALSE
arb,PEDIATRIC_CARDIOLOGY,أمراض قلب الأطفال,FALSE,FALSE
en,PEDIATRIC_ENDOCRINOLOGY,Pediatric Endocrinology,FALSE,FALSE
arb,PEDIATRIC_ENDOCRINOLOGY,غدد صماء الأطفال,FALSE,FALSE
en,PEDIATRIC_GASTROENTEROLOGY,Pediatric Gastroenterology,FALSE,FALSE
arb,PEDIATRIC_GASTROENTEROLOGY,أمراض الجهاز الهضمي لدى الأطفال,FALSE,FALSE
en,PEDIATRIC_HEMATOLOGY_ONCOLOGY,Pediatric Hematology/Oncology,FALSE,FALSE
arb,PEDIATRIC_HEMATOLOGY_ONCOLOGY,أمراض الدم والأورام لدى الأطفال,FALSE,FALSE
en,PEDIATRIC_NEPHROLOGY,Pediatric Nephrology,FALSE,FALSE
arb,PEDIATRIC_NEPHROLOGY,أمراض الكلى لدى الأطفال,FALSE,FALSE
en,PEDIATRIC_NEUROLOGY,Pediatric Neurology,FALSE,FALSE
arb,PEDIATRIC_NEUROLOGY,أمراض الأعصاب لدى الأطفال,FALSE,FALSE
en,PEDIATRIC_PULMONOLOGY,Pediatric Pulmonology,FALSE,FALSE
arb,PEDIATRIC_PULMONOLOGY,أمراض الرئة لدى الأطفال,FALSE,FALSE
en,PEDIATRIC_INFECTIOUS_DISEASE,Pediatric Infectious Disease,FALSE,FALSE
arb,PEDIATRIC_INFECTIOUS_DISEASE,الأمراض المعدية لدى الأطفال,FALSE,FALSE
en,PUBLIC_HEALTH_MEDICINE,Public Health Medicine,FALSE,FALSE
arb,PUBLIC_HEALTH_MEDICINE,طب الصحة العامة,FALSE,FALSE
en,OCCUPATIONAL_MEDICINE,Occupational Medicine,FALSE,FALSE
arb,OCCUPATIONAL_MEDICINE,الطب المهني,FALSE,FALSE
en,AEROSPACE_MEDICINE,Aerospace Medicine,FALSE,FALSE
arb,AEROSPACE_MEDICINE,طب الفضاء والطيران,FALSE,FALSE
en,BARIATRIC_SURGERY,Bariatric Surgery,FALSE,FALSE
arb,BARIATRIC_SURGERY,جراحة السمنة,FALSE,FALSE
en,COLORECTAL_SURGERY,Colorectal Surgery,FALSE,FALSE
arb,COLORECTAL_SURGERY,جراحة القولون والمستقيم,FALSE,FALSE
en,TRANSPLANT_SURGERY,Transplant Surgery,FALSE,FALSE
arb,TRANSPLANT_SURGERY,جراحة زراعة الأعضاء,FALSE,FALSE
en,SPORTS_MEDICINE,Sports Medicine,FALSE,FALSE
arb,SPORTS_MEDICINE,الطب الرياضي,FALSE,FALSE
en,SLEEP_MEDICINE,Sleep Medicine,FALSE,FALSE
arb,SLEEP_MEDICINE,طب النوم,FALSE,FALSE
en,GERIATRIC_PSYCHIATRY,Geriatric Psychiatry,FALSE,FALSE
arb,GERIATRIC_PSYCHIATRY,الطب النفسي لكبار السن,FALSE,FALSE
en,MEDICAL_GENETICS,Medical Genetics,FALSE,FALSE
arb,MEDICAL_GENETICS,الوراثة الطبية,FALSE,FALSE
en,HOSPICE_AND_PALLIATIVE_MEDICINE,Hospice and Palliative Medicine,FALSE,FALSE
arb,HOSPICE_AND_PALLIATIVE_MEDICINE,طب الرعاية التلطيفية ودور العجزة,FALSE,FALSE
en,LIFESTYLE_MEDICINE,Lifestyle Medicine,FALSE,FALSE
arb,LIFESTYLE_MEDICINE,طب نمط الحياة,FALSE,FALSE
en,DERMATOLOGY,Dermatology,FALSE,FALSE
arb,DERMATOLOGY,الأمراض الجلدية,FALSE,FALSE
en,OPHTHALMOLOGY,Ophthalmology,FALSE,FALSE
arb,OPHTHALMOLOGY,طب العيون,FALSE,FALSE
en,ALLERGY_AND_IMMUNOLOGY,Allergy and Immunology,FALSE,FALSE
arb,ALLERGY_AND_IMMUNOLOGY,الحساسية والمناعة,FALSE,FALSE
en,ANESTHESIOLOGY,Anesthesiology,FALSE,FALSE
arb,ANESTHESIOLOGY,التخدير,FALSE,FALSE
en,NURSE_PRACTITIONER_NP,Nurse Practitioner (NP),FALSE,FALSE
arb,NURSE_PRACTITIONER_NP,ممرض ممارس (NP),FALSE,FALSE
en,CHIEF_NURSING_OFFICER_CNO,Chief Nursing Officer (CNO),FALSE,FALSE
arb,CHIEF_NURSING_OFFICER_CNO,رئيس التمريض (CNO),FALSE,FALSE
en,PHYSICIAN_DOCTOR,Physician (Doctor),FALSE,FALSE
arb,PHYSICIAN_DOCTOR,طبيب,FALSE,FALSE
en,INR,INR,FALSE,FALSE
arb,INR,INR,FALSE,FALSE
en,RATIO,Ratio,FALSE,FALSE
arb,RATIO,نسبة,FALSE,FALSE
en,INDEX,Index,FALSE,FALSE
arb,INDEX,مؤشر,FALSE,FALSE
en,G,g,FALSE,FALSE
arb,G,غرام,FALSE,FALSE
en,KG,kg,FALSE,FALSE
arb,KG,كغ,FALSE,FALSE
en,NG,ng,FALSE,FALSE
arb,NG,نانوغرام,FALSE,FALSE
en,PG,pg,FALSE,FALSE
arb,PG,بيكوغرام,FALSE,FALSE
en,MG_ML,mg/mL,FALSE,FALSE
arb,MG_ML,ملغ/مل,FALSE,FALSE
en,NG_ML,ng/mL,FALSE,FALSE
arb,NG_ML,نانوغرام/مل,FALSE,FALSE
en,PG_ML,pg/mL,FALSE,FALSE
arb,PG_ML,بيكوغرام/مل,FALSE,FALSE
en,G_L,g/L,FALSE,FALSE
arb,G_L,غرام/لتر,FALSE,FALSE
en,MCG_ML,mcg/mL,FALSE,FALSE
arb,MCG_ML,ميكروغرام/مل,FALSE,FALSE
en,CELLS_L,cells/L,FALSE,FALSE
arb,CELLS_L,خلايا/لتر,FALSE,FALSE
en,PARAMEDIC_EMS_EMERGENCY_MEDICAL_SERVICES,Paramedic/EMS (Emergency Medical Services),FALSE,FALSE
arb,PARAMEDIC_EMS_EMERGENCY_MEDICAL_SERVICES,مسعف/خدمات الطوارئ الطبية,FALSE,FALSE
en,HEAD_OF_DEPARTMENTS_HODS,Head of Departments (HODs),FALSE,FALSE
arb,HEAD_OF_DEPARTMENTS_HODS,رؤساء الأقسام (HODs),FALSE,FALSE
en,PARTIALLY,Partially,FALSE,FALSE
arb,PARTIALLY,جزئي,FALSE,FALSE
en,POSITIVE,Positive,FALSE,FALSE
arb,POSITIVE,إيجابي,FALSE,FALSE
en,NEGATIVE,Negative,FALSE,FALSE
arb,NEGATIVE,سلبي,FALSE,FALSE
en,MG_DL,mg/dL,FALSE,FALSE
arb,MG_DL,ملغ/ديسيلتر,FALSE,FALSE
en,MG_L,mg/L,FALSE,FALSE
arb,MG_L,ملغ/لتر,FALSE,FALSE
en,NG_L,ng/L,FALSE,FALSE
arb,NG_L,نانوغرام/لتر,FALSE,FALSE
en,MMOL_L,mmol/L,FALSE,FALSE
arb,MMOL_L,مليمول/لتر,FALSE,FALSE
en,MOL_L,mol/L,FALSE,FALSE
arb,MOL_L,مول/لتر,FALSE,FALSE
en,NMOL_L,nmol/L,FALSE,FALSE
arb,NMOL_L,نانومول/لتر,FALSE,FALSE
en,PMOL_L,pmol/L,FALSE,FALSE
arb,PMOL_L,بيكومول/لتر,FALSE,FALSE
en,U_L,U/L,FALSE,FALSE
arb,U_L,وحدة/لتر,FALSE,FALSE
en,IU_L,IU/L,FALSE,FALSE
arb,IU_L,وحدة دولية/لتر,FALSE,FALSE
en,IU_ML,IU/mL,FALSE,FALSE
arb,IU_ML,وحدة دولية/مل,FALSE,FALSE
en,KAT_L,kat/L,FALSE,FALSE
arb,KAT_L,كاتال/لتر,FALSE,FALSE
en,MMHG,mmHg,FALSE,FALSE
arb,MMHG,ملليمتر زئبق,FALSE,FALSE
en,KPA,kPa,FALSE,FALSE
arb,KPA,كيلوباسكال,FALSE,FALSE
en,MEQ_L,mEq/L,FALSE,FALSE
arb,MEQ_L,ميلي مكافئ/لتر,FALSE,FALSE
en,PH,pH,FALSE,FALSE
arb,PH,الأس الهيدروجيني (pH),FALSE,FALSE
en,S,s,FALSE,FALSE
arb,S,ثانية,FALSE,FALSE
en,MOSM_L,mOsm/L,FALSE,FALSE
arb,MOSM_L,ملي أسمول/لتر,FALSE,FALSE
en,MOSM_KG,mOsm/kg,FALSE,FALSE
arb,MOSM_KG,ملي أسمول/كغ,FALSE,FALSE
en,NG_DL,ng/dL,FALSE,FALSE
arb,NG_DL,نانوغرام/ديسيلتر,FALSE,FALSE
en,CFU_ML,CFU/mL,FALSE,FALSE
arb,CFU_ML,وحدة تكوين المستعمرات/مل,FALSE,FALSE
en,CELLS_HPF,cells/HPF,FALSE,FALSE
arb,CELLS_HPF,خلايا/حقل عالي التكبير,FALSE,FALSE
en,SG,SG,FALSE,FALSE
arb,SG,الكثافة النوعية (SG),FALSE,FALSE
en,AU,AU,FALSE,FALSE
arb,AU,وحدة امتصاص (AU),FALSE,FALSE
en,MCG_DL,mcg/dL,FALSE,FALSE
arb,MCG_DL,ميكروغرام/ديسيلتر,FALSE,FALSE
en,MCMOL_L,mcmol/L,FALSE,FALSE
arb,MCMOL_L,ميكرومول/لتر,FALSE,FALSE
en,CELLS_MCL,cells/mcL,FALSE,FALSE
arb,CELLS_MCL,خلايا/ميكرولتر,FALSE,FALSE
en,M_MCL,M/mcL,FALSE,FALSE
arb,M_MCL,مليون/ميكرولتر,FALSE,FALSE
en,MCG_L,mcg/L,FALSE,FALSE
arb,MCG_L,ميكروغرام/لتر,FALSE,FALSE
en,RESULT_REJECTED,Result Rejected,FALSE,FALSE
arb,RESULT_REJECTED,النتيجة مرفوضة,FALSE,FALSE
en,NON_PREGNANT,Non-Pregnant,FALSE,FALSE
arb,NON_PREGNANT,غير حامل,FALSE,FALSE
en,FIRST_TRIMESTER,1st Trimester,FALSE,FALSE
arb,FIRST_TRIMESTER,الثلث الأول من الحمل,FALSE,FALSE
en,SECOND_TRIMESTER,2nd Trimester,FALSE,FALSE
arb,SECOND_TRIMESTER,الثلث الثاني من الحمل,FALSE,FALSE
en,THIRD_TRIMESTER,3rd Trimester,FALSE,FALSE
arb,THIRD_TRIMESTER,الثلث الثالث من الحمل,FALSE,FALSE
en,POSTPARTUM,Postpartum,FALSE,FALSE
arb,POSTPARTUM,فترة ما بعد الولادة,FALSE,FALSE
en,FOLLICULAR,Follicular,FALSE,FALSE
arb,FOLLICULAR,الطور الجُريبي,FALSE,FALSE
en,LUTEAL,Luteal,FALSE,FALSE
arb,LUTEAL,الطور الأصفري,FALSE,FALSE
en,OVULATORY,Ovulatory,FALSE,FALSE
arb,OVULATORY,مرحلة الإباضة,FALSE,FALSE
en,MENSTRUAL,Menstrual,FALSE,FALSE
arb,MENSTRUAL,الحيض,FALSE,FALSE
en,PREMENOPAUSAL,Premenopausal,FALSE,FALSE
arb,PREMENOPAUSAL,قبل انقطاع الطمث,FALSE,FALSE
en,POSTMENOPAUSAL,Postmenopausal,FALSE,FALSE
arb,POSTMENOPAUSAL,بعد انقطاع الطمث,FALSE,FALSE
en,NON_FASTING,Non-Fasting,FALSE,FALSE
arb,NON_FASTING,غير صائم,FALSE,FALSE
en,POSTPRANDIAL,Postprandial,FALSE,FALSE
arb,POSTPRANDIAL,بعد الأكل,FALSE,FALSE
en,MORNING,Morning,FALSE,FALSE
arb,MORNING,الصباح,FALSE,FALSE
en,AFTERNOON,Afternoon,FALSE,FALSE
arb,AFTERNOON,بعد الظهر,FALSE,FALSE
en,EVENING,Evening,FALSE,FALSE
arb,EVENING,المساء,FALSE,FALSE
en,DEHYDRATED,Dehydrated,FALSE,FALSE
arb,DEHYDRATED,مصاب بالجفاف,FALSE,FALSE
en,WELL_HYDRATED,Well-Hydrated,FALSE,FALSE
arb,WELL_HYDRATED,مرطب جيدًا,FALSE,FALSE
en,OVERHYDRATED,Overhydrated,FALSE,FALSE
arb,OVERHYDRATED,فرط الترطيب,FALSE,FALSE
en,SMOKER,Smoker,FALSE,FALSE
arb,SMOKER,مدخن,FALSE,FALSE
en,NON_SMOKER,Non-Smoker,FALSE,FALSE
arb,NON_SMOKER,غير مدخن,FALSE,FALSE
en,FORMER_SMOKER,Former Smoker,FALSE,FALSE
arb,FORMER_SMOKER,مدخن سابق,FALSE,FALSE
en,ALCOHOLIC,Alcoholic,FALSE,FALSE
arb,ALCOHOLIC,يتناول الكحول,FALSE,FALSE
en,NON_ALCOHOLIC,Non-Alcoholic,FALSE,FALSE
arb,NON_ALCOHOLIC,لا يتناول الكحول,FALSE,FALSE
en,OCCASIONAL_ALCOHOLIC,Occasional Alcoholic,FALSE,FALSE
arb,OCCASIONAL_ALCOHOLIC,يتناول الكحول أحيانًا,FALSE,FALSE
en,HEAVY_DRINKER,Heavy Drinker,FALSE,FALSE
arb,HEAVY_DRINKER,شارب كحول بكثرة,FALSE,FALSE
en,HIGH_CAFFEINE_INTAKE,High Caffeine Intake,FALSE,FALSE
arb,HIGH_CAFFEINE_INTAKE,استهلاك مرتفع للكافيين,FALSE,FALSE
en,MODERATE_CAFFEINE_INTAKE,Moderate Caffeine Intake,FALSE,FALSE
arb,MODERATE_CAFFEINE_INTAKE,استهلاك متوسط للكافيين,FALSE,FALSE
en,NO_CAFFEINE_INTAKE,No Caffeine Intake,FALSE,FALSE
arb,NO_CAFFEINE_INTAKE,لا يستهلك الكافيين,FALSE,FALSE
en,SEDENTARY_LIFE_STYLE,Sedentary Life Style,FALSE,FALSE
arb,SEDENTARY_LIFE_STYLE,نمط حياة خامل,FALSE,FALSE
en,ATHLETE,Athlete,FALSE,FALSE
arb,ATHLETE,رياضي,FALSE,FALSE
en,SEA_LEVEL_ALTITUDE,Sea Level Altitude,FALSE,FALSE
arb,SEA_LEVEL_ALTITUDE,الارتفاع عن سطح البحر,FALSE,FALSE
en,HIGH_ALTITUDE,High Altitude,FALSE,FALSE
arb,HIGH_ALTITUDE,ارتفاع شاهق,FALSE,FALSE
en,HEAVY_METALS_EXPOSURE,Heavy Metals Exposure,FALSE,FALSE
arb,HEAVY_METALS_EXPOSURE,التعرض للمعادن الثقيلة,FALSE,FALSE
en,RADIATION_EXPOSURE,Radiation Exposure,FALSE,FALSE
arb,RADIATION_EXPOSURE,التعرض للإشعاع,FALSE,FALSE
en,TOXINS_EXPOSURE,Toxins Exposure,FALSE,FALSE
arb,TOXINS_EXPOSURE,التعرض للسموم,FALSE,FALSE
en,DEPRESSION_SCREENING,Depression Screening,FALSE,FALSE
arb,DEPRESSION_SCREENING,فحص الاكتئاب,FALSE,FALSE
en,ANXIETY_SCREENING,Anxiety Screening,FALSE,FALSE
arb,ANXIETY_SCREENING,فحص القلق,FALSE,FALSE
en,STRESS_ASSESSMENT,Stress Assessment,FALSE,FALSE
arb,STRESS_ASSESSMENT,تقييم التوتر,FALSE,FALSE
en,PTSD_ASSESSMENT,PTSD Assessment,FALSE,FALSE
arb,PTSD_ASSESSMENT,تقييم اضطراب ما بعد الصدمة (PTSD),FALSE,FALSE
en,BIPOLAR_DISORDER_ASSESSMENT,Bipolar Disorder Assessment,FALSE,FALSE
arb,BIPOLAR_DISORDER_ASSESSMENT,تقييم اضطراب ثنائي القطب,FALSE,FALSE
en,SUICIDAL_RISK_ASSESSMENT,Suicidal Risk Assessment,FALSE,FALSE
arb,SUICIDAL_RISK_ASSESSMENT,تقييم خطر الانتحار,FALSE,FALSE
en,IQ_TEST,IQ Tes,FALSE,FALSE
arb,IQ_TEST,اختبار الذكاء,FALSE,FALSE
en,ATTENTION_CONCENTRATION_TESTS,Attention & Concentration Tests,FALSE,FALSE
arb,ATTENTION_CONCENTRATION_TESTS,اختبارات الانتباه والتركيز,FALSE,FALSE
en,EXECUTIVE_FUNCTIONING_TEST,Executive Functioning Test,FALSE,FALSE
arb,EXECUTIVE_FUNCTIONING_TEST,اختبار الوظائف التنفيذية,FALSE,FALSE
en,NEUROPSYCHOLOGICAL_SCREENING,Neuropsychological Screening,FALSE,FALSE
arb,NEUROPSYCHOLOGICAL_SCREENING,الفحص العصبي النفسي,FALSE,FALSE
en,PERSONALITY_TEST,Personality Test,FALSE,FALSE
arb,PERSONALITY_TEST,اختبار الشخصية,FALSE,FALSE
en,SOCIAL_ANXIETY_SCALE,Social Anxiety Scale,FALSE,FALSE
arb,SOCIAL_ANXIETY_SCALE,مقياس القلق الاجتماعي,FALSE,FALSE
en,WAX_BUILDUP,Wax Buildup,FALSE,FALSE
arb,WAX_BUILDUP,تراكم شمع الأذن,FALSE,FALSE
en,INFECTION,Infection,FALSE,FALSE
arb,INFECTION,عدوى,FALSE,FALSE
en,PERFORATION,Perforation,FALSE,FALSE
arb,PERFORATION,انثقاب,FALSE,FALSE
en,CONDUCTIVE,Conductive,FALSE,FALSE
arb,CONDUCTIVE,توصيلي,FALSE,FALSE
en,SENSORINEURAL,Sensorineural,FALSE,FALSE
arb,SENSORINEURAL,حسي عصبي,FALSE,FALSE
en,WITHOUT_GLASSES,Without Glasses,FALSE,FALSE
arb,WITHOUT_GLASSES,بدون نظارات,FALSE,FALSE
en,WITH_CONTACT_LENSES,With Contact Lenses,FALSE,FALSE
arb,WITH_CONTACT_LENSES,مع عدسات لاصقة,FALSE,FALSE
en,WITH_GLASSES,With Glasses,FALSE,FALSE
arb,WITH_GLASSES,مع نظارات,FALSE,FALSE
en,IMPROVED,Improved,FALSE,FALSE
arb,IMPROVED,تحسن,FALSE,FALSE
en,NO_IMPROVEMENTS,No Improvements,FALSE,FALSE
arb,NO_IMPROVEMENTS,لا يوجد تحسن,FALSE,FALSE
en,RED_GREEN_DEFICIENCY,Red-Green Deficiency,FALSE,FALSE
arb,RED_GREEN_DEFICIENCY,ضعف تمييز الأحمر والأخضر,FALSE,FALSE
en,BLUE_YELLOW_DEFICIENCY,Blue-Yellow Deficiency,FALSE,FALSE
arb,BLUE_YELLOW_DEFICIENCY,ضعف تمييز الأزرق والأصفر,FALSE,FALSE
en,TOTAL_COLOR_BLINDNESS,Total Color Blindness,FALSE,FALSE
arb,TOTAL_COLOR_BLINDNESS,عمى الألوان الكامل,FALSE,FALSE
en,UPPER_LIMIT,Upper Limit,FALSE,FALSE
arb,UPPER_LIMIT,الحد الأعلى,FALSE,FALSE
en,LOWER_LIMIT,Lower Limit,FALSE,FALSE
arb,LOWER_LIMIT,الحد الأدنى,FALSE,FALSE
en,ABNORMAL_VALUE,Abnormal Value,FALSE,FALSE
arb,ABNORMAL_VALUE,قيمة غير طبيعية,FALSE,FALSE
en,CRITICAL_UPPER,Critical Upper,FALSE,FALSE
arb,CRITICAL_UPPER,الحد الأعلى الحرج,FALSE,FALSE
en,CRITICAL_LOWER,Critical Lower,FALSE,FALSE
arb,CRITICAL_LOWER,الحد الأدنى الحرج,FALSE,FALSE
en,NORMAL_ST_SEGMENT,Normal ST Segment,FALSE,FALSE
arb,NORMAL_ST_SEGMENT,مقطع ST طبيعي,FALSE,FALSE
en,CONCAVE_ST_ELEVATION,Concave ST Elevation,FALSE,FALSE
arb,CONCAVE_ST_ELEVATION,ارتفاع مقطع ST مقعر,FALSE,FALSE
en,CONVEX_DOMED_ST_ELEVATION,Convex/Domed ST Elevation,FALSE,FALSE
arb,CONVEX_DOMED_ST_ELEVATION,ارتفاع مقطع ST محدب/قبابي,FALSE,FALSE
en,DIFFUSE_ST_ELEVATION,Diffuse ST Elevation,FALSE,FALSE
arb,DIFFUSE_ST_ELEVATION,ارتفاع مقطع ST منتشر,FALSE,FALSE
en,UPSLOPING_ST_DEPRESSION,Upsloping ST Depression,FALSE,FALSE
arb,UPSLOPING_ST_DEPRESSION,انخفاض مقطع ST صاعد,FALSE,FALSE
en,HORIZONTAL_ST_DEPRESSION,Horizontal ST Depression,FALSE,FALSE
arb,HORIZONTAL_ST_DEPRESSION,انخفاض مقطع ST أفقي,FALSE,FALSE
en,DYNAMIC_ST_CHANGES,Dynamic ST Changes,FALSE,FALSE
arb,DYNAMIC_ST_CHANGES,تغيرات ديناميكية في مقطع ST,FALSE,FALSE
en,ST_SEGMENT_SCOOPING,ST-Segment Scooping,FALSE,FALSE
arb,ST_SEGMENT_SCOOPING,تقعر مقطع ST,FALSE,FALSE
en,DOWNSLOPING_ST_DEPRESSION,Downsloping ST Depression,FALSE,FALSE
arb,DOWNSLOPING_ST_DEPRESSION,انخفاض مقطع ST هابط,FALSE,FALSE
en,SINUS_BRADYCARDIA,Sinus Bradycardia,FALSE,FALSE
arb,SINUS_BRADYCARDIA,بطء القلب الجيبي,FALSE,FALSE
en,SINUS_TACHYCARDIA,Sinus Tachycardia,FALSE,FALSE
arb,SINUS_TACHYCARDIA,تسرع القلب الجيبي,FALSE,FALSE
en,ATRIAL_FIBRILLATION_AFIB_RATE_CONTROLLED,Atrial Fibrillation (AFib) Rate Controlled,FALSE,FALSE
arb,ATRIAL_FIBRILLATION_AFIB_RATE_CONTROLLED,الرجفان الأذيني (AFib) بمعدل مضبوط,FALSE,FALSE
en,ATRIAL_FIBRILLATION_AFIB_RAPID_VENTRICULAR_RESPONSE_RVR,Atrial Fibrillation (AFib) Rapid Ventricular Response (RVR),FALSE,FALSE
arb,ATRIAL_FIBRILLATION_AFIB_RAPID_VENTRICULAR_RESPONSE_RVR,الرجفان الأذيني (AFib) مع استجابة بطينية سريعة (RVR),FALSE,FALSE
en,ATRIAL_FLUTTER,Atrial Flutter,FALSE,FALSE
arb,ATRIAL_FLUTTER,الرفرفة الأذينية,FALSE,FALSE
en,SUPRAVENTRICULAR_TACHYCARDIA_SVT,Supraventricular Tachycardia (SVT),FALSE,FALSE
arb,SUPRAVENTRICULAR_TACHYCARDIA_SVT,تسرع القلب فوق البطيني (SVT),FALSE,FALSE
en,VENTRICULAR_TACHYCARDIA_VT,Ventricular Tachycardia (VT),FALSE,FALSE
arb,VENTRICULAR_TACHYCARDIA_VT,تسرع القلب البطيني (VT),FALSE,FALSE
en,VENTRICULAR_FIBRILLATION_VFIB,Ventricular Fibrillation (VFib),FALSE,FALSE
arb,VENTRICULAR_FIBRILLATION_VFIB,الرجفان البطيني (VFib),FALSE,FALSE
en,PREMATURE_ATRIAL_CONTRACTIONS_PACS,Premature Atrial Contractions (PACs),FALSE,FALSE
arb,PREMATURE_ATRIAL_CONTRACTIONS_PACS,الانقباضات الأذينية المبكرة (PACs),FALSE,FALSE
en,PREMATURE_VENTRICULAR_CONTRACTIONS_PVCS,Premature Ventricular Contractions (PVCs),FALSE,FALSE
arb,PREMATURE_VENTRICULAR_CONTRACTIONS_PVCS,الانقباضات البطينية المبكرة (PVCs),FALSE,FALSE
en,JUNCTIONAL_RHYTHM,Junctional Rhythm,FALSE,FALSE
arb,JUNCTIONAL_RHYTHM,النظم الوصلي,FALSE,FALSE
en,WOLFF_PARKINSON_WHITE_WPW_SYNDROME,Wolff-Parkinson-White (WPW) Syndrome,FALSE,FALSE
arb,WOLFF_PARKINSON_WHITE_WPW_SYNDROME,متلازمة وولف-باركنسون-وايت (WPW),FALSE,FALSE
en,INDETERMINATE,Indeterminate,FALSE,FALSE
arb,INDETERMINATE,غير محدد,FALSE,FALSE
en,POSITIVE_FOR_ISCHEMIA,Positive For Ischemia,FALSE,FALSE
arb,POSITIVE_FOR_ISCHEMIA,إيجابي لنقص التروية,FALSE,FALSE
en,INVERTED,Inverted,FALSE,FALSE
arb,INVERTED,مقلوب,FALSE,FALSE
en,PEAKED,Peaked,FALSE,FALSE
arb,PEAKED,مدبب,FALSE,FALSE
en,FLATTENED,Flattened,FALSE,FALSE
arb,FLATTENED,مسطح,FALSE,FALSE
en,STILL_BIRTH,Still Birth,FALSE,FALSE
arb,STILL_BIRTH,ولادة جنين ميت,FALSE,FALSE
en,LEGAL_ABORTION,Legal Abortion,FALSE,FALSE
arb,LEGAL_ABORTION,إجهاض قانوني,FALSE,FALSE
en,GIVE_BIRTH,Give Birth,FALSE,FALSE
arb,GIVE_BIRTH,الولادة,FALSE,FALSE
en,NATURAL_DELIVERY,Natural Delivery,FALSE,FALSE
arb,NATURAL_DELIVERY,الولادة الطبيعية,FALSE,FALSE
en,C_SECTION_OPERATION,C-Section Operation,FALSE,FALSE
arb,C_SECTION_OPERATION,عملية قيصرية,FALSE,FALSE
en,ELECTIVE,Elective,FALSE,FALSE
arb,ELECTIVE,اختياري,FALSE,FALSE
en,RBCS,RBCs,FALSE,FALSE
arb,RBCS,كريات الدم الحمراء (RBCs),FALSE,FALSE
en,PLATELETS,Platelets,FALSE,FALSE
arb,PLATELETS,الصفائح الدموية,FALSE,FALSE
en,FFP,FFP,FALSE,FALSE
arb,FFP,البلازما الطازجة المجمدة (FFP),FALSE,FALSE
en,CRYOPRECIPITATE,Cryoprecipitate,FALSE,FALSE
arb,CRYOPRECIPITATE,راسب القِرَيو,FALSE,FALSE
en,WHOLE_BLOOD,Whole Blood,FALSE,FALSE
arb,WHOLE_BLOOD,الدم الكامل,FALSE,FALSE
en,AUTOLOGOUS,Autologous,FALSE,FALSE
arb,AUTOLOGOUS,ذاتي,FALSE,FALSE
en,DIRECT_DONATION,Direct Donation,FALSE,FALSE
arb,DIRECT_DONATION,تبرع مباشر,FALSE,FALSE
en,OCCASIONAL,Occasional,FALSE,FALSE
arb,OCCASIONAL,عرضيًا,FALSE,FALSE
en,EXPERIMENTAL,Experimental,FALSE,FALSE
arb,EXPERIMENTAL,تجريبي,FALSE,FALSE
en,OBESITY,Obesity,FALSE,FALSE
arb,OBESITY,السمنة,FALSE,FALSE
en,DISABILITY,Disability,FALSE,FALSE
arb,DISABILITY,الإعاقة,FALSE,FALSE
en,ANOREXIA,Anorexia,FALSE,FALSE
arb,ANOREXIA,فقدان الشهية,FALSE,FALSE
en,BULIMIA,Bulimia,FALSE,FALSE
arb,BULIMIA,الشره المرضي,FALSE,FALSE
en,BINGE_EATING,Binge Eating,FALSE,FALSE
arb,BINGE_EATING,الأكل بنهم,FALSE,FALSE
en,EMOTIONAL_EAT,Emotional Eat,FALSE,FALSE
arb,EMOTIONAL_EAT,الأكل العاطفي,FALSE,FALSE
en,COPING_BEHAVIOURS,Coping Behaviours,FALSE,FALSE
arb,COPING_BEHAVIOURS,سلوكيات التكيف,FALSE,FALSE
en,B_PLUS,B+,FALSE,FALSE
arb,B_PLUS,فصيلة الدم B+,FALSE,FALSE
en,AB_PLUS,AB+,FALSE,FALSE
arb,AB_PLUS,فصيلة الدم AB+,FALSE,FALSE
en,GRANDAUGHTER,Grandaughter,FALSE,FALSE
arb,GRANDAUGHTER,حفيدة,FALSE,FALSE
en,PRE_MED,Pre-Med,FALSE,FALSE
arb,PRE_MED,ما قبل الطب,FALSE,FALSE
en,A_PLUS,A+,FALSE,FALSE
arb,A_PLUS,فصيلة الدم A+,FALSE,FALSE
en,A_MINUS,A-,FALSE,FALSE
arb,A_MINUS,فصيلة الدم A-,FALSE,FALSE
en,B_MINUS,B-,FALSE,FALSE
arb,B_MINUS,فصيلة الدم B-,FALSE,FALSE
en,AB_MINUS,AB-,FALSE,FALSE
arb,AB_MINUS,فصيلة الدم AB-,FALSE,FALSE
en,O_PLUS,O+,FALSE,FALSE
arb,O_PLUS,فصيلة الدم O+,FALSE,FALSE
en,O_MINUS,O-,FALSE,FALSE
arb,O_MINUS,فصيلة الدم O-,FALSE,FALSE
en,PRE_PROCEDURE_ASSESSMENT,Pre-Procedure Assessment,FALSE,FALSE
arb,PRE_PROCEDURE_ASSESSMENT,تقييم ما قبل الإجراء,FALSE,FALSE
en,PROCEDURE_PERFORMING,Procedure Performing,FALSE,FALSE
arb,PROCEDURE_PERFORMING,تنفيذ الإجراء,FALSE,FALSE
en,POST_PROCEDURE_CARE_AND_FOLLOW_UP,Post-Procedure Care and Follow-up,FALSE,FALSE
arb,POST_PROCEDURE_CARE_AND_FOLLOW_UP,الرعاية والمتابعة بعد الإجراء,FALSE,FALSE
en,SEPSIS_LESS_THAN_1_MONTH,Sepsis (<1 month),FALSE,FALSE
arb,SEPSIS_LESS_THAN_1_MONTH,الإنتان (أقل من شهر),FALSE,FALSE
en,EQUIPMENT_AND_LOGISTICS,Equipment and Logistics,FALSE,FALSE
arb,EQUIPMENT_AND_LOGISTICS,المعدات واللوجستيات,FALSE,FALSE
en,RAWANV,RawanV,FALSE,FALSE
arb,RAWANV,RawanV,FALSE,FALSE
en,DNR,DNR,FALSE,FALSE
arb,DNR,عدم الإنعاش (DNR),FALSE,FALSE
en,EMPTY,Empty,FALSE,FALSE
arb,EMPTY,فارغ,FALSE,FALSE
en,UNCLEAR_OR_COMPLEX_SYMPTOMS,Unclear or Complex Symptoms,FALSE,FALSE
arb,UNCLEAR_OR_COMPLEX_SYMPTOMS,أعراض غير واضحة أو معقدة,FALSE,FALSE
en,ABNORMAL_TEST_RESULTS,Abnormal Test Results,FALSE,FALSE
arb,ABNORMAL_TEST_RESULTS,نتائج فحوصات غير طبيعية,FALSE,FALSE
en,CHRONIC_DISEASE_MANAGEMENT,Chronic Disease Management,FALSE,FALSE
arb,CHRONIC_DISEASE_MANAGEMENT,إدارة الأمراض المزمنة,FALSE,FALSE
en,SPECIALIST_PROCEDURES_OR_IMAGING,Specialist Procedures or Imaging,FALSE,FALSE
arb,SPECIALIST_PROCEDURES_OR_IMAGING,إجراءات أو تصوير متخصص,FALSE,FALSE
en,TREATMENT_BEYOND_GENERAL_SCOPE,Treatment Beyond General Scope,FALSE,FALSE
arb,TREATMENT_BEYOND_GENERAL_SCOPE,علاج يتجاوز النطاق العام,FALSE,FALSE
en,PREVENTIVE_OR_SCREENING_FOLLOW_UP,Preventive or Screening Follow-Up,FALSE,FALSE
arb,PREVENTIVE_OR_SCREENING_FOLLOW_UP,متابعة وقائية أو فحصية,FALSE,FALSE
en,ADDITIONAL_SUPPORT,Additional Support,FALSE,FALSE
arb,ADDITIONAL_SUPPORT,دعم إضافي,FALSE,FALSE
en,REHABILITATION_OR_ALLIED_HEALTH_SERVICES,Rehabilitation or Allied Health Services,FALSE,FALSE
arb,REHABILITATION_OR_ALLIED_HEALTH_SERVICES,خدمات إعادة التأهيل أو الخدمات الصحية المساندة,FALSE,FALSE
en,PROCEDURE_REGISTRATION,Procedure Registration,FALSE,FALSE
arb,PROCEDURE_REGISTRATION,تسجيل الإجراء,FALSE,FALSE
en,DEVICE_ASSET,Device/Asset,FALSE,FALSE
arb,DEVICE_ASSET,جهاز/أصل,FALSE,FALSE
en,BLOOD_PRODUCT,Blood Product,FALSE,FALSE
arb,BLOOD_PRODUCT,منتج دم,FALSE,FALSE
en,REAGENT_TEST_MATERIAL,Reagent/Test Material,FALSE,FALSE
arb,REAGENT_TEST_MATERIAL,كاشف/مادة اختبار,FALSE,FALSE
en,CONTRAST_MEDIA,Contrast Media,FALSE,FALSE
arb,CONTRAST_MEDIA,مادة تباين,FALSE,FALSE
en,GRADE_1_THE_ENTIRE_GLOTTIS_IS_VISIBLE,Grade 1: The entire glottis is visible.,FALSE,FALSE
arb,GRADE_1_THE_ENTIRE_GLOTTIS_IS_VISIBLE,الدرجة 1: الحنجرة بأكملها مرئية,FALSE,FALSE
en,GRADE_2A_PART_OF_THE_GLOTTIS_IS_VISIBLE,Grade 2a: Part of the glottis is visible,FALSE,FALSE
arb,GRADE_2A_PART_OF_THE_GLOTTIS_IS_VISIBLE,الدرجة 2a: جزء من الحنجرة مرئي,FALSE,FALSE
en,GRADE_2B_ONLY_THE_POSTERIOR_ASPECT_OF_THE_GLOTTIS_IS_VISIBLE,Grade 2b: Only the posterior aspect of the glottis is visible,FALSE,FALSE
arb,GRADE_2B_ONLY_THE_POSTERIOR_ASPECT_OF_THE_GLOTTIS_IS_VISIBLE,الدرجة 2b: الجزء الخلفي فقط من الحنجرة مرئي,FALSE,FALSE
en,GRADE_3A_ONLY_THE_EPIGLOTTIS_IS_VISIBLE,Grade 3a: Only the epiglottis is visible,FALSE,FALSE
arb,GRADE_3A_ONLY_THE_EPIGLOTTIS_IS_VISIBLE,الدرجة 3a: لسان المزمار فقط مرئي,FALSE,FALSE
en,GRADE_3B_THE_EPIGLOTTIS_CANNOT_BE_LIFTED,Grade 3b: The epiglottis cannot be lifted,FALSE,FALSE
arb,GRADE_3B_THE_EPIGLOTTIS_CANNOT_BE_LIFTED,الدرجة 3b: لا يمكن رفع لسان المزمار,FALSE,FALSE
en,GRADE_4_NO_PART_OF_THE_GLOTTIS_OR_EPIGLOTTIS_IS_VISIBLE,Grade 4: No part of the glottis or epiglottis is visible,FALSE,FALSE
arb,GRADE_4_NO_PART_OF_THE_GLOTTIS_OR_EPIGLOTTIS_IS_VISIBLE,الدرجة 4: لا يظهر أي جزء من الحنجرة أو لسان المزمار,FALSE,FALSE
en,ASA_III,ASA III,FALSE,FALSE
arb,ASA_III,ASA III,FALSE,FALSE
en,ASA_I,ASA I,FALSE,FALSE
arb,ASA_I,ASA I,FALSE,FALSE
en,ASA_II,ASA II,FALSE,FALSE
arb,ASA_II,ASA II,FALSE,FALSE
en,ASA_IV,ASA IV,FALSE,FALSE
arb,ASA_IV,ASA IV,FALSE,FALSE
en,ASA_V,ASA V,FALSE,FALSE
arb,ASA_V,ASA V,FALSE,FALSE
en,ASA_VI,ASA VI,FALSE,FALSE
arb,ASA_VI,ASA VI,FALSE,FALSE
en,MOVES_2_EXTREMITIES,Moves 2 extremities,FALSE,FALSE
arb,MOVES_2_EXTREMITIES,يحرك طرفين,FALSE,FALSE
en,MOVES_ALL_EXTREMITIES_VOLUNTARILY_ON_COMMAND,Moves all extremities voluntarily/on command,FALSE,FALSE
arb,MOVES_ALL_EXTREMITIES_VOLUNTARILY_ON_COMMAND,يحرك جميع الأطراف طوعًا/عند الطلب,FALSE,FALSE
en,APNEA,Apnea,FALSE,FALSE
arb,APNEA,انقطاع النفس,FALSE,FALSE
en,DYSPNEA_OR_LIMITED_BREATHING,Dyspnea or limited breathing,FALSE,FALSE
arb,DYSPNEA_OR_LIMITED_BREATHING,ضيق التنفس أو محدودية التنفس,FALSE,FALSE
en,ABLE_TO_BREATHE_DEEPLY_AND_COUGH_FREELY,Able to breathe deeply and cough freely,FALSE,FALSE
arb,ABLE_TO_BREATHE_DEEPLY_AND_COUGH_FREELY,قادر على التنفس بعمق والسعال بحرية,FALSE,FALSE
en,BP_50_OF_PRE_ANESTHESIA_LEVEL,BP Â±50% of pre-anesthesia level,FALSE,FALSE
arb,BP_50_OF_PRE_ANESTHESIA_LEVEL,ضغط الدم ±50% من مستوى ما قبل التخدير,FALSE,FALSE
en,BP_20_49_OF_PRE_ANESTHESIA_LEVEL,BP Â±20â€“49% of pre-anesthesia level,FALSE,FALSE
arb,BP_20_49_OF_PRE_ANESTHESIA_LEVEL,ضغط الدم ±20–49% من مستوى ما قبل التخدير,FALSE,FALSE
en,BP_20_OF_PRE_ANESTHESIA_LEVEL,BP Â±20% of pre-anesthesia level,FALSE,FALSE
arb,BP_20_OF_PRE_ANESTHESIA_LEVEL,ضغط الدم ±20% من مستوى ما قبل التخدير,FALSE,FALSE
en,NOT_RESPONDING,Not responding,FALSE,FALSE
arb,NOT_RESPONDING,لا يستجيب,FALSE,FALSE
en,FULLY_AWAKE,Fully awake,FALSE,FALSE
arb,FULLY_AWAKE,مستيقظ تمامًا,FALSE,FALSE
en,AROUSABLE_ON_CALLING,Arousable on calling,FALSE,FALSE
arb,AROUSABLE_ON_CALLING,يمكن إيقاظه عند النداء,FALSE,FALSE
en,LESS_THAN_90_EVEN_WITH_O2,<90% even with Oâ‚‚,FALSE,FALSE
arb,LESS_THAN_90_EVEN_WITH_O2,أقل من 90% حتى مع الأكسجين O₂,FALSE,FALSE
en,NEEDS_O2_TO_MAINTAIN_GREATER_THAN_90,Needs Oâ‚‚ to maintain >90%,FALSE,FALSE
arb,NEEDS_O2_TO_MAINTAIN_GREATER_THAN_90,يحتاج إلى الأكسجين O₂ للحفاظ على أكثر من 90%,FALSE,FALSE
en,GREATER_THAN_92_ON_ROOM_AIR,>92% on room air,FALSE,FALSE
arb,GREATER_THAN_92_ON_ROOM_AIR,أكثر من 92% على هواء الغرفة,FALSE,FALSE
en,CLASS_I,Class I,FALSE,FALSE
arb,CLASS_I,الفئة الأولى,FALSE,FALSE
en,CLASS_II,Class II,FALSE,FALSE
arb,CLASS_II,الفئة الثانية,FALSE,FALSE
en,CLASS_III,Class III,FALSE,FALSE
arb,CLASS_III,الفئة الثالثة,FALSE,FALSE
en,CLASS_IV,Class IV,FALSE,FALSE
arb,CLASS_IV,الفئة الرابعة,FALSE,FALSE
en,MASK,Mask,FALSE,FALSE
arb,MASK,قناع,FALSE,FALSE
en,NASAL_ETT,Nasal ETT,FALSE,FALSE
arb,NASAL_ETT,أنبوب رغامي أنفي (Nasal ETT),FALSE,FALSE
en,ORAL_ETT,Oral ETT,FALSE,FALSE
arb,ORAL_ETT,أنبوب رغامي فموي (Oral ETT),FALSE,FALSE
en,LMA,LMA,FALSE,FALSE
arb,LMA,قناع حنجري (LMA),FALSE,FALSE
en,VIDEO_LARYNGOSCOPE,Video Laryngoscope,FALSE,FALSE
arb,VIDEO_LARYNGOSCOPE,منظار حنجري بالفيديو,FALSE,FALSE
en,FIBEROPTIC,Fiberoptic,FALSE,FALSE
arb,FIBEROPTIC,منظار ليفي,FALSE,FALSE
en,RELAXED,Relaxed,FALSE,FALSE
arb,RELAXED,مسترخٍ,FALSE,FALSE
en,UPRIGHT,Upright,FALSE,FALSE
arb,UPRIGHT,منتصب,FALSE,FALSE
en,LAYING_DOWN,Laying Down,FALSE,FALSE
arb,LAYING_DOWN,مستلقي,FALSE,FALSE
en,RESTLESS,Restless,FALSE,FALSE
arb,RESTLESS,قلق الحركة,FALSE,FALSE
en,TENSED,Tensed,FALSE,FALSE
arb,TENSED,متوتر,FALSE,FALSE
en,SLOUCHED,Slouched,FALSE,FALSE
arb,SLOUCHED,متراخٍ,FALSE,FALSE
en,FREE,Free,FALSE,FALSE
arb,FREE,حر,FALSE,FALSE
en,SMOOTH,Smooth,FALSE,FALSE
arb,SMOOTH,أملس,FALSE,FALSE
en,RIGID,Rigid,FALSE,FALSE
arb,RIGID,صلب,FALSE,FALSE
en,TREMBLING,Trembling,FALSE,FALSE
arb,TREMBLING,مرتجف,FALSE,FALSE
en,INVOLUNTARY,Involuntary,FALSE,FALSE
arb,INVOLUNTARY,لا إرادي,FALSE,FALSE
en,DIFFICULT_TO_AROUSE,Difficult to Arouse,FALSE,FALSE
arb,DIFFICULT_TO_AROUSE,صعب الإيقاظ,FALSE,FALSE
en,CALM,Calm,FALSE,FALSE
arb,CALM,هادئ,FALSE,FALSE
en,ANXIOUS,Anxious,FALSE,FALSE
arb,ANXIOUS,قلق,FALSE,FALSE
en,GRIMACING,Grimacing,FALSE,FALSE
arb,GRIMACING,تكشير الوجه,FALSE,FALSE
en,SMILING,Smiling,FALSE,FALSE
arb,SMILING,مبتسم,FALSE,FALSE
en,FLAT,Flat,FALSE,FALSE
arb,FLAT,مسطح,FALSE,FALSE
en,COHERENT,Coherent,FALSE,FALSE
arb,COHERENT,مترابط,FALSE,FALSE
en,SLURRED,Slurred,FALSE,FALSE
arb,SLURRED,متثاقل,FALSE,FALSE
en,INAPPROPRIATE,Inappropriate,FALSE,FALSE
arb,INAPPROPRIATE,غير مناسب,FALSE,FALSE
en,NON_VERBAL,Non-verbal,FALSE,FALSE
arb,NON_VERBAL,غير لفظي,FALSE,FALSE
en,APPROPRIATE,Appropriate,FALSE,FALSE
arb,APPROPRIATE,مناسب,FALSE,FALSE
en,COOPERATIVE,Cooperative,FALSE,FALSE
arb,COOPERATIVE,متعاون,FALSE,FALSE
en,WITHDRAWN,Withdrawn,FALSE,FALSE
arb,WITHDRAWN,منسحب,FALSE,FALSE
en,AGITATED,Agitated,FALSE,FALSE
arb,AGITATED,هائج,FALSE,FALSE
en,EUPHORIC,Euphoric,FALSE,FALSE
arb,EUPHORIC,مبتهج,FALSE,FALSE
en,IRRITABLE,Irritable,FALSE,FALSE
arb,IRRITABLE,سريع الانفعال,FALSE,FALSE
en,PREPARED,Prepared,FALSE,FALSE
arb,PREPARED,مُجهز,FALSE,FALSE
en,HOME_LEAVE,Home Leave,FALSE,FALSE
arb,HOME_LEAVE,إجازة منزلية,FALSE,FALSE
en,EXTERNAL_REFERRAL,External Referral,FALSE,FALSE
arb,EXTERNAL_REFERRAL,إحالة خارجية,FALSE,FALSE
en,LEGAL_LEAVE,Legal Leave,FALSE,FALSE
arb,LEGAL_LEAVE,إجازة قانونية,FALSE,FALSE
en,REHABILITATION_STEP_OUT,Rehabilitation Step-Out,FALSE,FALSE
arb,REHABILITATION_STEP_OUT,خروج مؤقت لإعادة التأهيل,FALSE,FALSE
en,SOCIAL_DISCHARGE,Social Discharge,FALSE,FALSE
arb,SOCIAL_DISCHARGE,خروج اجتماعي,FALSE,FALSE
en,AGAINST_ADVICE,Against Advice,FALSE,FALSE
arb,AGAINST_ADVICE,مغادرة خلافًا للنصيحة الطبية,FALSE,FALSE
en,IMPROVING,Improving,FALSE,FALSE
arb,IMPROVING,يتحسن,FALSE,FALSE
en,DETERIORATING,Deteriorating,FALSE,FALSE
arb,DETERIORATING,يتدهور,FALSE,FALSE
en,A_MORNING,A: Morning,FALSE,FALSE
arb,A_MORNING,أ: الصباح,FALSE,FALSE
en,B_EVENING,B: Evening,FALSE,FALSE
arb,B_EVENING,ب: المساء,FALSE,FALSE
en,C_NIGHT,C: Night,FALSE,FALSE
arb,C_NIGHT,ج: الليل,FALSE,FALSE
en,INCIDENT,Incident,FALSE,FALSE
arb,INCIDENT,حادث,FALSE,FALSE
en,SPECIAL_CARE,Special Care,FALSE,FALSE
arb,SPECIAL_CARE,رعاية خاصة,FALSE,FALSE
en,RECOVERY,Recovery,FALSE,FALSE
arb,RECOVERY,التعافي,FALSE,FALSE
en,IN_TRANSIT,InTransit,FALSE,FALSE
arb,IN_TRANSIT,قيد النقل,FALSE,FALSE
en,ORAL,Oral,FALSE,FALSE
arb,ORAL,عن طريق الفم,FALSE,FALSE
en,IV_FLUID,IV fluid,FALSE,FALSE
arb,IV_FLUID,سوائل وريدية,FALSE,FALSE
en,PARENTERAL_NUTRITION,Parenteral Nutrition,FALSE,FALSE
arb,PARENTERAL_NUTRITION,التغذية الوريدية,FALSE,FALSE
en,IRRIGATION,Irrigation,FALSE,FALSE
arb,IRRIGATION,الري,FALSE,FALSE
en,TUBE_FEEDING,Tube Feeding,FALSE,FALSE
arb,TUBE_FEEDING,التغذية عبر الأنبوب,FALSE,FALSE
en,RECEIVED,Received,FALSE,FALSE
arb,RECEIVED,تم الاستلام,FALSE,FALSE
en,TEMPORARY_DC,Temporary D.C.,FALSE,FALSE
arb,TEMPORARY_DC,خروج مؤقت,FALSE,FALSE
en,VOMIT,Vomit,FALSE,FALSE
arb,VOMIT,قيء,FALSE,FALSE
en,ESTIMATED_INSENSIBLE_LOSS,Estimated Insensible Loss,FALSE,FALSE
arb,ESTIMATED_INSENSIBLE_LOSS,فقدان غير محسوس مُقدّر,FALSE,FALSE
en,DRAIN,Drain,FALSE,FALSE
arb,DRAIN,المصرف,FALSE,FALSE
en,WOUND,Wound,FALSE,FALSE
arb,WOUND,الجرح,FALSE,FALSE
en,SUCTION,Suction,FALSE,FALSE
arb,SUCTION,الشفط,FALSE,FALSE
en,SUPINE,Supine,FALSE,FALSE
arb,SUPINE,الاستلقاء على الظهر,FALSE,FALSE
en,PRONE,Prone,FALSE,FALSE
arb,PRONE,الاستلقاء على البطن,FALSE,FALSE
en,LITHOTOMY,Lithotomy,FALSE,FALSE
arb,LITHOTOMY,وضعية قطع الحصاة,FALSE,FALSE
en,LATERAL,Lateral,FALSE,FALSE
arb,LATERAL,الوضعية الجانبية,FALSE,FALSE
en,TRENDELENBURG,Trendelenburg,FALSE,FALSE
arb,TRENDELENBURG,وضعية ترندلينبورغ,FALSE,FALSE
en,KNEE_CHEST,Knee-Chest,FALSE,FALSE
arb,KNEE_CHEST,وضعية الركبة والصدر,FALSE,FALSE
en,JACKKNIFE,Jackknife,FALSE,FALSE
arb,JACKKNIFE,وضعية جاك نايف,FALSE,FALSE
en,LEFT_LATERAL_SIDE_LYING,Left Lateral (Side-lying),FALSE,FALSE
arb,LEFT_LATERAL_SIDE_LYING,الوضعية الجانبية اليسرى,FALSE,FALSE
en,RIGHT_LATERAL_SIDE_LYING,Right Lateral (Side-lying),FALSE,FALSE
arb,RIGHT_LATERAL_SIDE_LYING,الوضعية الجانبية اليمنى,FALSE,FALSE
en,FOWLERS_45_60,Fowlerâ€™s (45â€“60Â°),FALSE,FALSE
arb,FOWLERS_45_60,وضعية فاولر (45–60°),FALSE,FALSE
en,LOW_FOWLERS_15_30,Low Fowlerâ€™s (15â€“30Â°),FALSE,FALSE
arb,LOW_FOWLERS_15_30,وضعية فاولر المنخفضة (15–30°),FALSE,FALSE
en,HIGH_FOWLERS_60_90,High Fowlerâ€™s (60â€“90Â°),FALSE,FALSE
arb,HIGH_FOWLERS_60_90,وضعية فاولر العالية (60–90°),FALSE,FALSE
en,SEMI_FOWLERS_30_45,Semi-Fowlerâ€™s (30â€“45Â°),FALSE,FALSE
arb,SEMI_FOWLERS_30_45,وضعية نصف فاولر (30–45°),FALSE,FALSE
en,SITTING_CHAIR_POSITION,Sitting (Chair Position),FALSE,FALSE
arb,SITTING_CHAIR_POSITION,وضعية الجلوس (وضعية الكرسي),FALSE,FALSE
en,REVERSE_TRENDELENBURG,Reverse Trendelenburg,FALSE,FALSE
arb,REVERSE_TRENDELENBURG,وضعية ترندلينبورغ العكسية,FALSE,FALSE
en,REASSESS,Reassess,FALSE,FALSE
arb,REASSESS,إعادة التقييم,FALSE,FALSE
en,FLUID_BAG,Fluid Bag,FALSE,FALSE
arb,FLUID_BAG,كيس السوائل,FALSE,FALSE
en,LEVEL_IV_LESS_URGENT,Level IV: Less Urgent,FALSE,FALSE
arb,LEVEL_IV_LESS_URGENT,المستوى الرابع: أقل إلحاحًا,FALSE,FALSE
en,LEVEL_V_NON_URGENT,Level V: Non Urgent,FALSE,FALSE
arb,LEVEL_V_NON_URGENT,المستوى الخامس: غير عاجل,FALSE,FALSE
en,LEVEL_III_URGENT,Level III_Urgent,FALSE,FALSE
arb,LEVEL_III_URGENT,المستوى الثالث: عاجل,FALSE,FALSE
en,LEVEL_II_EMERGENT,Level II: Emergent,FALSE,FALSE
arb,LEVEL_II_EMERGENT,المستوى الثاني: طارئ,FALSE,FALSE
en,LEVEL_I_RESUSCITATION,Level I: Resuscitation,FALSE,FALSE
arb,LEVEL_I_RESUSCITATION,المستوى الأول: إنعاش,FALSE,FALSE
en,FINGER,Finger,FALSE,FALSE
arb,FINGER,الإصبع,FALSE,FALSE
en,SHORT_TERM,Short term,FALSE,FALSE
arb,SHORT_TERM,قصير المدى,FALSE,FALSE
en,LONG_TERM,Long Term,FALSE,FALSE
arb,LONG_TERM,طويل المدى,FALSE,FALSE
en,UNABLE_TO_MOVE_EXTREMITIES,Unable to move extremities,FALSE,FALSE
arb,UNABLE_TO_MOVE_EXTREMITIES,غير قادر على تحريك الأطراف,FALSE,FALSE
en,CONVERTED_TO_INPATIENT,Converted to inpatient,FALSE,FALSE
arb,CONVERTED_TO_INPATIENT,تم التحويل إلى مريض داخلي,FALSE,FALSE
en,LEFT_AGAINST_MEDICAL_ADVICE_AMA,Left Against Medical Advice (AMA),FALSE,FALSE
arb,LEFT_AGAINST_MEDICAL_ADVICE_AMA,غادر خلافًا للنصيحة الطبية (AMA),FALSE,FALSE
en,INTERMITTENT,Intermittent,FALSE,FALSE
arb,INTERMITTENT,متقطع,FALSE,FALSE
en,GRAVITY,Gravity,FALSE,FALSE
arb,GRAVITY,بالجاذبية,FALSE,FALSE
en,INFUSION_PUMP,Infusion pump,FALSE,FALSE
arb,INFUSION_PUMP,مضخة التسريب,FALSE,FALSE
en,SYRINGE_PUMP,Syringe pump,FALSE,FALSE
arb,SYRINGE_PUMP,مضخة الحقن,FALSE,FALSE
en,IV_PERIPHERAL,IV Peripheral,FALSE,FALSE
arb,IV_PERIPHERAL,وريدي طرفي,FALSE,FALSE
en,IV_CENTRAL,IV Central,FALSE,FALSE
arb,IV_CENTRAL,وريدي مركزي,FALSE,FALSE
en,SC,SC,FALSE,FALSE
arb,SC,تحت الجلد (SC),FALSE,FALSE
en,TRANSFER_TO_ANOTHER_WAREHOUSE,Transfer to Another Warehouse,FALSE,FALSE
arb,TRANSFER_TO_ANOTHER_WAREHOUSE,نقل إلى مستودع آخر,FALSE,FALSE
en,COMMERCIAL,Commercial,FALSE,FALSE
arb,COMMERCIAL,تجاري,FALSE,FALSE
en,NON_COMMERCIAL,Non-Commercial,FALSE,FALSE
arb,NON_COMMERCIAL,غير تجاري,FALSE,FALSE
en,MANAGEMENT,Management,FALSE,FALSE
arb,MANAGEMENT,إدارة,FALSE,FALSE
en,REFERRED_TO_SPECIALIST,Referred to Specialist,FALSE,FALSE
arb,REFERRED_TO_SPECIALIST,تمت الإحالة إلى أخصائي,FALSE,FALSE
en,SENT_TO_HOME_CARE,Sent to Home Care,FALSE,FALSE
arb,SENT_TO_HOME_CARE,تم الإرسال إلى الرعاية المنزلية,FALSE,FALSE
en,SENT_TO_ER_DEPARTMENT,Sent to ER Department,FALSE,FALSE
arb,SENT_TO_ER_DEPARTMENT,تم الإرسال إلى قسم الطوارئ,FALSE,FALSE
en,2_VERY_MOIST,2: Very moist,FALSE,FALSE
arb,2_VERY_MOIST,2: رطب جدًا,FALSE,FALSE
en,3_OCCASIONALLY_MOIST,3: Occasionally moist,FALSE,FALSE
arb,3_OCCASIONALLY_MOIST,3: رطب أحيانًا,FALSE,FALSE
en,4_RARELY_MOIST,4: Rarely moist,FALSE,FALSE
arb,4_RARELY_MOIST,4: نادرًا ما يكون رطبًا,FALSE,FALSE
en,NO_RISK,No Risk,FALSE,FALSE
arb,NO_RISK,لا يوجد خطر,FALSE,FALSE
en,4_NO_IMPAIRMENT,4: No impairment,FALSE,FALSE
arb,4_NO_IMPAIRMENT,4: لا يوجد قصور,FALSE,FALSE
en,3_SLIGHTLY_LIMITED,3: Slightly limited,FALSE,FALSE
arb,3_SLIGHTLY_LIMITED,3: محدود قليلًا,FALSE,FALSE
en,2_VERY_LIMITED,2: Very limited,FALSE,FALSE
arb,2_VERY_LIMITED,2: محدود جدًا,FALSE,FALSE
en,1_CONSTANTLY_MOIST,1: Constantly moist,FALSE,FALSE
arb,1_CONSTANTLY_MOIST,1: رطب باستمرار,FALSE,FALSE
en,MILD_RISK,Mild Risk,FALSE,FALSE
arb,MILD_RISK,خطر خفيف,FALSE,FALSE
en,MODERATE_RISK,Moderate Risk,FALSE,FALSE
arb,MODERATE_RISK,خطر متوسط,FALSE,FALSE
en,VERY_HIGH_RISK,Very High Risk,FALSE,FALSE
arb,VERY_HIGH_RISK,خطر مرتفع جدًا,FALSE,FALSE
en,DISCARDED_RETURNED,Discarded\Returned,FALSE,FALSE
arb,DISCARDED_RETURNED,تم التخلص منه/إرجاعه,FALSE,FALSE
en,2_CHAIRFAST,2: Chairfast,FALSE,FALSE
arb,2_CHAIRFAST,2: يعتمد على الكرسي,FALSE,FALSE
en,1_BEDFAST,1: Bedfast,FALSE,FALSE
arb,1_BEDFAST,1: ملازم للفراش,FALSE,FALSE
en,3_WALKS_OCCASIONALLY,3: Walks occasionally,FALSE,FALSE
arb,3_WALKS_OCCASIONALLY,3: يمشي أحيانًا,FALSE,FALSE
en,4_WALKS_FREQUENTLY,4: Walks frequently,FALSE,FALSE
arb,4_WALKS_FREQUENTLY,4: يمشي بشكل متكرر,FALSE,FALSE
en,1_COMPLETELY_IMMOBILE,1: Completely immobile,FALSE,FALSE
arb,1_COMPLETELY_IMMOBILE,1: غير قادر على الحركة تمامًا,FALSE,FALSE
en,4_NO_LIMITATIONS,4: No limitations,FALSE,FALSE
arb,4_NO_LIMITATIONS,4: لا توجد قيود,FALSE,FALSE
en,1_VERY_POOR,1: Very poor,FALSE,FALSE
arb,1_VERY_POOR,1: ضعيف جدًا,FALSE,FALSE
en,2_PROBABLY_INADEQUATE,2: Probably inadequate,FALSE,FALSE
arb,2_PROBABLY_INADEQUATE,2: غير كافٍ على الأرجح,FALSE,FALSE
en,3_ADEQUATE,3: Adequate,FALSE,FALSE
arb,3_ADEQUATE,3: كافٍ,FALSE,FALSE
en,4_EXCELLENT,4: Excellent,FALSE,FALSE
arb,4_EXCELLENT,4: ممتاز,FALSE,FALSE
en,1_PROBLEM,1: Problem,FALSE,FALSE
arb,1_PROBLEM,1: مشكلة,FALSE,FALSE
en,2_POTENTIAL_PROBLEM,2: Potential problem,FALSE,FALSE
arb,2_POTENTIAL_PROBLEM,2: مشكلة محتملة,FALSE,FALSE
en,3_NO_APPARENT_PROBLEM,3: No apparent problem,FALSE,FALSE
arb,3_NO_APPARENT_PROBLEM,3: لا توجد مشكلة ظاهرة,FALSE,FALSE
en,ACTIVE_CANCER,Active cancer,FALSE,FALSE
arb,ACTIVE_CANCER,سرطان نشط,FALSE,FALSE
en,PREVIOUS_VTE,Previous VTE,FALSE,FALSE
arb,PREVIOUS_VTE,جلطات وريدية سابقة (VTE),FALSE,FALSE
en,REDUCED_MOBILITY_MORE_THAN_DAYS,Reduced mobility more than days,FALSE,FALSE
arb,REDUCED_MOBILITY_MORE_THAN_DAYS,انخفاض الحركة لأكثر من عدة أيام,FALSE,FALSE
en,THROMBOPHILIC_CONDITION,Thrombophilic condition,FALSE,FALSE
arb,THROMBOPHILIC_CONDITION,حالة تزيد خطر التخثر,FALSE,FALSE
en,RECENT_TRAUMA_OR_SURGERY_LESS_THAN_MONTH,Recent trauma or surgery (less than month),FALSE,FALSE
arb,RECENT_TRAUMA_OR_SURGERY_LESS_THAN_MONTH,إصابة أو جراحة حديثة (أقل من شهر),FALSE,FALSE
en,AGE_MORE_THAN_70_YEARS,Age more than 70 years,FALSE,FALSE
arb,AGE_MORE_THAN_70_YEARS,العمر أكثر من 70 سنة,FALSE,FALSE
en,HEART_AND_OR_RESPIRATORY_FAILURE,Heart and/or respiratory failure,FALSE,FALSE
arb,HEART_AND_OR_RESPIRATORY_FAILURE,فشل القلب و/أو الجهاز التنفسي,FALSE,FALSE
en,ACUTE_MI_OR_ISCHEMIC_STROKE,Acute MI or ischemic stroke,FALSE,FALSE
arb,ACUTE_MI_OR_ISCHEMIC_STROKE,احتشاء عضلة القلب الحاد أو سكتة دماغية إقفارية,FALSE,FALSE
en,ACUTE_INFECTION_OR_RHEUMATOLOGIC_DISORDER,Acute infection or rheumatologic disorder,FALSE,FALSE
arb,ACUTE_INFECTION_OR_RHEUMATOLOGIC_DISORDER,عدوى حادة أو اضطراب روماتيزمي,FALSE,FALSE
en,OBESITY_BMI_MORE_THAN_30,Obesity (BMI more than 30),FALSE,FALSE
arb,OBESITY_BMI_MORE_THAN_30,السمنة (مؤشر كتلة الجسم أكثر من 30),FALSE,FALSE
en,HORMONAL_TREATMENT,Hormonal treatment,FALSE,FALSE
arb,HORMONAL_TREATMENT,العلاج الهرموني,FALSE,FALSE
en,A_VERY_HIGH_COST,A: Very High Cost,FALSE,FALSE
arb,A_VERY_HIGH_COST,أ: تكلفة مرتفعة جدًا,FALSE,FALSE
en,B_MILDLY_EXPENSIVE,B: Mildly Expensive,FALSE,FALSE
arb,B_MILDLY_EXPENSIVE,ب: مرتفعة التكلفة قليلًا,FALSE,FALSE
en,C_CHEAP_MEDICATION,C: Cheap Medication,FALSE,FALSE
arb,C_CHEAP_MEDICATION,ج: دواء رخيص,FALSE,FALSE
en,1_COMPLETELY_LIMITED,1: Completely limited,FALSE,FALSE
arb,1_COMPLETELY_LIMITED,1: محدود تمامًا,FALSE,FALSE
en,EARLY_AMBULATION,Early ambulation,FALSE,FALSE
arb,EARLY_AMBULATION,الحركة المبكرة,FALSE,FALSE
en,MECHANICAL_PROPHYLAXIS,Mechanical prophylaxis,FALSE,FALSE
arb,MECHANICAL_PROPHYLAXIS,الوقاية الميكانيكية,FALSE,FALSE
en,LMWH_OR_MECHANICAL_PROPHYLAXIS,LMWH or mechanical prophylaxis,FALSE,FALSE
arb,LMWH_OR_MECHANICAL_PROPHYLAXIS,الهيبارين منخفض الوزن الجزيئي أو الوقاية الميكانيكية,FALSE,FALSE
en,LMWH_AND_MECHANICAL_PROPHYLAXIS,LMWH and mechanical prophylaxis,FALSE,FALSE
arb,LMWH_AND_MECHANICAL_PROPHYLAXIS,الهيبارين منخفض الوزن الجزيئي والوقاية الميكانيكية,FALSE,FALSE
en,ARTHROSCOPIC_SURGERY,Arthroscopic surgery,FALSE,FALSE
arb,ARTHROSCOPIC_SURGERY,جراحة تنظير المفصل,FALSE,FALSE
en,MAJOR_SURGERY_MORE_THAN_45_MINUTES,Major surgery (> 45 minutes),FALSE,FALSE
arb,MAJOR_SURGERY_MORE_THAN_45_MINUTES,جراحة كبرى (أكثر من 45 دقيقة),FALSE,FALSE
en,MALIGNANCY_PRESENT_OR_HISTORY,Malignancy (present or history),FALSE,FALSE
arb,MALIGNANCY_PRESENT_OR_HISTORY,خباثة (حالية أو سابقة),FALSE,FALSE
en,CONFINED_TO_BED_MORE_THAN_72_HOURS,Confined to bed (> 72 hours),FALSE,FALSE
arb,CONFINED_TO_BED_MORE_THAN_72_HOURS,ملازم للفراش (أكثر من 72 ساعة),FALSE,FALSE
en,CENTRAL_VENOUS_ACCESS,Central venous access,FALSE,FALSE
arb,CENTRAL_VENOUS_ACCESS,وصول وريدي مركزي,FALSE,FALSE
en,AGE_61_74_YEARS,Age 61-74 years,FALSE,FALSE
arb,AGE_61_74_YEARS,العمر 61–74 سنة,FALSE,FALSE
en,ABNORMAL_PULMONARY_FUNCTION_EG_COPD,"Abnormal pulmonary function (e.g., COPD)",FALSE,FALSE
arb,ABNORMAL_PULMONARY_FUNCTION_EG_COPD,وظيفة رئوية غير طبيعية (مثل مرض الانسداد الرئوي المزمن),FALSE,FALSE
en,HISTORY_OF_INFLAMMATORY_BOWEL_DISEASE,History of inflammatory bowel disease,FALSE,FALSE
arb,HISTORY_OF_INFLAMMATORY_BOWEL_DISEASE,تاريخ مرضي لمرض التهاب الأمعاء,FALSE,FALSE
en,PREGNANCY_OR_POSTPARTUM_WITHIN_6_WEEKS,Pregnancy or postpartum (within 6 weeks),FALSE,FALSE
arb,PREGNANCY_OR_POSTPARTUM_WITHIN_6_WEEKS,الحمل أو ما بعد الولادة (خلال 6 أسابيع),FALSE,FALSE
en,BED_REST_MORE_THAN_72_HOURS_BEFORE_OR_AFTER_SURGERY,Bed rest > 72 hours before or after surgery,FALSE,FALSE
arb,BED_REST_MORE_THAN_72_HOURS_BEFORE_OR_AFTER_SURGERY,راحة في الفراش لأكثر من 72 ساعة قبل الجراحة أو بعدها,FALSE,FALSE
en,CONGESTIVE_HEART_FAILURE_PAST_1_MONTH,Congestive heart failure (past 1 month),FALSE,FALSE
arb,CONGESTIVE_HEART_FAILURE_PAST_1_MONTH,فشل القلب الاحتقاني (خلال الشهر الماضي),FALSE,FALSE
en,BMI_25_AND_LESS_THAN_30_OVERWEIGHT,BMI ? 25 and < 30 (overweight),FALSE,FALSE
arb,BMI_25_AND_LESS_THAN_30_OVERWEIGHT,مؤشر كتلة الجسم 25 إلى أقل من 30 (زيادة الوزن),FALSE,FALSE
en,SWOLLEN_LEGS_CURRENT_OR_HISTORY,Swollen legs (current or history),FALSE,FALSE
arb,SWOLLEN_LEGS_CURRENT_OR_HISTORY,تورم الساقين (حالي أو سابق),FALSE,FALSE
en,ACUTE_MYOCARDIAL_INFARCTION_PAST_1_MONTH,Acute myocardial infarction (past 1 month),FALSE,FALSE
arb,ACUTE_MYOCARDIAL_INFARCTION_PAST_1_MONTH,احتشاء عضلة القلب الحاد (خلال الشهر الماضي),FALSE,FALSE
en,ORAL_CONTRACEPTIVES_OR_HORMONE_REPLACEMENT_THERAPY,Oral contraceptives or hormone replacement therapy,FALSE,FALSE
arb,ORAL_CONTRACEPTIVES_OR_HORMONE_REPLACEMENT_THERAPY,موانع الحمل الفموية أو العلاج بالهرمونات البديلة,FALSE,FALSE
en,VARICOSE_VEINS,Varicose veins,FALSE,FALSE
arb,VARICOSE_VEINS,دوالي الأوردة,FALSE,FALSE
en,IMMOBILITY_DUE_TO_STROKE_OR_PARALYSIS,Immobility due to stroke or paralysis,FALSE,FALSE
arb,IMMOBILITY_DUE_TO_STROKE_OR_PARALYSIS,عدم الحركة بسبب السكتة الدماغية أو الشلل,FALSE,FALSE
en,MINOR_SURGERY_PLANNED,Minor surgery planned,FALSE,FALSE
arb,MINOR_SURGERY_PLANNED,جراحة بسيطة مخطط لها,FALSE,FALSE
en,ANTICARDIOLIPIN_ANTIBODIES,Anticardiolipin antibodies,FALSE,FALSE
arb,ANTICARDIOLIPIN_ANTIBODIES,الأجسام المضادة للكاردِيوليبين,FALSE,FALSE
en,FACTOR_V_LEIDEN_MUTATION,Factor V Leiden mutation,FALSE,FALSE
arb,FACTOR_V_LEIDEN_MUTATION,طفرة العامل الخامس لايدن,FALSE,FALSE
en,PROTHROMBIN_20210A_MUTATION,Prothrombin 20210A mutation,FALSE,FALSE
arb,PROTHROMBIN_20210A_MUTATION,طفرة البروثرومبين 20210A,FALSE,FALSE
en,FAMILY_HISTORY_OF_THROMBOSIS_FIRST_DEGREE_RELATIVE,Family history of thrombosis (first-degree relative),FALSE,FALSE
arb,FAMILY_HISTORY_OF_THROMBOSIS_FIRST_DEGREE_RELATIVE,تاريخ عائلي للتخثر (قريب من الدرجة الأولى),FALSE,FALSE
en,HISTORY_OF_DVT_OR_PE_ANY_PRIOR_THROMBOEMBOLISM,History of DVT or PE (any prior thromboembolism),FALSE,FALSE
arb,HISTORY_OF_DVT_OR_PE_ANY_PRIOR_THROMBOEMBOLISM,تاريخ الإصابة بجلطة وريدية عميقة أو انسداد رئوي (أي جلطة سابقة),FALSE,FALSE
en,LUPUS_ANTICOAGULANT,Lupus anticoagulant,FALSE,FALSE
arb,LUPUS_ANTICOAGULANT,مضاد التخثر الذئبي,FALSE,FALSE
en,ELEVATED_SERUM_HOMOCYSTEINE,Elevated serum homocysteine,FALSE,FALSE
arb,ELEVATED_SERUM_HOMOCYSTEINE,ارتفاع مستوى الهوموسيستين في الدم,FALSE,FALSE
en,AGE_41_60_YEARS,Age 41-60 years,FALSE,FALSE
arb,AGE_41_60_YEARS,العمر 41–60 سنة,FALSE,FALSE
en,AGE_MORE_THAN_75_YEARS,Age more than 75 years,FALSE,FALSE
arb,AGE_MORE_THAN_75_YEARS,العمر أكثر من 75 سنة,FALSE,FALSE
en,HIP_PELVIS_OR_LEG_FRACTURE,"Hip, pelvis, or leg fracture",FALSE,FALSE
arb,HIP_PELVIS_OR_LEG_FRACTURE,كسر الورك أو الحوض أو الساق,FALSE,FALSE
en,ELECTIVE_MAJOR_LOWER_LIMB_ORTHOPEDIC_SURGERY,Elective major lower limb orthopedic surgery,FALSE,FALSE
arb,ELECTIVE_MAJOR_LOWER_LIMB_ORTHOPEDIC_SURGERY,جراحة عظام كبرى اختيارية للطرف السفلي,FALSE,FALSE
en,STROKE_LESS_THAN_1_MONTH_WITH_IMMOBILITY,Stroke (< 1 month) with immobility,FALSE,FALSE
arb,STROKE_LESS_THAN_1_MONTH_WITH_IMMOBILITY,سكتة دماغية (أقل من شهر) مع عدم الحركة,FALSE,FALSE
en,ACUTE_SPINAL_CORD_INJURY_LESS_THAN_1_MONTH_WITH_PARESIS_PARALYSIS,Acute spinal cord injury (< 1 month) with paresis/paralysis,FALSE,FALSE
arb,ACUTE_SPINAL_CORD_INJURY_LESS_THAN_1_MONTH_WITH_PARESIS_PARALYSIS,إصابة حادة في الحبل الشوكي (أقل من شهر) مع ضعف/شلل,FALSE,FALSE
en,THERAPEUTIC,Therapeutic,FALSE,FALSE
arb,THERAPEUTIC,علاجي,FALSE,FALSE
en,EXERCISE,Exercise,FALSE,FALSE
arb,EXERCISE,تمارين,FALSE,FALSE
en,ELECTROTHERAPY,Electrotherapy,FALSE,FALSE
arb,ELECTROTHERAPY,العلاج الكهربائي,FALSE,FALSE
en,HYDROTHERAPY,Hydrotherapy,FALSE,FALSE
arb,HYDROTHERAPY,العلاج المائي,FALSE,FALSE
en,TEXTURE_MODIFIED,Texture Modified,FALSE,FALSE
arb,TEXTURE_MODIFIED,معدل القوام,FALSE,FALSE
en,FLUID_RESTRICTION,Fluid Restriction,FALSE,FALSE
arb,FLUID_RESTRICTION,تقييد السوائل,FALSE,FALSE
en,ENTERAL_FEEDING,Enteral Feeding,FALSE,FALSE
arb,ENTERAL_FEEDING,التغذية المعوية,FALSE,FALSE
en,STANDARD,Standard,FALSE,FALSE
arb,STANDARD,قياسي,FALSE,FALSE
en,HIGH_CALORIE,High-Calorie,FALSE,FALSE
arb,HIGH_CALORIE,عالي السعرات,FALSE,FALSE
en,LOW_CALORIE,Low-Calorie,FALSE,FALSE
arb,LOW_CALORIE,منخفض السعرات,FALSE,FALSE
en,HIGH_PROTEIN,High-Protein,FALSE,FALSE
arb,HIGH_PROTEIN,عالي البروتين,FALSE,FALSE
en,LOW_PROTEIN,Low-Protein,FALSE,FALSE
arb,LOW_PROTEIN,منخفض البروتين,FALSE,FALSE
en,HIGH_CARB,High-Carb,FALSE,FALSE
arb,HIGH_CARB,عالي الكربوهيدرات,FALSE,FALSE
en,LOW_CARB,Low-Carb,FALSE,FALSE
arb,LOW_CARB,منخفض الكربوهيدرات,FALSE,FALSE
en,DIEBETIC,Diebetic,FALSE,FALSE
arb,DIEBETIC,خاص بمرضى السكري,FALSE,FALSE
en,CARDIOVASCULAR_DISEASE,Cardiovascular Disease,FALSE,FALSE
arb,CARDIOVASCULAR_DISEASE,أمراض القلب والأوعية الدموية,FALSE,FALSE
en,ADL_RETRAINING,ADL retraining,FALSE,FALSE
arb,ADL_RETRAINING,إعادة تدريب أنشطة الحياة اليومية (ADL),FALSE,FALSE
en,UPPER_LIMB_THERAPY,Upper limb therapy,FALSE,FALSE
arb,UPPER_LIMB_THERAPY,علاج الطرف العلوي,FALSE,FALSE
en,COGNITIVE_EXERCISES,Cognitive exercises,FALSE,FALSE
arb,COGNITIVE_EXERCISES,تمارين معرفية,FALSE,FALSE
en,SENSORY_RE_EDUCATION,Sensory re-education,FALSE,FALSE
arb,SENSORY_RE_EDUCATION,إعادة التأهيل الحسي,FALSE,FALSE
en,SPLINT_FABRICATION,Splint fabrication,FALSE,FALSE
arb,SPLINT_FABRICATION,تصنيع الجبائر,FALSE,FALSE
en,ASSISTIVE_DEVICE_EDUCATION,Assistive device education,FALSE,FALSE
arb,ASSISTIVE_DEVICE_EDUCATION,التدريب على استخدام الأجهزة المساعدة,FALSE,FALSE
en,ENVIRONMENTAL_MODIFICATION,Environmental modification,FALSE,FALSE
arb,ENVIRONMENTAL_MODIFICATION,تعديل البيئة,FALSE,FALSE
en,MILDLY_IMPAIRED,Mildly impaired,FALSE,FALSE
arb,MILDLY_IMPAIRED,ضعف خفيف,FALSE,FALSE
en,SEVERELY_IMPAIRED,Severely impaired,FALSE,FALSE
arb,SEVERELY_IMPAIRED,ضعف شديد,FALSE,FALSE
en,MODERATELY_IMPAIRED,Moderately impaired,FALSE,FALSE
arb,MODERATELY_IMPAIRED,ضعف متوسط,FALSE,FALSE
en,HOARSE,Hoarse,FALSE,FALSE
arb,HOARSE,أجش,FALSE,FALSE
en,BREATHY,Breathy,FALSE,FALSE
arb,BREATHY,هوائي النفس,FALSE,FALSE
en,STRAINED,Strained,FALSE,FALSE
arb,STRAINED,مجهد,FALSE,FALSE
en,MILD_DYFLUENCY,Mild dysfluency,FALSE,FALSE
arb,MILD_DYFLUENCY,اضطراب طلاقة خفيف,FALSE,FALSE
en,STUTTERING,Stuttering,FALSE,FALSE
arb,STUTTERING,تلعثم,FALSE,FALSE
en,AUGMENTATIVE_ALTERNATIVE_AAC,Augmentative/Alternative (AAC),FALSE,FALSE
arb,AUGMENTATIVE_ALTERNATIVE_AAC,التواصل المعزز/البديل (AAC),FALSE,FALSE
en,MURMUR_EVALUATION,Murmur evaluation,FALSE,FALSE
arb,MURMUR_EVALUATION,تقييم النفخة القلبية,FALSE,FALSE
en,VALVULAR_DISEASE_FOLLOW_UP,Valvular disease follow-up,FALSE,FALSE
arb,VALVULAR_DISEASE_FOLLOW_UP,متابعة أمراض صمامات القلب,FALSE,FALSE
en,CARDIOMYOPATHY,Cardiomyopathy,FALSE,FALSE
arb,CARDIOMYOPATHY,اعتلال عضلة القلب,FALSE,FALSE
en,PULMONARY_HYPERTENSION,Pulmonary hypertension,FALSE,FALSE
arb,PULMONARY_HYPERTENSION,ارتفاع ضغط الدم الرئوي,FALSE,FALSE
en,ROUTINE_CHECK,Routine check,FALSE,FALSE
arb,ROUTINE_CHECK,فحص روتيني,FALSE,FALSE
en,TRANSTHORACIC_TTE,Transthoracic (TTE),FALSE,FALSE
arb,TRANSTHORACIC_TTE,إيكو عبر الصدر (TTE),FALSE,FALSE
en,TRANSESOPHAGEAL_TEE,Transesophageal (TEE),FALSE,FALSE
arb,TRANSESOPHAGEAL_TEE,إيكو عبر المريء (TEE),FALSE,FALSE
en,STRESS_ECHO,Stress Echo,FALSE,FALSE
arb,STRESS_ECHO,إيكو إجهادي,FALSE,FALSE
en,CONTRAST_ECHO,Contrast Echo,FALSE,FALSE
arb,CONTRAST_ECHO,إيكو باستخدام مادة التباين,FALSE,FALSE
en,FETAL_ECHO,Fetal Echo,FALSE,FALSE
arb,FETAL_ECHO,إيكو للجنين,FALSE,FALSE
en,NUTRITIONIST,Nutritionist,FALSE,FALSE
arb,NUTRITIONIST,أخصائي التغذية,FALSE,FALSE
en,PHYSIOTHERAPIST,Physiotherapist,FALSE,FALSE
arb,PHYSIOTHERAPIST,أخصائي العلاج الطبيعي,FALSE,FALSE
en,ETHIOPIAN,Ethiopian,FALSE,FALSE
arb,ETHIOPIAN,إثيوبي,FALSE,FALSE
en,CRRT,CRRT,FALSE,FALSE
arb,CRRT,العلاج المستمر بالاستبدال الكلوي,FALSE,FALSE
en,ONE_TIME,One Time,FALSE,FALSE
arb,ONE_TIME,مرة واحدة,FALSE,FALSE
en,0_ALERT_AND_CALM,0 â€” Alert and calm,FALSE,FALSE
arb,0_ALERT_AND_CALM,0 — يقظ وهادئ,FALSE,FALSE
en,1_DROWSY,-1 â€” Drowsy,FALSE,FALSE
arb,1_DROWSY,-1 — نعسان,FALSE,FALSE
en,3_VERY_AGITATED,+3 â€” Very agitated,FALSE,FALSE
arb,3_VERY_AGITATED,+3 — هائج جدًا,FALSE,FALSE
en,2_AGITATED,+2 â€” Agitated,FALSE,FALSE
arb,2_AGITATED,+2 — هائج,FALSE,FALSE
en,1_RESTLESS,+1 â€” Restless,FALSE,FALSE
arb,1_RESTLESS,+1 — مضطرب,FALSE,FALSE
en,SIMV,SIMV,FALSE,FALSE
arb,SIMV,التهوية الإلزامية المتزامنة المتقطعة,FALSE,FALSE
en,2_LIGHT_SEDATION,-2 â€” Light sedation,FALSE,FALSE
arb,2_LIGHT_SEDATION,-2 — تخدير خفيف,FALSE,FALSE
en,AKI,AKI,FALSE,FALSE
arb,AKI,إصابة الكلى الحادة,FALSE,FALSE
en,PICC,PICC,FALSE,FALSE
arb,PICC,قسطرة مركزية مُدخلة طرفيًا,FALSE,FALSE
en,ETT,ETT,FALSE,FALSE
arb,ETT,أنبوب رغامي,FALSE,FALSE
en,3_MODERATE_SEDATION,-3 â€” Moderate sedation,FALSE,FALSE
arb,3_MODERATE_SEDATION,-3 — تخدير متوسط,FALSE,FALSE
en,4_DEEP_SEDATION,-4 â€” Deep sedation,FALSE,FALSE
arb,4_DEEP_SEDATION,-4 — تخدير عميق,FALSE,FALSE
en,5_UNAROUSABLE,-5 â€” Unarousable,FALSE,FALSE
arb,5_UNAROUSABLE,-5 — غير قابل للإيقاظ,FALSE,FALSE
en,PRVC,PRVC,FALSE,FALSE
arb,PRVC,التهوية بالتحكم الحجمي المنظم بالضغط,FALSE,FALSE
en,AC,AC,FALSE,FALSE
arb,AC,التحكم المساعد,FALSE,FALSE
en,CPAP,CPAP,FALSE,FALSE
arb,CPAP,ضغط مجرى الهواء الإيجابي المستمر,FALSE,FALSE
en,DROPLET,Droplet,FALSE,FALSE
arb,DROPLET,رذاذي,FALSE,FALSE
en,AIRBORNE,Airborne,FALSE,FALSE
arb,AIRBORNE,محمول جوًا,FALSE,FALSE
en,NEUTROPENIC,Neutropenic,FALSE,FALSE
arb,NEUTROPENIC,نقص العدلات,FALSE,FALSE
en,RESPIRATORY_FAILURE,Respiratory Failure,FALSE,FALSE
arb,RESPIRATORY_FAILURE,فشل تنفسي,FALSE,FALSE
en,SHOCK,Shock,FALSE,FALSE
arb,SHOCK,صدمة,FALSE,FALSE
en,DELIRIUM,Delirium,FALSE,FALSE
arb,DELIRIUM,هذيان,FALSE,FALSE
en,NUTRITION_DEFICIT,"Nutrition Deficit,",FALSE,FALSE
arb,NUTRITION_DEFICIT,نقص التغذية,FALSE,FALSE
en,COAGULOPATHY,Coagulopathy,FALSE,FALSE
arb,COAGULOPATHY,اعتلال التخثر,FALSE,FALSE
en,SEVER_PAIN,Sever Pain,FALSE,FALSE
arb,SEVER_PAIN,ألم شديد,FALSE,FALSE
en,CENTRAL_LINE,Central Line,FALSE,FALSE
arb,CENTRAL_LINE,خط وريدي مركزي,FALSE,FALSE
en,ARTERIAL_LINE,Arterial Line,FALSE,FALSE
arb,ARTERIAL_LINE,خط شرياني,FALSE,FALSE
en,FOLEY,Foley,FALSE,FALSE
arb,FOLEY,قسطرة فولي,FALSE,FALSE
en,CHEST_TUBE,Chest Tube,FALSE,FALSE
arb,CHEST_TUBE,أنبوب الصدر,FALSE,FALSE
en,EVD,EVD,FALSE,FALSE
arb,EVD,التصريف البطيني الخارجي,FALSE,FALSE
en,TRACHEOSTOMY,Tracheostomy,FALSE,FALSE
arb,TRACHEOSTOMY,فغر الرغامى,FALSE,FALSE
en,R_IJ,R IJ,FALSE,FALSE
arb,R_IJ,الوريد الوداجي الداخلي الأيمن,FALSE,FALSE
en,L_SUBCLAVIAN,L subclavian,FALSE,FALSE
arb,L_SUBCLAVIAN,الوريد تحت الترقوة الأيسر,FALSE,FALSE
en,R_FEMORAL,R femoral,FALSE,FALSE
arb,R_FEMORAL,الوريد الفخذي الأيمن,FALSE,FALSE
en,URETHRAL,Urethral,FALSE,FALSE
arb,URETHRAL,إحليلي,FALSE,FALSE
en,R_PLEURAL_SPACE,R pleural space,FALSE,FALSE
arb,R_PLEURAL_SPACE,الحيز الجنبي الأيمن,FALSE,FALSE
en,4_COMBATIVE,+4 â€” Combative,FALSE,FALSE
arb,4_COMBATIVE,+4 — عدواني ومقاوم,FALSE,FALSE
en,CYTOPATHOLOGY,Cytopathology,FALSE,FALSE
arb,CYTOPATHOLOGY,علم الأمراض الخلوي,FALSE,FALSE
en,HISTOPATHOLOGY,Histopathology,FALSE,FALSE
arb,HISTOPATHOLOGY,علم الأمراض النسيجي,FALSE,FALSE
en,GLOMERULAR_FILTRATION,Glomerular Filtration,FALSE,FALSE
arb,GLOMERULAR_FILTRATION,الترشيح الكبيبي,FALSE,FALSE
en,CALL_CLOSED,Call Closed,FALSE,FALSE
arb,CALL_CLOSED,أُغلقت المكالمة,FALSE,FALSE
en,CALL_STARTED,Call Started,FALSE,FALSE
arb,CALL_STARTED,بدأت المكالمة,FALSE,FALSE
en,TUBULAR_SECRETION,Tubular Secretion,FALSE,FALSE
arb,TUBULAR_SECRETION,الإفراز الأنبوبي,FALSE,FALSE
en,TUBULAR_REABSORPTION,Tubular Reabsorption,FALSE,FALSE
arb,TUBULAR_REABSORPTION,إعادة الامتصاص الأنبوبي,FALSE,FALSE
en,HEPATIC_METABOLISM,Hepatic metabolism,FALSE,FALSE
arb,HEPATIC_METABOLISM,الاستقلاب الكبدي,FALSE,FALSE
en,BILIARY_EXCRETION,Biliary excretion,FALSE,FALSE
arb,BILIARY_EXCRETION,الإطراح الصفراوي,FALSE,FALSE
en,ENTEROHEPATIC_CIRCULATION,Enterohepatic circulation,FALSE,FALSE
arb,ENTEROHEPATIC_CIRCULATION,الدوران المعوي الكبدي,FALSE,FALSE
en,BREAST_MILK,Breast milk,FALSE,FALSE
arb,BREAST_MILK,حليب الثدي,FALSE,FALSE
en,SWEAT_AND_SALIVA,Sweat and saliva,FALSE,FALSE
arb,SWEAT_AND_SALIVA,العرق واللعاب,FALSE,FALSE
en,TEARS,Tears,FALSE,FALSE
arb,TEARS,الدموع,FALSE,FALSE
en,SESSION,Session,FALSE,FALSE
arb,SESSION,جلسة,FALSE,FALSE
en,PROCEDURE_SERVICE,Procedure Service,FALSE,FALSE
arb,PROCEDURE_SERVICE,خدمة الإجراء,FALSE,FALSE
en,OUTSOURCED_TEST,Outsourced Test,FALSE,FALSE
arb,OUTSOURCED_TEST,فحص خارجي,FALSE,FALSE
en,VERY_HIGH,Very High,FALSE,FALSE
arb,VERY_HIGH,مرتفع جدًا,FALSE,FALSE
en,VERY_LOW,Very Low,FALSE,FALSE
arb,VERY_LOW,منخفض جدًا,FALSE,FALSE
en,BPC,BPC,FALSE,FALSE
arb,BPC,BPC,FALSE,FALSE
en,JEPHARM,JePharm,FALSE,FALSE
arb,JEPHARM,JePharm,FALSE,FALSE
en,MEDICAL_SUPPLIER_SHOP,Medical Supplier Shop,FALSE,FALSE
arb,MEDICAL_SUPPLIER_SHOP,متجر مورّد المستلزمات الطبية,FALSE,FALSE
en,NOT_AVAILABLE_MACHINE,Not Available Machine,FALSE,FALSE
arb,NOT_AVAILABLE_MACHINE,الجهاز غير متوفر,FALSE,FALSE
en,MISSING_REAGENTS,Missing Reagents,FALSE,FALSE
arb,MISSING_REAGENTS,الكواشف مفقودة,FALSE,FALSE
en,LEGAL_REASON,Legal Reason,FALSE,FALSE
arb,LEGAL_REASON,سبب قانوني,FALSE,FALSE
en,SAUDI,Saudi,FALSE,FALSE
arb,SAUDI,سعودي,FALSE,FALSE
en,EMIRATI,Emirati,FALSE,FALSE
arb,EMIRATI,إماراتي,FALSE,FALSE
en,KUWAITI,Kuwaiti,FALSE,FALSE
arb,KUWAITI,كويتي,FALSE,FALSE
en,BAHRAINI,Bahraini,FALSE,FALSE
arb,BAHRAINI,بحريني,FALSE,FALSE
en,QATARI,Qatari,FALSE,FALSE
arb,QATARI,قطري,FALSE,FALSE
en,OMANI,Omani,FALSE,FALSE
arb,OMANI,عُماني,FALSE,FALSE
en,INDIAN,Indian,FALSE,FALSE
arb,INDIAN,هندي,FALSE,FALSE
en,PAKISTANI,Pakistani,FALSE,FALSE
arb,PAKISTANI,باكستاني,FALSE,FALSE
en,BANGLADESHI,Bangladeshi,FALSE,FALSE
arb,BANGLADESHI,بنغلاديشي,FALSE,FALSE
en,NEPALI,Nepali,FALSE,FALSE
arb,NEPALI,نيبالي,FALSE,FALSE
en,SRI_LANKAN,Sri Lankan,FALSE,FALSE
arb,SRI_LANKAN,سريلانكي,FALSE,FALSE
en,INDONESIAN,Indonesian,FALSE,FALSE
arb,INDONESIAN,إندونيسي,FALSE,FALSE
en,FILIPINO,Filipino,FALSE,FALSE
arb,FILIPINO,فلبيني,FALSE,FALSE
en,YEMENI,Yemeni,FALSE,FALSE
arb,YEMENI,يمني,FALSE,FALSE
en,EGYPTIAN,Egyptian,FALSE,FALSE
arb,EGYPTIAN,مصري,FALSE,FALSE
en,SYRIAN,Syrian,FALSE,FALSE
arb,SYRIAN,سوري,FALSE,FALSE
en,JORDANIAN,Jordanian,FALSE,FALSE
arb,JORDANIAN,أردني,FALSE,FALSE
en,PALESTINIAN,Palestinian,FALSE,FALSE
arb,PALESTINIAN,فلسطيني,FALSE,FALSE
en,LEBANESE,Lebanese,FALSE,FALSE
arb,LEBANESE,لبناني,FALSE,FALSE
en,IRAQI,Iraqi,FALSE,FALSE
arb,IRAQI,عراقي,FALSE,FALSE
en,MOROCCAN,Moroccan,FALSE,FALSE
arb,MOROCCAN,مغربي,FALSE,FALSE
en,NIGERIAN,Nigerian,FALSE,FALSE
arb,NIGERIAN,نيجيري,FALSE,FALSE
en,SOMALI,Somali,FALSE,FALSE
arb,SOMALI,صومالي,FALSE,FALSE
en,ERITREAN,Eritrean,FALSE,FALSE
arb,ERITREAN,إريتري,FALSE,FALSE
en,BRITISH,British,FALSE,FALSE
arb,BRITISH,بريطاني,FALSE,FALSE
en,AMERICAN,American,FALSE,FALSE
arb,AMERICAN,أمريكي,FALSE,FALSE
en,GERMAN,German,FALSE,FALSE
arb,GERMAN,ألماني,FALSE,FALSE
en,CANADIAN,Canadian,FALSE,FALSE
arb,CANADIAN,كندي,FALSE,FALSE
en,AUSTRALIAN,Australian,FALSE,FALSE
arb,AUSTRALIAN,أسترالي,FALSE,FALSE
en,CHINESE,Chinese,FALSE,FALSE
arb,CHINESE,صيني,FALSE,FALSE
en,SOUTH_KOREAN,South Korean,FALSE,FALSE
arb,SOUTH_KOREAN,كوري جنوبي,FALSE,FALSE
en,SOLUTION_FOR_INJECTION,Solution for injection,FALSE,FALSE
arb,SOLUTION_FOR_INJECTION,محلول للحقن,FALSE,FALSE
en,CAPILLARY_BLOOD,capillary blood,FALSE,FALSE
arb,CAPILLARY_BLOOD,دم شعيري,FALSE,FALSE
en,BENGALI,Bengali,FALSE,FALSE
arb,BENGALI,البنغالية,FALSE,FALSE
en,CZECH,Czech,FALSE,FALSE
arb,CZECH,التشيكية,FALSE,FALSE
en,DANISH,Danish,FALSE,FALSE
arb,DANISH,الدنماركية,FALSE,FALSE
en,GREEK,Greek,FALSE,FALSE
arb,GREEK,اليونانية,FALSE,FALSE
en,FINNISH,Finnish,FALSE,FALSE
arb,FINNISH,الفنلندية,FALSE,FALSE
en,FRYSIAN,Frysian,FALSE,FALSE
arb,FRYSIAN,الفريزية,FALSE,FALSE
en,HINDI,Hindi,FALSE,FALSE
arb,HINDI,الهندية,FALSE,FALSE
en,CROATIAN,Croatian,FALSE,FALSE
arb,CROATIAN,الكرواتية,FALSE,FALSE
en,ITALIAN,Italian,FALSE,FALSE
arb,ITALIAN,الإيطالية,FALSE,FALSE
en,JAPANESE,Japanese,FALSE,FALSE
arb,JAPANESE,اليابانية,FALSE,FALSE
en,KOREAN,Korean,FALSE,FALSE
arb,KOREAN,الكورية,FALSE,FALSE
en,DUTCH,Dutch,FALSE,FALSE
arb,DUTCH,الهولندية,FALSE,FALSE
en,NORWEGIAN,Norwegian,FALSE,FALSE
arb,NORWEGIAN,النرويجية,FALSE,FALSE
en,PUNJABI,Punjabi,FALSE,FALSE
arb,PUNJABI,البنجابية,FALSE,FALSE
en,SERBIAN,Serbian,FALSE,FALSE
arb,SERBIAN,الصربية,FALSE,FALSE
en,SWEDISH,Swedish,FALSE,FALSE
arb,SWEDISH,السويدية,FALSE,FALSE
en,TELEGU,Telegu,FALSE,FALSE
arb,TELEGU,التيلوغوية,FALSE,FALSE
en,TESTTTTTTTTT,testtttttttt,FALSE,FALSE
arb,TESTTTTTTTTT,testtttttttt,FALSE,FALSE
en,DARK_YELLOW,Dark Yellow,FALSE,FALSE
arb,DARK_YELLOW,أصفر داكن,FALSE,FALSE
en,PALE_YELLOW,Pale Yellow,FALSE,FALSE
arb,PALE_YELLOW,أصفر شاحب,FALSE,FALSE
en,AMBER_YELLOW,Amber Yellow,FALSE,FALSE
arb,AMBER_YELLOW,أصفر كهرماني,FALSE,FALSE
en,BACHELORS_DEGREE,Bachelor's Degree,FALSE,FALSE
arb,BACHELORS_DEGREE,درجة البكالوريوس,FALSE,FALSE
